Date,Series,Court,Surface,Round,Best of,Player_1,Player_2,Winner,Rank_1,Rank_2,Pts_1,Pts_2,Odd_1,Odd_2
2005-07-26,International,Outdoor,Clay,1st Round,3,Djokovic N.,Calatrava A.,Djokovic N.,97,163,417,259,1.36,2.87
2005-07-27,International,Outdoor,Clay,2nd Round,3,Ferrero J.C.,Djokovic N.,Ferrero J.C.,28,97,1170,417,1.14,5.0
2005-08-15,Masters,Outdoor,Hard,1st Round,3,Djokovic N.,Gonzalez F.,Gonzalez F.,97,18,440,1385,3.5,1.28
2005-08-30,Grand Slam,Outdoor,Hard,1st Round,5,Djokovic N.,Monfils G.,Djokovic N.,97,43,431,825,2.5,1.5
2005-09-02,Grand Slam,Outdoor,Hard,2nd Round,5,Djokovic N.,Ancic M.,Djokovic N.,97,24,431,1230,3.5,1.28
2005-09-04,Grand Slam,Outdoor,Hard,3rd Round,5,Djokovic N.,Verdasco F.,Verdasco F.,97,48,431,770,2.75,1.39
2005-10-24,International,Indoor,Carpet,1st Round,3,Djokovic N.,Mello R.,Djokovic N.,88,105,468,398,1.39,2.75
2005-10-26,International,Indoor,Carpet,2nd Round,3,Djokovic N.,Rochus O.,Rochus O.,88,24,468,1160,3.0,1.36
2005-11-01,Masters,Indoor,Carpet,2nd Round,3,Puerta M.,Djokovic N.,Djokovic N.,9,85,1834,488,2.2,1.61
2005-11-03,Masters,Indoor,Carpet,3rd Round,3,Djokovic N.,Robredo T.,Robredo T.,85,21,488,1370,2.37,1.53
2006-01-17,Grand Slam,Outdoor,Hard,1st Round,5,Djokovic N.,Goldstein P.,Goldstein P.,76,68,502,567,1.39,2.75
2006-01-30,International,Indoor,Carpet,1st Round,3,Djokovic N.,Vik R.,Djokovic N.,81,59,487,605,1.66,2.1
2006-02-02,International,Indoor,Carpet,2nd Round,3,Djokovic N.,Stepanek R.,Djokovic N.,81,21,487,1400,2.75,1.39
2006-02-03,International,Indoor,Carpet,Quarterfinals,3,Djokovic N.,Bozoljac I.,Djokovic N.,81,215,487,173,1.36,3.0
2006-02-04,International,Indoor,Carpet,Semifinals,3,Djokovic N.,Ljubicic I.,Ljubicic I.,81,5,487,2395,5.0,1.14
2006-02-21,International Gold,Indoor,Hard,1st Round,3,Djokovic N.,Seppi A.,Djokovic N.,72,53,548,710,1.5,2.5
2006-02-23,International Gold,Indoor,Hard,2nd Round,3,Henman T.,Djokovic N.,Djokovic N.,40,72,815,548,1.57,2.25
2006-02-24,International Gold,Indoor,Hard,Quarterfinals,3,Djokovic N.,Stepanek R.,Stepanek R.,72,23,548,1355,2.37,1.53
2006-03-11,Masters,Outdoor,Hard,1st Round,3,Benneteau J.,Djokovic N.,Benneteau J.,88,67,459,591,2.37,1.53
2006-03-24,Masters,Outdoor,Hard,1st Round,3,Djokovic N.,Mathieu P.H.,Djokovic N.,66,37,596,853,2.0,1.72
2006-03-25,Masters,Outdoor,Hard,2nd Round,3,Coria G.,Djokovic N.,Coria G.,7,66,2025,596,2.1,1.66
2006-04-17,Masters,Outdoor,Clay,1st Round,3,Djokovic N.,Federer R.,Federer R.,67,1,606,6810,8.5,1.05
2006-04-24,International Gold,Outdoor,Clay,1st Round,3,Gimeno-Traver D.,Djokovic N.,Gimeno-Traver D.,178,66,225,614,3.25,1.28
2006-05-15,Masters,Outdoor,Clay,1st Round,3,Coria G.,Djokovic N.,Djokovic N.,21,71,1345,577,2.0,1.72
2006-05-17,Masters,Outdoor,Clay,2nd Round,3,Verdasco F.,Djokovic N.,Verdasco F.,34,71,895,577,1.72,2.0
2006-06-01,Grand Slam,Outdoor,Clay,2nd Round,5,Gonzalez F.,Djokovic N.,Djokovic N.,9,63,1780,627,1.22,4.0
2006-06-03,Grand Slam,Outdoor,Clay,3rd Round,5,Djokovic N.,Haas T.,Djokovic N.,63,25,627,1250,1.61,2.2
2006-06-05,Grand Slam,Outdoor,Clay,4th Round,5,Monfils G.,Djokovic N.,Djokovic N.,28,63,1100,627,2.25,1.57
2006-06-18,International,Outdoor,Grass,1st Round,3,Waske A.,Djokovic N.,Djokovic N.,89,40,455,827,2.37,1.53
2006-06-21,International,Outdoor,Grass,2nd Round,3,Djokovic N.,Hernych J.,Hernych J.,40,128,827,333,1.39,2.75
2006-06-27,Grand Slam,Outdoor,Grass,1st Round,5,Goldstein P.,Djokovic N.,Djokovic N.,65,39,611,841,2.75,1.39
2006-06-29,Grand Slam,Outdoor,Grass,2nd Round,5,Robredo T.,Djokovic N.,Djokovic N.,8,39,1920,841,2.0,1.72
2006-06-30,Grand Slam,Outdoor,Grass,3rd Round,5,Djokovic N.,Youzhny M.,Djokovic N.,39,41,841,830,1.44,2.62
2006-07-03,Grand Slam,Outdoor,Grass,4th Round,5,Djokovic N.,Ancic M.,Ancic M.,39,10,841,1885,3.0,1.36
2006-07-17,International,Outdoor,Clay,1st Round,3,Djokovic N.,Pashanski B.,Djokovic N.,36,73,901,537,1.16,4.5
2006-07-20,International,Outdoor,Clay,2nd Round,3,Djokovic N.,Zib T.,Djokovic N.,36,127,901,355,1.1,6.5
2006-07-21,International,Outdoor,Clay,Quarterfinals,3,Djokovic N.,Gicquel M.,Djokovic N.,36,87,901,481,1.11,6.0
2006-07-23,International,Outdoor,Clay,The Final,3,Djokovic N.,Massu N.,Djokovic N.,36,37,901,890,1.61,2.2
2006-07-25,International,Outdoor,Clay,1st Round,3,Djokovic N.,Belic L.,Djokovic N.,28,1543,1071,1,1.03,10.0
2006-07-27,International,Outdoor,Clay,2nd Round,3,Ianni S.,Djokovic N.,Djokovic N.,559,28,43,1071,12.0,1.02
2006-07-29,International,Outdoor,Clay,Quarterfinals,3,Djokovic N.,Vanek J.,Djokovic N.,28,110,1071,389,1.1,6.5
2006-07-29,International,Outdoor,Clay,Semifinals,3,Djokovic N.,Moya C.,Djokovic N.,28,42,1071,830,1.66,2.1
2006-08-15,Masters,Outdoor,Hard,1st Round,3,Djokovic N.,Nieminen J.,Djokovic N.,24,15,1168,1680,1.72,2.0
2006-08-16,Masters,Outdoor,Hard,2nd Round,3,Serra F.,Djokovic N.,Serra F.,52,24,755,1168,3.5,1.28
2006-08-28,Grand Slam,Outdoor,Hard,1st Round,5,Djokovic N.,Young D.,Djokovic N.,23,577,1183,40,1.03,11.0
2006-08-31,Grand Slam,Outdoor,Hard,2nd Round,5,Djokovic N.,Fish M.,Djokovic N.,23,60,1183,651,1.53,2.37
2006-09-03,Grand Slam,Outdoor,Hard,3rd Round,5,Djokovic N.,Hewitt L.,Hewitt L.,23,17,1183,1515,2.1,1.66
2006-10-03,International,Indoor,Hard,1st Round,3,Mahut N.,Djokovic N.,Djokovic N.,67,22,591,1183,3.5,1.25
2006-10-05,International,Indoor,Hard,2nd Round,3,Bracciali D.,Djokovic N.,Djokovic N.,66,22,601,1183,4.33,1.19
2006-10-06,International,Indoor,Hard,Quarterfinals,3,Clemens T.,Djokovic N.,Djokovic N.,265,22,149,1183,7.5,1.07
2006-10-07,International,Indoor,Hard,Semifinals,3,Grosjean S.,Djokovic N.,Djokovic N.,35,22,910,1183,2.5,1.5
2006-10-08,International,Indoor,Hard,The Final,3,Djokovic N.,Melzer J.,Djokovic N.,22,48,1183,755,1.33,3.25
2006-10-11,International Gold,Indoor,Hard,1st Round,3,Djokovic N.,Zib T.,Djokovic N.,16,146,1350,310,1.08,6.5
2006-10-12,International Gold,Indoor,Hard,2nd Round,3,Wawrinka S.,Djokovic N.,Wawrinka S.,44,16,803,1350,3.0,1.36
2006-10-18,Masters,Indoor,Hard,2nd Round,3,Gasquet R.,Djokovic N.,Djokovic N.,27,17,1045,1360,1.57,2.25
2006-10-19,Masters,Indoor,Hard,3rd Round,3,Djokovic N.,Murray A.,Djokovic N.,17,19,1360,1295,2.1,1.66
2006-10-20,Masters,Indoor,Hard,Quarterfinals,3,Gonzalez F.,Djokovic N.,Gonzalez F.,10,17,1965,1360,2.1,1.66
2006-11-01,Masters,Indoor,Carpet,2nd Round,3,Mathieu P.H.,Djokovic N.,Mathieu P.H.,54,16,723,1465,3.39,1.3
2007-01-02,International,Outdoor,Hard,Round Robin,3,Djokovic N.,Hajek J.,Djokovic N.,16,76,1380,509,1.08,6.5
2007-01-03,International,Outdoor,Hard,Round Robin,3,Jones A.,Djokovic N.,Djokovic N.,200,16,194,1380,6.5,1.08
2007-01-05,International,Outdoor,Hard,Quarterfinals,3,Goldstein P.,Djokovic N.,Djokovic N.,70,16,526,1380,4.5,1.16
2007-01-06,International,Outdoor,Hard,Semifinals,3,Djokovic N.,Johansson J.,Djokovic N.,16,193,1380,202,1.57,2.25
2007-01-07,International,Outdoor,Hard,The Final,3,Guccione C.,Djokovic N.,Djokovic N.,153,16,287,1380,4.0,1.22
2007-01-15,Grand Slam,Outdoor,Hard,1st Round,5,Massu N.,Djokovic N.,Djokovic N.,43,15,825,1530,4.0,1.22
2007-01-17,Grand Slam,Outdoor,Hard,2nd Round,5,Lopez F.,Djokovic N.,Djokovic N.,79,15,486,1530,5.0,1.14
2007-01-19,Grand Slam,Outdoor,Hard,3rd Round,5,Udomchoke D.,Djokovic N.,Djokovic N.,102,15,417,1530,8.0,1.06
2007-01-21,Grand Slam,Outdoor,Hard,4th Round,5,Djokovic N.,Federer R.,Federer R.,15,1,1530,8120,9.0,1.05
2007-02-12,International,Indoor,Hard,1st Round,3,Djokovic N.,Youzhny M.,Youzhny M.,14,22,1625,1180,1.5,2.5
2007-02-19,International Gold,Indoor,Hard,1st Round,3,Serra F.,Djokovic N.,Djokovic N.,67,14,540,1625,4.5,1.16
2007-02-21,International Gold,Indoor,Hard,2nd Round,3,Djokovic N.,Pavel A.,Djokovic N.,14,120,1625,374,1.16,4.5
2007-02-23,International Gold,Indoor,Hard,Quarterfinals,3,Djokovic N.,Robredo T.,Djokovic N.,14,7,1625,2555,1.61,2.2
2007-02-24,International Gold,Indoor,Hard,Semifinals,3,Djokovic N.,Youzhny M.,Youzhny M.,14,22,1625,1215,1.66,2.1
2007-02-27,International Gold,Outdoor,Hard,1st Round,3,Djokovic N.,Vliegen K.,Djokovic N.,14,49,1665,720,1.25,3.5
2007-02-28,International Gold,Outdoor,Hard,2nd Round,3,Schuettler R.,Djokovic N.,Djokovic N.,98,14,443,1665,7.0,1.08
2007-03-01,International Gold,Outdoor,Hard,Quarterfinals,3,Djokovic N.,Federer R.,Federer R.,14,1,1665,8120,9.0,1.04
2007-03-12,Masters,Outdoor,Hard,2nd Round,3,Ginepri R.,Djokovic N.,Djokovic N.,43,13,765,1715,3.39,1.3
2007-03-12,Masters,Outdoor,Hard,3rd Round,3,Korolev E.,Djokovic N.,Djokovic N.,71,13,511,1715,3.75,1.25
2007-03-14,Masters,Outdoor,Hard,4th Round,3,Benneteau J.,Djokovic N.,Djokovic N.,46,13,757,1715,4.0,1.22
2007-03-16,Masters,Outdoor,Hard,Quarterfinals,3,Djokovic N.,Ferrer D.,Djokovic N.,13,15,1715,1645,1.44,2.75
2007-03-18,Masters,Outdoor,Hard,Semifinals,3,Murray A.,Djokovic N.,Djokovic N.,14,13,1700,1715,2.1,1.72
2007-03-18,Masters,Outdoor,Hard,The Final,5,Nadal R.,Djokovic N.,Nadal R.,2,13,4480,1715,1.36,3.2
2007-03-23,Masters,Outdoor,Hard,2nd Round,3,Bracciali D.,Djokovic N.,Djokovic N.,82,10,485,2060,6.0,1.11
2007-03-25,Masters,Outdoor,Hard,3rd Round,3,Llodra M.,Djokovic N.,Djokovic N.,76,10,514,2060,6.0,1.11
2007-03-28,Masters,Outdoor,Hard,4th Round,3,Djokovic N.,Lopez F.,Djokovic N.,10,84,2060,481,1.14,5.0
2007-03-29,Masters,Outdoor,Hard,Quarterfinals,3,Djokovic N.,Nadal R.,Djokovic N.,10,2,2060,4755,4.0,1.25
2007-03-30,Masters,Outdoor,Hard,Semifinals,3,Murray A.,Djokovic N.,Djokovic N.,12,10,1905,2060,2.25,1.61
2007-04-01,Masters,Outdoor,Hard,The Final,5,Canas G.,Djokovic N.,Djokovic N.,55,10,652,2060,2.25,1.61
2007-04-18,Masters,Outdoor,Clay,2nd Round,3,Djokovic N.,Gaudio G.,Djokovic N.,7,45,2540,740,1.19,4.33
2007-04-19,Masters,Outdoor,Clay,3rd Round,3,Djokovic N.,Ferrer D.,Ferrer D.,7,16,2540,1615,1.5,2.5
2007-04-30,International,Outdoor,Clay,1st Round,3,Djokovic N.,Andreev I.,Djokovic N.,5,177,2595,230,1.3,3.39
2007-05-02,International,Outdoor,Clay,2nd Round,3,Ventura S.,Djokovic N.,Djokovic N.,232,5,164,2595,7.0,1.08
2007-05-04,International,Outdoor,Clay,Quarterfinals,3,Djokovic N.,Garcia-Lopez G.,Djokovic N.,5,62,2595,609,1.14,5.0
2007-05-05,International,Outdoor,Clay,Semifinals,3,Robredo T.,Djokovic N.,Djokovic N.,7,5,2445,2595,2.0,1.72
2007-05-06,International,Outdoor,Clay,The Final,3,Djokovic N.,Gasquet R.,Djokovic N.,5,15,2595,1745,1.66,2.2
2007-05-09,Masters,Outdoor,Clay,2nd Round,3,Soderling R.,Djokovic N.,Djokovic N.,27,5,1053,2720,3.5,1.28
2007-05-10,Masters,Outdoor,Clay,3rd Round,3,Djokovic N.,Baghdatis M.,Djokovic N.,5,18,2720,1335,1.28,3.5
2007-05-11,Masters,Outdoor,Clay,Quarterfinals,3,Nadal R.,Djokovic N.,Nadal R.,2,5,4875,2720,1.07,8.0
2007-05-17,Masters,Outdoor,Clay,2nd Round,3,Djokovic N.,Benneteau J.,Djokovic N.,6,38,2735,822,1.07,7.5
2007-05-17,Masters,Outdoor,Clay,3rd Round,3,Nieminen J.,Djokovic N.,Djokovic N.,23,6,1170,2735,4.33,1.2
2007-05-18,Masters,Outdoor,Clay,Quarterfinals,3,Moya C.,Djokovic N.,Moya C.,36,6,860,2735,3.4,1.33
2007-05-30,Grand Slam,Outdoor,Clay,1st Round,5,Giraldo S.,Djokovic N.,Djokovic N.,123,6,341,2810,11.0,1.03
2007-05-31,Grand Slam,Outdoor,Clay,2nd Round,5,Djokovic N.,Recouderc L.,Djokovic N.,6,306,2810,115,1.01,13.0
2007-06-02,Grand Slam,Outdoor,Clay,3rd Round,5,Patience O.,Djokovic N.,Djokovic N.,129,6,337,2810,9.0,1.05
2007-06-04,Grand Slam,Outdoor,Clay,4th Round,5,Verdasco F.,Djokovic N.,Djokovic N.,51,6,695,2810,3.0,1.36
2007-06-06,Grand Slam,Outdoor,Clay,Quarterfinals,5,Andreev I.,Djokovic N.,Djokovic N.,125,6,340,2810,2.5,1.53
2007-06-08,Grand Slam,Outdoor,Clay,Semifinals,5,Nadal R.,Djokovic N.,Nadal R.,2,6,5225,2810,1.06,8.5
2007-06-13,International,Outdoor,Grass,2nd Round,3,Kendrick R.,Djokovic N.,Djokovic N.,86,4,481,3010,6.5,1.1
2007-06-15,International,Outdoor,Grass,3rd Round,3,Clement A.,Djokovic N.,Clement A.,43,4,745,3010,5.0,1.14
2007-06-26,Grand Slam,Outdoor,Grass,1st Round,5,Starace P.,Djokovic N.,Djokovic N.,47,5,716,3010,11.0,1.03
2007-06-28,Grand Slam,Outdoor,Grass,2nd Round,5,Djokovic N.,Delic A.,Djokovic N.,5,67,3010,560,1.04,9.0
2007-07-04,Grand Slam,Outdoor,Grass,3rd Round,5,Djokovic N.,Kiefer N.,Djokovic N.,5,1065,3010,6,1.16,4.5
2007-07-05,Grand Slam,Outdoor,Grass,4th Round,5,Hewitt L.,Djokovic N.,Djokovic N.,19,5,1330,3010,1.72,2.1
2007-07-06,Grand Slam,Outdoor,Grass,Quarterfinals,5,Djokovic N.,Baghdatis M.,Djokovic N.,5,16,3010,1570,1.57,2.37
2007-07-23,International,Outdoor,Clay,1st Round,3,Andujar P.,Djokovic N.,Djokovic N.,182,3,223,3245,11.0,1.03
2007-07-25,International,Outdoor,Clay,2nd Round,3,Troicki V.,Djokovic N.,Troicki V.,176,3,230,3245,13.0,1.01
2007-08-07,Masters,Outdoor,Hard,2nd Round,3,Djokovic N.,Kiefer N.,Djokovic N.,4,254,3200,150,1.25,3.75
2007-08-09,Masters,Outdoor,Hard,3rd Round,3,Nalbandian D.,Djokovic N.,Djokovic N.,26,4,1115,3200,3.0,1.36
2007-08-10,Masters,Outdoor,Hard,Quarterfinals,3,Roddick A.,Djokovic N.,Djokovic N.,3,4,3290,3200,2.2,1.66
2007-08-12,Masters,Outdoor,Hard,Semifinals,3,Djokovic N.,Nadal R.,Djokovic N.,4,2,3200,5455,2.2,1.66
2007-08-13,Masters,Outdoor,Hard,The Final,3,Federer R.,Djokovic N.,Djokovic N.,1,4,7290,3200,1.22,4.33
2007-08-15,Masters,Outdoor,Hard,2nd Round,3,Djokovic N.,Moya C.,Moya C.,3,19,3700,1325,1.16,4.5
2007-08-28,Grand Slam,Outdoor,Hard,1st Round,5,Haase R.,Djokovic N.,Djokovic N.,95,3,437,3670,12.0,1.02
2007-08-31,Grand Slam,Outdoor,Hard,2nd Round,5,Stepanek R.,Djokovic N.,Djokovic N.,35,3,850,3670,7.0,1.08
2007-09-02,Grand Slam,Outdoor,Hard,3rd Round,5,Del Potro J.M.,Djokovic N.,Djokovic N.,57,3,595,3670,4.5,1.16
2007-09-04,Grand Slam,Outdoor,Hard,4th Round,5,Djokovic N.,Monaco J.,Djokovic N.,3,23,3670,1175,1.08,7.0
2007-09-07,Grand Slam,Outdoor,Hard,Quarterfinals,5,Moya C.,Djokovic N.,Djokovic N.,17,3,1445,3670,4.5,1.19
2007-09-08,Grand Slam,Outdoor,Hard,Semifinals,5,Djokovic N.,Ferrer D.,Djokovic N.,3,15,3670,1565,1.3,3.5
2007-09-09,Grand Slam,Outdoor,Hard,The Final,5,Federer R.,Djokovic N.,Federer R.,1,3,7605,3670,1.2,4.5
2007-10-09,International Gold,Indoor,Hard,1st Round,3,Djokovic N.,Ginepri R.,Djokovic N.,3,70,4145,535,1.08,7.0
2007-10-11,International Gold,Indoor,Hard,2nd Round,3,Djokovic N.,Zib T.,Djokovic N.,3,126,4145,345,1.01,13.0
2007-10-12,International Gold,Indoor,Hard,Quarterfinals,3,Chela J.I.,Djokovic N.,Djokovic N.,16,3,1465,4145,6.0,1.11
2007-10-13,International Gold,Indoor,Hard,Semifinals,3,Seppi A.,Djokovic N.,Djokovic N.,73,3,529,4145,6.0,1.11
2007-10-14,International Gold,Indoor,Hard,The Final,3,Wawrinka S.,Djokovic N.,Djokovic N.,41,3,745,4145,4.33,1.22
2007-10-17,Masters,Indoor,Hard,2nd Round,3,Verdasco F.,Djokovic N.,Djokovic N.,32,3,905,4370,4.33,1.19
2007-10-18,Masters,Indoor,Hard,3rd Round,3,Ferrero J.C.,Djokovic N.,Djokovic N.,23,3,1285,4370,4.5,1.16
2007-10-19,Masters,Indoor,Hard,Quarterfinals,3,Djokovic N.,Ancic M.,Djokovic N.,3,49,4370,675,1.3,3.5
2007-10-20,Masters,Indoor,Hard,Semifinals,3,Nalbandian D.,Djokovic N.,Nalbandian D.,25,3,1160,4370,3.0,1.4
2007-10-31,Masters,Indoor,Carpet,2nd Round,3,Djokovic N.,Santoro F.,Santoro F.,3,39,4470,731,1.06,8.0
2007-11-11,Masters Cup,Indoor,Hard,Round Robin,3,Ferrer D.,Djokovic N.,Ferrer D.,6,3,2250,4470,3.25,1.33
2007-11-13,Masters Cup,Indoor,Hard,Round Robin,3,Gasquet R.,Djokovic N.,Gasquet R.,8,3,1830,4470,2.75,1.4
2007-11-15,Masters Cup,Indoor,Hard,Round Robin,3,Djokovic N.,Nadal R.,Nadal R.,3,2,4470,5535,4.5,1.16
2008-01-15,Grand Slam,Outdoor,Hard,1st Round,5,Djokovic N.,Becker B.,Djokovic N.,3,81,4315,496,1.03,11.0
2008-01-17,Grand Slam,Outdoor,Hard,2nd Round,5,Djokovic N.,Bolelli S.,Djokovic N.,3,70,4315,541,1.005,17.0
2008-01-19,Grand Slam,Outdoor,Hard,3rd Round,5,Djokovic N.,Querrey S.,Djokovic N.,3,62,4315,588,1.03,11.0
2008-01-21,Grand Slam,Outdoor,Hard,4th Round,5,Djokovic N.,Hewitt L.,Djokovic N.,3,22,4315,1385,1.16,4.5
2008-01-23,Grand Slam,Outdoor,Hard,Quarterfinals,5,Ferrer D.,Djokovic N.,Djokovic N.,5,3,2615,4315,3.2,1.36
2008-01-25,Grand Slam,Outdoor,Hard,Semifinals,5,Djokovic N.,Federer R.,Djokovic N.,3,1,4315,7180,3.4,1.33
2008-01-27,Grand Slam,Outdoor,Hard,The Final,5,Tsonga J.W.,Djokovic N.,Djokovic N.,38,3,789,4315,3.4,1.33
2008-02-13,International,Indoor,Hard,1st Round,3,Djokovic N.,Dodig I.,Djokovic N.,3,296,5165,125,1.02,12.0
2008-02-14,International,Indoor,Hard,2nd Round,3,Simon G.,Djokovic N.,Simon G.,30,3,1025,5165,4.5,1.16
2008-03-04,International Gold,Outdoor,Hard,1st Round,3,Djokovic N.,Cilic M.,Djokovic N.,3,45,5010,752,1.14,5.0
2008-03-05,International Gold,Outdoor,Hard,2nd Round,3,Djokovic N.,Santoro F.,Djokovic N.,3,47,5010,705,1.1,6.5
2008-03-06,International Gold,Outdoor,Hard,Quarterfinals,3,Andreev I.,Djokovic N.,Djokovic N.,34,3,945,5010,5.5,1.12
2008-03-07,International Gold,Outdoor,Hard,Semifinals,3,Djokovic N.,Roddick A.,Roddick A.,3,6,5010,2140,1.38,2.87
2008-03-15,Masters,Outdoor,Hard,2nd Round,3,Djokovic N.,Seppi A.,Djokovic N.,3,40,5130,794,1.07,7.5
2008-03-18,Masters,Outdoor,Hard,3rd Round,3,Kohlschreiber P.,Djokovic N.,Djokovic N.,27,3,1155,5130,5.0,1.14
2008-03-19,Masters,Outdoor,Hard,4th Round,3,Djokovic N.,Canas G.,Djokovic N.,3,16,5130,1468,1.14,5.0
2008-03-20,Masters,Outdoor,Hard,Quarterfinals,3,Djokovic N.,Wawrinka S.,Djokovic N.,3,35,5130,955,1.1,7.0
2008-03-22,Masters,Outdoor,Hard,Semifinals,3,Nadal R.,Djokovic N.,Djokovic N.,2,3,5980,5130,2.37,1.57
2008-03-23,Masters,Outdoor,Hard,The Final,3,Fish M.,Djokovic N.,Djokovic N.,98,3,445,5130,4.5,1.19
2008-03-28,Masters,Outdoor,Hard,2nd Round,3,Djokovic N.,Anderson K.,Anderson K.,3,122,5280,370,1.05,9.0
2008-04-22,Masters,Outdoor,Clay,2nd Round,3,Ljubicic I.,Djokovic N.,Djokovic N.,29,3,1070,4725,5.5,1.12
2008-04-24,Masters,Outdoor,Clay,3rd Round,3,Murray A.,Djokovic N.,Djokovic N.,20,3,1330,4725,3.25,1.33
2008-04-25,Masters,Outdoor,Clay,Quarterfinals,3,Djokovic N.,Querrey S.,Djokovic N.,3,50,4725,710,1.05,10.0
2008-05-07,Masters,Outdoor,Clay,2nd Round,3,Darcis S.,Djokovic N.,Djokovic N.,49,3,713,4935,7.5,1.07
2008-05-08,Masters,Outdoor,Clay,3rd Round,3,Djokovic N.,Andreev I.,Djokovic N.,3,26,4935,1155,1.14,5.0
2008-05-11,Masters,Outdoor,Clay,The Final,3,Djokovic N.,Wawrinka S.,Djokovic N.,3,24,4935,1090,1.25,4.0
2008-05-14,Masters,Outdoor,Clay,2nd Round,3,Chela J.I.,Djokovic N.,Djokovic N.,39,3,805,5125,5.5,1.12
2008-05-15,Masters,Outdoor,Clay,3rd Round,3,Karlovic I.,Djokovic N.,Djokovic N.,24,3,1265,5125,6.5,1.1
2008-05-16,Masters,Outdoor,Clay,Quarterfinals,3,Montanes A.,Djokovic N.,Djokovic N.,78,3,511,5125,8.0,1.07
2008-05-17,Masters,Outdoor,Clay,Semifinals,3,Djokovic N.,Nadal R.,Nadal R.,3,2,5125,5435,2.87,1.4
2008-05-25,Grand Slam,Outdoor,Clay,1st Round,5,Djokovic N.,Gremelmayr D.,Djokovic N.,3,64,5225,578,1.01,13.0
2008-05-28,Grand Slam,Outdoor,Clay,2nd Round,5,Djokovic N.,Lopez-Jaen M.A.,Djokovic N.,3,264,5225,140,1.01,15.0
2008-05-30,Grand Slam,Outdoor,Clay,3rd Round,5,Odesnik W.,Djokovic N.,Djokovic N.,106,3,433,5225,15.0,1.01
2008-06-01,Grand Slam,Outdoor,Clay,4th Round,5,Djokovic N.,Mathieu P.H.,Djokovic N.,3,19,5225,1270,1.07,7.5
2008-06-03,Grand Slam,Outdoor,Clay,Quarterfinals,5,Gulbis E.,Djokovic N.,Djokovic N.,80,3,512,5225,8.0,1.07
2008-06-06,Grand Slam,Outdoor,Clay,Semifinals,5,Djokovic N.,Nadal R.,Nadal R.,3,2,5225,5585,4.5,1.2
2008-06-11,International,Outdoor,Grass,2nd Round,3,Karanusic R.,Djokovic N.,Djokovic N.,112,3,417,5225,11.0,1.03
2008-06-12,International,Outdoor,Grass,3rd Round,3,Tipsarevic J.,Djokovic N.,Djokovic N.,39,3,888,5225,6.0,1.11
2008-06-13,International,Outdoor,Grass,Quarterfinals,3,Hewitt L.,Djokovic N.,Djokovic N.,30,3,1010,5225,2.87,1.38
2008-06-14,International,Outdoor,Grass,Semifinals,3,Djokovic N.,Nalbandian D.,Djokovic N.,3,8,5225,2000,1.28,3.5
2008-06-15,International,Outdoor,Grass,The Final,3,Djokovic N.,Nadal R.,Nadal R.,3,2,5225,5585,1.7,2.15
2008-06-23,Grand Slam,Outdoor,Grass,1st Round,5,Berrer M.,Djokovic N.,Djokovic N.,91,3,478,5360,15.0,1.01
2008-06-25,Grand Slam,Outdoor,Grass,2nd Round,5,Safin M.,Djokovic N.,Safin M.,75,3,530,5360,9.0,1.05
2008-07-23,Masters,Outdoor,Hard,2nd Round,3,Dancevic F.,Djokovic N.,Djokovic N.,82,3,519,4945,7.5,1.07
2008-07-24,Masters,Outdoor,Hard,3rd Round,3,Djokovic N.,Soderling R.,Djokovic N.,3,49,4945,815,1.11,6.0
2008-07-26,Masters,Outdoor,Hard,Quarterfinals,3,Murray A.,Djokovic N.,Murray A.,9,3,1730,4945,6.0,1.12
2008-07-30,Masters,Outdoor,Hard,2nd Round,3,Bolelli S.,Djokovic N.,Djokovic N.,50,3,815,5055,7.5,1.07
2008-07-31,Masters,Outdoor,Hard,3rd Round,3,Seppi A.,Djokovic N.,Djokovic N.,39,3,895,5055,6.5,1.1
2008-08-01,Masters,Outdoor,Hard,Quarterfinals,3,Gulbis E.,Djokovic N.,Djokovic N.,53,3,782,5055,4.5,1.2
2008-08-03,Masters,Outdoor,Hard,Semifinals,3,Djokovic N.,Nadal R.,Djokovic N.,3,2,5055,6305,2.75,1.44
2008-08-03,Masters,Outdoor,Hard,The Final,3,Djokovic N.,Murray A.,Murray A.,3,9,5055,1835,1.33,3.4
2008-08-27,Grand Slam,Outdoor,Hard,1st Round,5,Djokovic N.,Clement A.,Djokovic N.,3,78,5105,555,1.01,13.0
2008-08-29,Grand Slam,Outdoor,Hard,2nd Round,5,Kendrick R.,Djokovic N.,Djokovic N.,113,3,433,5105,13.0,1.01
2008-09-01,Grand Slam,Outdoor,Hard,3rd Round,5,Djokovic N.,Cilic M.,Djokovic N.,3,24,5105,1145,1.12,5.5
2008-09-02,Grand Slam,Outdoor,Hard,4th Round,5,Robredo T.,Djokovic N.,Djokovic N.,15,3,1360,5105,7.5,1.07
2008-09-05,Grand Slam,Outdoor,Hard,Quarterfinals,5,Djokovic N.,Roddick A.,Djokovic N.,3,8,5105,1845,1.61,2.25
2008-09-06,Grand Slam,Outdoor,Hard,Semifinals,5,Djokovic N.,Federer R.,Federer R.,3,2,5105,5930,2.1,1.72
2008-09-25,International,Indoor,Hard,2nd Round,3,Stadler S.,Djokovic N.,Djokovic N.,141,3,317,4855,12.0,1.02
2008-09-26,International,Indoor,Hard,Quarterfinals,3,Djokovic N.,Soderling R.,Djokovic N.,3,34,4855,965,1.2,4.33
2008-09-27,International,Indoor,Hard,Semifinals,3,Djokovic N.,Berdych T.,Djokovic N.,3,27,4855,1065,1.16,4.5
2008-09-28,International,Indoor,Hard,The Final,3,Djokovic N.,Tsonga J.W.,Tsonga J.W.,3,20,4855,1250,1.28,3.75
2008-10-16,Masters,Indoor,Hard,3rd Round,3,Djokovic N.,Karlovic I.,Karlovic I.,3,21,4725,1215,1.22,4.0
2008-10-30,Masters,Indoor,Carpet,3rd Round,3,Tsonga J.W.,Djokovic N.,Tsonga J.W.,14,3,1485,4575,3.25,1.33
2008-11-09,Masters Cup,Indoor,Hard,Round Robin,3,Del Potro J.M.,Djokovic N.,Djokovic N.,8,3,1845,4645,2.75,1.4
2008-11-11,Masters Cup,Indoor,Hard,Round Robin,3,Djokovic N.,Davydenko N.,Djokovic N.,3,5,4645,2315,1.44,2.75
2008-11-13,Masters Cup,Indoor,Hard,Round Robin,3,Djokovic N.,Tsonga J.W.,Tsonga J.W.,3,7,4645,1950,1.44,2.62
2008-11-15,Masters Cup,Indoor,Hard,Semifinals,3,Simon G.,Djokovic N.,Djokovic N.,9,3,1780,4645,3.0,1.38
2008-11-16,Masters Cup,Indoor,Hard,The Final,3,Davydenko N.,Djokovic N.,Djokovic N.,5,3,2315,4645,1.8,2.0
2009-01-06,ATP250,Outdoor,Hard,1st Round,3,Djokovic N.,Gulbis E.,Gulbis E.,3,53,10590,1408,1.16,4.5
2009-01-14,ATP250,Outdoor,Hard,2nd Round,3,Mathieu P.H.,Djokovic N.,Djokovic N.,29,3,2000,10590,4.33,1.2
2009-01-15,ATP250,Outdoor,Hard,Quarterfinals,3,Djokovic N.,Ancic M.,Djokovic N.,3,35,10590,1800,1.2,4.33
2009-01-16,ATP250,Outdoor,Hard,Semifinals,3,Nieminen J.,Djokovic N.,Nieminen J.,40,3,1600,10590,6.0,1.11
2009-01-21,Grand Slam,Outdoor,Hard,2nd Round,5,Djokovic N.,Chardy J.,Djokovic N.,3,68,10650,1163,1.03,11.0
2009-01-23,Grand Slam,Outdoor,Hard,3rd Round,5,Djokovic N.,Delic A.,Djokovic N.,3,127,10650,728,1.01,13.0
2009-01-25,Grand Slam,Outdoor,Hard,4th Round,5,Baghdatis M.,Djokovic N.,Djokovic N.,97,3,950,10650,3.75,1.25
2009-02-18,ATP250,Indoor,Hard,1st Round,3,Djokovic N.,Chardy J.,Djokovic N.,3,55,9010,1268,1.12,5.5
2009-02-19,ATP250,Indoor,Hard,2nd Round,3,Hernych J.,Djokovic N.,Djokovic N.,68,3,1132,9010,11.0,1.03
2009-02-20,ATP250,Indoor,Hard,Quarterfinals,3,Zverev M.,Djokovic N.,Djokovic N.,76,3,1085,9010,9.0,1.05
2009-02-21,ATP250,Indoor,Hard,Semifinals,3,Djokovic N.,Tsonga J.W.,Tsonga J.W.,3,12,9010,3200,1.61,2.2
2009-02-24,ATP500,Outdoor,Hard,1st Round,3,Djokovic N.,Cipolla F.,Djokovic N.,3,125,9010,726,1.02,12.0
2009-02-25,ATP500,Outdoor,Hard,2nd Round,3,Hernych J.,Djokovic N.,Djokovic N.,66,3,1132,9010,11.0,1.03
2009-02-26,ATP500,Outdoor,Hard,Quarterfinals,3,Djokovic N.,Cilic M.,Djokovic N.,3,19,9010,2500,1.38,2.75
2009-02-27,ATP500,Outdoor,Hard,Semifinals,3,Simon G.,Djokovic N.,Djokovic N.,8,3,3945,9010,2.62,1.44
2009-02-28,ATP500,Outdoor,Hard,The Final,3,Ferrer D.,Djokovic N.,Djokovic N.,14,3,2875,9010,2.87,1.4
2009-03-15,Masters 1000,Outdoor,Hard,2nd Round,3,Djokovic N.,Vassallo-Arguello M.,Djokovic N.,3,54,9240,1238,1.01,15.0
2009-03-17,Masters 1000,Outdoor,Hard,3rd Round,3,Djokovic N.,Haas T.,Djokovic N.,3,64,9240,1105,1.1,6.5
2009-03-18,Masters 1000,Outdoor,Hard,4th Round,3,Wawrinka S.,Djokovic N.,Djokovic N.,16,3,2660,9240,6.5,1.1
2009-03-20,Masters 1000,Outdoor,Hard,Quarterfinals,3,Djokovic N.,Roddick A.,Roddick A.,3,7,9240,4060,1.57,2.37
2009-03-27,Masters 1000,Outdoor,Hard,2nd Round,3,Dancevic F.,Djokovic N.,Djokovic N.,117,3,736,8420,8.0,1.06
2009-03-30,Masters 1000,Outdoor,Hard,3rd Round,3,Djokovic N.,Mathieu P.H.,Djokovic N.,3,33,8420,1630,1.1,6.0
2009-03-31,Masters 1000,Outdoor,Hard,4th Round,3,Berdych T.,Djokovic N.,Djokovic N.,22,3,2230,8420,4.33,1.2
2009-04-01,Masters 1000,Outdoor,Hard,Quarterfinals,3,Djokovic N.,Tsonga J.W.,Djokovic N.,3,11,8420,3195,1.61,2.25
2009-04-03,Masters 1000,Outdoor,Hard,Semifinals,3,Djokovic N.,Federer R.,Djokovic N.,3,2,8420,10910,3.2,1.36
2009-04-05,Masters 1000,Outdoor,Hard,The Final,3,Murray A.,Djokovic N.,Murray A.,4,3,7850,8420,2.87,1.4
2009-04-14,Masters 1000,Outdoor,Clay,2nd Round,3,Hernandez O.,Djokovic N.,Djokovic N.,65,3,1084,9010,9.0,1.05
2009-04-16,Masters 1000,Outdoor,Clay,3rd Round,3,Montanes A.,Djokovic N.,Djokovic N.,36,3,1549,9010,7.0,1.08
2009-04-17,Masters 1000,Outdoor,Clay,Quarterfinals,3,Djokovic N.,Verdasco F.,Djokovic N.,3,8,9010,3760,1.8,1.9
2009-04-18,Masters 1000,Outdoor,Clay,Semifinals,3,Djokovic N.,Wawrinka S.,Djokovic N.,3,16,9010,2620,1.3,3.5
2009-04-19,Masters 1000,Outdoor,Clay,The Final,3,Nadal R.,Djokovic N.,Nadal R.,1,3,14470,9010,1.07,8.0
2009-04-28,Masters 1000,Outdoor,Clay,2nd Round,3,Montanes A.,Djokovic N.,Djokovic N.,33,3,1609,9160,8.0,1.06
2009-04-30,Masters 1000,Outdoor,Clay,3rd Round,3,Djokovic N.,Robredo T.,Djokovic N.,3,17,9160,2510,1.16,4.5
2009-05-01,Masters 1000,Outdoor,Clay,Quarterfinals,3,Del Potro J.M.,Djokovic N.,Djokovic N.,5,3,4580,9160,4.33,1.22
2009-05-02,Masters 1000,Outdoor,Clay,Semifinals,3,Federer R.,Djokovic N.,Djokovic N.,2,3,10060,9160,2.1,1.72
2009-05-03,Masters 1000,Outdoor,Clay,The Final,3,Djokovic N.,Nadal R.,Nadal R.,3,1,9160,14890,6.5,1.11
2009-05-06,ATP250,Outdoor,Clay,2nd Round,3,Djokovic N.,Tipsarevic J.,Djokovic N.,3,63,9670,1045,1.06,8.0
2009-05-08,ATP250,Outdoor,Clay,Quarterfinals,3,Djokovic N.,Troicki V.,Djokovic N.,3,38,9670,1460,1.06,8.0
2009-05-09,ATP250,Outdoor,Clay,Semifinals,3,Djokovic N.,Seppi A.,Djokovic N.,3,36,9670,1470,1.05,9.0
2009-05-10,ATP250,Outdoor,Clay,The Final,3,Kubot L.,Djokovic N.,Djokovic N.,179,3,423,9670,15.0,1.01
2009-05-13,Masters 1000,Outdoor,Clay,2nd Round,3,Djokovic N.,Hernandez O.,Djokovic N.,4,65,8920,1023,1.03,11.0
2009-05-14,Masters 1000,Outdoor,Clay,3rd Round,3,Seppi A.,Djokovic N.,Djokovic N.,36,4,1490,8920,11.0,1.04
2009-05-15,Masters 1000,Outdoor,Clay,Quarterfinals,3,Ljubicic I.,Djokovic N.,Djokovic N.,54,4,1181,8920,8.0,1.07
2009-05-16,Masters 1000,Outdoor,Clay,Semifinals,3,Nadal R.,Djokovic N.,Nadal R.,1,4,15360,8920,1.11,6.5
2009-05-29,Grand Slam,Outdoor,Clay,2nd Round,5,Djokovic N.,Stakhovsky S.,Djokovic N.,4,110,8830,732,1.005,21.0
2009-05-30,Grand Slam,Outdoor,Clay,3rd Round,5,Djokovic N.,Kohlschreiber P.,Kohlschreiber P.,4,31,8830,1590,1.04,10.0
2009-06-09,ATP250,Outdoor,Grass,1st Round,3,Bolelli S.,Djokovic N.,Djokovic N.,66,4,951,8020,8.0,1.06
2009-06-11,ATP250,Outdoor,Grass,2nd Round,3,Djokovic N.,Serra F.,Djokovic N.,4,56,8020,1056,1.02,12.0
2009-06-12,ATP250,Outdoor,Grass,Quarterfinals,3,Djokovic N.,Melzer J.,Djokovic N.,4,28,8020,1675,1.11,6.0
2009-06-13,ATP250,Outdoor,Grass,Semifinals,3,Djokovic N.,Rochus O.,Djokovic N.,4,136,8020,563,1.05,9.0
2009-06-14,ATP250,Outdoor,Grass,The Final,3,Djokovic N.,Haas T.,Haas T.,4,41,8020,1195,1.33,3.4
2009-06-22,Grand Slam,Outdoor,Grass,1st Round,5,Benneteau J.,Djokovic N.,Djokovic N.,81,4,845,7860,10.0,1.04
2009-06-24,Grand Slam,Outdoor,Grass,2nd Round,5,Greul S.,Djokovic N.,Djokovic N.,106,4,692,7860,15.0,1.01
2009-06-26,Grand Slam,Outdoor,Grass,3rd Round,5,Fish M.,Djokovic N.,Djokovic N.,25,4,1735,7860,3.75,1.25
2009-06-29,Grand Slam,Outdoor,Grass,4th Round,5,Sela D.,Djokovic N.,Djokovic N.,46,4,1162,7860,11.0,1.03
2009-07-01,Grand Slam,Outdoor,Grass,Quarterfinals,5,Djokovic N.,Haas T.,Haas T.,4,34,7860,1405,1.36,3.2
2009-08-11,Masters 1000,Outdoor,Hard,2nd Round,3,Polansky P.,Djokovic N.,Djokovic N.,225,4,256,7380,11.0,1.03
2009-08-13,Masters 1000,Outdoor,Hard,3rd Round,3,Youzhny M.,Djokovic N.,Djokovic N.,65,4,850,7380,5.0,1.14
2009-08-14,Masters 1000,Outdoor,Hard,Quarterfinals,3,Djokovic N.,Roddick A.,Roddick A.,4,5,7380,5530,1.9,1.8
2009-08-19,Masters 1000,Outdoor,Hard,2nd Round,3,Ljubicic I.,Djokovic N.,Djokovic N.,54,4,906,7150,6.0,1.11
2009-08-20,Masters 1000,Outdoor,Hard,3rd Round,3,Chardy J.,Djokovic N.,Djokovic N.,35,4,1222,7150,5.0,1.14
2009-08-21,Masters 1000,Outdoor,Hard,Quarterfinals,3,Djokovic N.,Simon G.,Djokovic N.,4,9,7150,3320,1.28,3.4
2009-08-22,Masters 1000,Outdoor,Hard,Semifinals,3,Nadal R.,Djokovic N.,Djokovic N.,3,4,8665,7150,1.57,2.37
2009-08-23,Masters 1000,Outdoor,Hard,The Final,3,Federer R.,Djokovic N.,Federer R.,1,4,11040,7150,1.44,2.75
2009-09-01,Grand Slam,Outdoor,Hard,1st Round,5,Djokovic N.,Ljubicic I.,Djokovic N.,4,51,7660,976,1.04,10.0
2009-09-03,Grand Slam,Outdoor,Hard,2nd Round,5,Djokovic N.,Ball C.,Djokovic N.,4,155,7660,402,1.01,15.0
2009-09-05,Grand Slam,Outdoor,Hard,3rd Round,5,Witten J.,Djokovic N.,Djokovic N.,276,4,197,7660,15.0,1.01
2009-09-08,Grand Slam,Outdoor,Hard,4th Round,5,Stepanek R.,Djokovic N.,Djokovic N.,16,4,2000,7660,4.5,1.16
2009-09-09,Grand Slam,Outdoor,Hard,Quarterfinals,5,Djokovic N.,Verdasco F.,Djokovic N.,4,10,7660,3220,1.33,3.4
2009-09-13,Grand Slam,Outdoor,Hard,Semifinals,5,Djokovic N.,Federer R.,Federer R.,4,1,7660,12040,4.33,1.22
2009-10-05,ATP500,Outdoor,Hard,1st Round,3,Djokovic N.,Hanescu V.,Djokovic N.,4,27,7330,1286,1.08,7.0
2009-10-07,ATP500,Outdoor,Hard,2nd Round,3,Djokovic N.,Troicki V.,Djokovic N.,4,28,7330,1245,1.12,5.5
2009-10-09,ATP500,Outdoor,Hard,Quarterfinals,3,Djokovic N.,Verdasco F.,Djokovic N.,4,9,7330,3460,1.36,3.0
2009-10-10,ATP500,Outdoor,Hard,Semifinals,3,Soderling R.,Djokovic N.,Djokovic N.,11,4,3020,7330,2.62,1.44
2009-10-11,ATP500,Outdoor,Hard,The Final,3,Cilic M.,Djokovic N.,Djokovic N.,15,4,2195,7330,3.2,1.36
2009-10-14,Masters 1000,Outdoor,Hard,2nd Round,3,Fognini F.,Djokovic N.,Djokovic N.,66,4,720,7740,11.0,1.03
2009-10-15,Masters 1000,Outdoor,Hard,3rd Round,3,Schuettler R.,Djokovic N.,Djokovic N.,99,4,545,7740,12.0,1.02
2009-10-16,Masters 1000,Outdoor,Hard,Quarterfinals,3,Djokovic N.,Simon G.,Djokovic N.,4,10,7740,3285,1.2,4.33
2009-10-17,Masters 1000,Outdoor,Hard,Semifinals,3,Djokovic N.,Davydenko N.,Davydenko N.,4,8,7740,3710,1.36,3.0
2009-11-11,Masters 1000,Indoor,Hard,2nd Round,3,Monaco J.,Djokovic N.,Djokovic N.,30,3,1150,8300,7.0,1.08
2009-11-12,Masters 1000,Indoor,Hard,3rd Round,3,Djokovic N.,Clement A.,Djokovic N.,3,93,8300,552,1.07,7.5
2009-11-13,Masters 1000,Indoor,Hard,Quarterfinals,3,Djokovic N.,Soderling R.,Djokovic N.,3,10,8300,2935,1.33,3.25
2009-11-14,Masters 1000,Indoor,Hard,Semifinals,3,Nadal R.,Djokovic N.,Djokovic N.,2,3,8845,8300,2.0,1.8
2009-11-15,Masters 1000,Indoor,Hard,The Final,3,Monfils G.,Djokovic N.,Djokovic N.,16,3,2055,8300,4.33,1.22
2009-11-23,Masters Cup,Indoor,Hard,Round Robin,3,Davydenko N.,Djokovic N.,Djokovic N.,7,3,3630,7910,3.0,1.4
2009-11-25,Masters Cup,Indoor,Hard,Round Robin,3,Soderling R.,Djokovic N.,Soderling R.,9,3,3010,7910,3.0,1.4
2009-11-27,Masters Cup,Indoor,Hard,Round Robin,3,Djokovic N.,Nadal R.,Djokovic N.,3,2,7910,9205,1.4,2.87
2010-01-19,Grand Slam,Outdoor,Hard,1st Round,5,Gimeno-Traver D.,Djokovic N.,Djokovic N.,74,3,613,8310,15.0,1.01
2010-01-21,Grand Slam,Outdoor,Hard,2nd Round,5,Chiudinelli M.,Djokovic N.,Djokovic N.,58,3,775,8310,12.0,1.02
2010-01-23,Grand Slam,Outdoor,Hard,3rd Round,5,Istomin D.,Djokovic N.,Djokovic N.,103,3,515,8310,15.0,1.01
2010-01-25,Grand Slam,Outdoor,Hard,4th Round,5,Kubot L.,Djokovic N.,Djokovic N.,86,3,573,8310,13.0,1.01
2010-01-27,Grand Slam,Outdoor,Hard,Quarterfinals,5,Tsonga J.W.,Djokovic N.,Tsonga J.W.,10,3,2875,8310,3.0,1.4
2010-02-11,ATP500,Indoor,Hard,2nd Round,3,Djokovic N.,Chiudinelli M.,Djokovic N.,2,54,8310,781,1.05,9.0
2010-02-13,ATP500,Indoor,Hard,Semifinals,3,Djokovic N.,Youzhny M.,Youzhny M.,2,20,8310,1770,1.14,5.0
2010-02-22,ATP500,Outdoor,Hard,1st Round,3,Djokovic N.,Garcia-Lopez G.,Djokovic N.,2,47,8310,894,1.03,11.0
2010-02-24,ATP500,Outdoor,Hard,2nd Round,3,Troicki V.,Djokovic N.,Djokovic N.,35,2,1110,8310,7.0,1.08
2010-02-25,ATP500,Outdoor,Hard,Quarterfinals,3,Djokovic N.,Ljubicic I.,Djokovic N.,2,26,8310,1450,1.14,5.0
2010-02-26,ATP500,Outdoor,Hard,Semifinals,3,Baghdatis M.,Djokovic N.,Djokovic N.,37,2,1100,8310,3.75,1.25
2010-02-28,ATP500,Outdoor,Hard,The Final,3,Djokovic N.,Youzhny M.,Djokovic N.,2,15,8310,1975,1.36,3.25
2010-03-14,Masters 1000,Outdoor,Hard,2nd Round,3,Fish M.,Djokovic N.,Djokovic N.,106,2,490,8310,5.5,1.12
2010-03-15,Masters 1000,Outdoor,Hard,3rd Round,3,Djokovic N.,Kohlschreiber P.,Djokovic N.,2,31,8310,1275,1.2,4.33
2010-03-17,Masters 1000,Outdoor,Hard,4th Round,3,Ljubicic I.,Djokovic N.,Ljubicic I.,26,2,1520,8310,3.5,1.28
2010-03-26,Masters 1000,Outdoor,Hard,2nd Round,3,Djokovic N.,Rochus O.,Rochus O.,2,59,8220,754,1.05,9.0
2010-04-14,Masters 1000,Outdoor,Clay,2nd Round,3,Djokovic N.,Serra F.,Djokovic N.,2,67,7630,710,1.16,4.5
2010-04-15,Masters 1000,Outdoor,Clay,3rd Round,3,Wawrinka S.,Djokovic N.,Djokovic N.,20,2,1780,7630,3.0,1.36
2010-04-16,Masters 1000,Outdoor,Clay,Quarterfinals,3,Djokovic N.,Nalbandian D.,Djokovic N.,2,151,7630,335,1.4,2.75
2010-04-17,Masters 1000,Outdoor,Clay,Semifinals,3,Djokovic N.,Verdasco F.,Verdasco F.,2,12,7630,2725,1.4,3.0
2010-04-27,Masters 1000,Outdoor,Clay,2nd Round,3,Djokovic N.,Chardy J.,Djokovic N.,2,46,7390,920,1.08,7.0
2010-04-29,Masters 1000,Outdoor,Clay,3rd Round,3,Bellucci T.,Djokovic N.,Djokovic N.,28,2,1402,7390,5.0,1.14
2010-04-30,Masters 1000,Outdoor,Clay,Quarterfinals,3,Verdasco F.,Djokovic N.,Verdasco F.,9,2,3555,7390,2.62,1.44
2010-05-06,ATP250,Outdoor,Clay,2nd Round,3,Fognini F.,Djokovic N.,Djokovic N.,80,2,630,6970,11.0,1.03
2010-05-24,Grand Slam,Outdoor,Clay,1st Round,5,Korolev E.,Djokovic N.,Djokovic N.,73,3,655,6405,12.0,1.02
2010-05-28,Grand Slam,Outdoor,Clay,2nd Round,5,Djokovic N.,Nishikori K.,Djokovic N.,3,246,6405,190,1.04,10.0
2010-05-29,Grand Slam,Outdoor,Clay,3rd Round,5,Hanescu V.,Djokovic N.,Djokovic N.,37,3,1160,6405,6.5,1.1
2010-05-31,Grand Slam,Outdoor,Clay,4th Round,5,Djokovic N.,Ginepri R.,Djokovic N.,3,98,6405,538,1.05,9.0
2010-06-02,Grand Slam,Outdoor,Clay,Quarterfinals,5,Melzer J.,Djokovic N.,Melzer J.,27,3,1495,6405,4.5,1.2
2010-06-09,ATP250,Outdoor,Grass,2nd Round,3,Djokovic N.,Lorenzi P.,Djokovic N.,3,96,6675,560,1.03,11.0
2010-06-10,ATP250,Outdoor,Grass,3rd Round,3,Djokovic N.,Malisse X.,Malisse X.,3,74,6675,649,1.16,4.5
2010-06-21,Grand Slam,Outdoor,Grass,1st Round,5,Djokovic N.,Rochus O.,Djokovic N.,3,68,6545,730,1.11,6.0
2010-06-23,Grand Slam,Outdoor,Grass,2nd Round,5,Dent T.,Djokovic N.,Djokovic N.,97,3,551,6545,5.0,1.14
2010-06-25,Grand Slam,Outdoor,Grass,3rd Round,5,Montanes A.,Djokovic N.,Djokovic N.,31,3,1405,6545,11.0,1.03
2010-06-28,Grand Slam,Outdoor,Grass,4th Round,5,Djokovic N.,Hewitt L.,Djokovic N.,3,26,6545,1565,1.8,1.9
2010-06-30,Grand Slam,Outdoor,Grass,Quarterfinals,5,Djokovic N.,Lu Y.H.,Djokovic N.,3,82,6545,626,1.12,6.0
2010-07-02,Grand Slam,Outdoor,Grass,Semifinals,5,Djokovic N.,Berdych T.,Berdych T.,3,13,6545,2825,1.8,2.0
2010-08-11,Masters 1000,Outdoor,Hard,2nd Round,3,Benneteau J.,Djokovic N.,Djokovic N.,33,2,1229,6905,7.0,1.08
2010-08-12,Masters 1000,Outdoor,Hard,3rd Round,3,Djokovic N.,Hanescu V.,Djokovic N.,2,54,6905,870,1.16,4.5
2010-08-14,Masters 1000,Outdoor,Hard,Quarterfinals,3,Chardy J.,Djokovic N.,Djokovic N.,72,2,695,6905,4.33,1.2
2010-08-15,Masters 1000,Outdoor,Hard,Semifinals,3,Djokovic N.,Federer R.,Federer R.,2,3,6905,6795,2.25,1.61
2010-08-18,Masters 1000,Outdoor,Hard,2nd Round,3,Djokovic N.,Troicki V.,Djokovic N.,3,47,7085,945,1.14,5.0
2010-08-19,Masters 1000,Outdoor,Hard,3rd Round,3,Djokovic N.,Nalbandian D.,Djokovic N.,3,37,7085,1145,1.57,2.25
2010-08-20,Masters 1000,Outdoor,Hard,Quarterfinals,3,Roddick A.,Djokovic N.,Roddick A.,13,3,2875,7085,2.5,1.5
2010-08-31,Grand Slam,Outdoor,Hard,1st Round,5,Troicki V.,Djokovic N.,Djokovic N.,47,3,980,6665,7.0,1.08
2010-09-03,Grand Slam,Outdoor,Hard,2nd Round,5,Petzschner P.,Djokovic N.,Djokovic N.,52,3,910,6665,6.5,1.1
2010-09-04,Grand Slam,Outdoor,Hard,3rd Round,5,Blake J.,Djokovic N.,Djokovic N.,108,3,495,6665,6.5,1.1
2010-09-06,Grand Slam,Outdoor,Hard,4th Round,5,Fish M.,Djokovic N.,Djokovic N.,21,3,1751,6665,3.5,1.28
2010-09-08,Grand Slam,Outdoor,Hard,Quarterfinals,5,Djokovic N.,Monfils G.,Djokovic N.,3,19,6665,2070,1.22,4.33
2010-09-11,Grand Slam,Outdoor,Hard,Semifinals,5,Federer R.,Djokovic N.,Djokovic N.,2,3,7215,6665,1.3,3.5
2010-09-12,Grand Slam,Outdoor,Hard,The Final,5,Nadal R.,Djokovic N.,Nadal R.,1,3,10745,6665,1.36,3.25
2010-10-05,ATP500,Outdoor,Hard,1st Round,3,Gong M.X.,Djokovic N.,Djokovic N.,356,2,111,7145,21.0,1.005
2010-10-08,ATP500,Outdoor,Hard,Quarterfinals,3,Djokovic N.,Simon G.,Djokovic N.,2,43,7145,1055,1.2,4.33
2010-10-09,ATP500,Outdoor,Hard,Semifinals,3,Djokovic N.,Isner J.,Djokovic N.,2,22,7145,1715,1.22,4.0
2010-10-10,ATP500,Outdoor,Hard,The Final,3,Djokovic N.,Ferrer D.,Djokovic N.,2,11,7145,3135,1.25,4.0
2010-10-13,Masters 1000,Outdoor,Hard,2nd Round,3,Djokovic N.,Ljubicic I.,Djokovic N.,2,17,7145,2190,1.12,5.5
2010-10-14,Masters 1000,Outdoor,Hard,3rd Round,3,Djokovic N.,Gasquet R.,Djokovic N.,2,31,7145,1305,1.14,5.0
2010-10-15,Masters 1000,Outdoor,Hard,Quarterfinals,3,Garcia-Lopez G.,Djokovic N.,Djokovic N.,35,2,1175,7145,8.0,1.06
2010-10-16,Masters 1000,Outdoor,Hard,Semifinals,3,Djokovic N.,Federer R.,Federer R.,2,3,7145,6735,2.2,1.66
2010-11-02,ATP500,Indoor,Hard,1st Round,3,Djokovic N.,Gulbis E.,Djokovic N.,3,26,7145,1415,1.11,6.0
2010-11-04,ATP500,Indoor,Hard,2nd Round,3,Nieminen J.,Djokovic N.,Djokovic N.,41,3,1070,7145,4.5,1.16
2010-11-05,ATP500,Indoor,Hard,Quarterfinals,3,Haase R.,Djokovic N.,Djokovic N.,66,3,743,7145,7.5,1.07
2010-11-06,ATP500,Indoor,Hard,Semifinals,3,Djokovic N.,Troicki V.,Djokovic N.,3,32,7145,1225,1.2,4.33
2010-11-07,ATP500,Indoor,Hard,The Final,3,Federer R.,Djokovic N.,Federer R.,2,3,7495,7145,1.44,2.75
2010-11-10,Masters 1000,Indoor,Hard,2nd Round,3,Djokovic N.,Monaco J.,Djokovic N.,3,24,6945,1480,1.12,5.5
2010-11-11,Masters 1000,Indoor,Hard,3rd Round,3,Llodra M.,Djokovic N.,Llodra M.,34,3,1215,6945,5.0,1.14
2010-11-22,Masters Cup,Indoor,Hard,Round Robin,3,Djokovic N.,Berdych T.,Djokovic N.,3,6,5635,3755,1.2,4.5
2010-11-24,Masters Cup,Indoor,Hard,Round Robin,3,Djokovic N.,Nadal R.,Nadal R.,3,1,5635,11450,1.9,1.9
2010-11-26,Masters Cup,Indoor,Hard,Round Robin,3,Roddick A.,Djokovic N.,Djokovic N.,8,3,3665,5635,3.0,1.38
2010-11-27,Masters Cup,Indoor,Hard,Semifinals,3,Djokovic N.,Federer R.,Federer R.,3,2,5635,7645,3.0,1.38
2011-01-17,Grand Slam,Outdoor,Hard,1st Round,5,Djokovic N.,Granollers M.,Djokovic N.,3,42,6240,993,1.01,15.0
2011-01-19,Grand Slam,Outdoor,Hard,2nd Round,5,Djokovic N.,Dodig I.,Djokovic N.,3,81,6240,606,1.01,15.0
2011-01-23,Grand Slam,Outdoor,Hard,4th Round,5,Djokovic N.,Almagro N.,Djokovic N.,3,14,6240,2160,1.06,8.0
2011-01-25,Grand Slam,Outdoor,Hard,Quarterfinals,5,Berdych T.,Djokovic N.,Djokovic N.,6,3,3955,6240,3.75,1.28
2011-01-27,Grand Slam,Outdoor,Hard,Semifinals,5,Djokovic N.,Federer R.,Djokovic N.,3,2,6240,9245,2.87,1.4
2011-01-30,Grand Slam,Outdoor,Hard,The Final,5,Djokovic N.,Murray A.,Djokovic N.,3,5,6240,5760,1.61,2.4
2011-02-22,ATP500,Outdoor,Hard,1st Round,3,Llodra M.,Djokovic N.,Djokovic N.,27,3,1370,7880,7.5,1.07
2011-02-23,ATP500,Outdoor,Hard,2nd Round,3,Lopez F.,Djokovic N.,Djokovic N.,41,3,1060,7880,10.0,1.04
2011-02-24,ATP500,Outdoor,Hard,Quarterfinals,3,Djokovic N.,Mayer F.,Djokovic N.,3,38,7880,1098,1.04,10.0
2011-02-26,ATP500,Outdoor,Hard,The Final,3,Djokovic N.,Federer R.,Djokovic N.,3,2,7880,7965,2.5,1.53
2011-03-14,Masters 1000,Outdoor,Hard,2nd Round,3,Golubev A.,Djokovic N.,Djokovic N.,39,3,1090,7800,11.0,1.03
2011-03-15,Masters 1000,Outdoor,Hard,3rd Round,3,Djokovic N.,Gulbis E.,Djokovic N.,3,34,7800,1210,1.06,8.0
2011-03-16,Masters 1000,Outdoor,Hard,4th Round,3,Djokovic N.,Troicki V.,Djokovic N.,3,18,7800,1710,1.08,7.0
2011-03-18,Masters 1000,Outdoor,Hard,Quarterfinals,3,Djokovic N.,Gasquet R.,Djokovic N.,3,21,7800,1495,1.07,7.5
2011-03-19,Masters 1000,Outdoor,Hard,Semifinals,3,Federer R.,Djokovic N.,Djokovic N.,2,3,7965,7800,2.25,1.61
2011-03-20,Masters 1000,Outdoor,Hard,The Final,3,Djokovic N.,Nadal R.,Djokovic N.,3,1,7800,12390,1.72,2.1
2011-03-25,Masters 1000,Outdoor,Hard,2nd Round,3,Djokovic N.,Istomin D.,Djokovic N.,2,54,8710,896,1.03,11.0
2011-03-28,Masters 1000,Outdoor,Hard,3rd Round,3,Blake J.,Djokovic N.,Djokovic N.,173,2,335,8710,15.0,1.01
2011-03-30,Masters 1000,Outdoor,Hard,4th Round,3,Djokovic N.,Troicki V.,Djokovic N.,2,17,8710,1710,1.04,10.0
2011-03-31,Masters 1000,Outdoor,Hard,Quarterfinals,3,Anderson K.,Djokovic N.,Djokovic N.,40,2,1058,8710,12.0,1.02
2011-04-01,Masters 1000,Outdoor,Hard,Semifinals,3,Fish M.,Djokovic N.,Djokovic N.,15,2,2106,8710,8.0,1.07
2011-04-03,Masters 1000,Outdoor,Hard,The Final,3,Nadal R.,Djokovic N.,Djokovic N.,1,2,12630,8710,1.8,2.0
2011-04-27,ATP250,Outdoor,Clay,2nd Round,3,Ungur A.,Djokovic N.,Djokovic N.,182,2,327,9640,15.0,1.01
2011-04-29,ATP250,Outdoor,Clay,Quarterfinals,3,Kavcic B.,Djokovic N.,Djokovic N.,85,2,599,9640,21.0,1.005
2011-05-01,ATP250,Outdoor,Clay,The Final,3,Lopez F.,Djokovic N.,Djokovic N.,37,2,1095,9640,11.0,1.04
2011-05-04,Masters 1000,Outdoor,Clay,2nd Round,3,Djokovic N.,Anderson K.,Djokovic N.,2,35,9710,1150,1.02,12.0
2011-05-05,Masters 1000,Outdoor,Clay,3rd Round,3,Djokovic N.,Garcia-Lopez G.,Djokovic N.,2,29,9710,1285,1.05,9.0
2011-05-06,Masters 1000,Outdoor,Clay,Quarterfinals,3,Ferrer D.,Djokovic N.,Djokovic N.,6,2,4330,9710,3.5,1.3
2011-05-07,Masters 1000,Outdoor,Clay,Semifinals,3,Bellucci T.,Djokovic N.,Djokovic N.,36,2,1115,9710,7.5,1.08
2011-05-08,Masters 1000,Outdoor,Clay,The Final,3,Djokovic N.,Nadal R.,Djokovic N.,2,1,9710,11915,3.6,1.28
2011-05-11,Masters 1000,Outdoor,Clay,2nd Round,3,Kubot L.,Djokovic N.,Djokovic N.,141,2,418,10665,21.0,1.01
2011-05-12,Masters 1000,Outdoor,Clay,3rd Round,3,Wawrinka S.,Djokovic N.,Djokovic N.,14,2,1920,10665,9.0,1.05
2011-05-13,Masters 1000,Outdoor,Clay,Quarterfinals,3,Soderling R.,Djokovic N.,Djokovic N.,5,2,5265,10665,5.0,1.16
2011-05-14,Masters 1000,Outdoor,Clay,Semifinals,3,Murray A.,Djokovic N.,Djokovic N.,4,2,5905,10665,5.0,1.16
2011-05-15,Masters 1000,Outdoor,Clay,The Final,3,Djokovic N.,Nadal R.,Djokovic N.,2,1,10665,12470,2.75,1.44
2011-05-23,Grand Slam,Outdoor,Clay,1st Round,5,Djokovic N.,De Bakker T.,Djokovic N.,2,71,11665,710,1.01,21.0
2011-05-28,Grand Slam,Outdoor,Clay,3rd Round,5,Djokovic N.,Del Potro J.M.,Djokovic N.,2,26,11665,1355,1.12,5.5
2011-05-29,Grand Slam,Outdoor,Clay,4th Round,5,Gasquet R.,Djokovic N.,Djokovic N.,16,2,1755,11665,10.0,1.04
2011-06-03,Grand Slam,Outdoor,Clay,Semifinals,5,Djokovic N.,Federer R.,Federer R.,2,3,11665,8390,1.33,3.4
2011-06-21,Grand Slam,Outdoor,Grass,1st Round,5,Chardy J.,Djokovic N.,Djokovic N.,54,2,930,12005,15.0,1.01
2011-06-23,Grand Slam,Outdoor,Grass,2nd Round,5,Djokovic N.,Anderson K.,Djokovic N.,2,36,12005,1185,1.01,15.0
2011-06-25,Grand Slam,Outdoor,Grass,3rd Round,5,Djokovic N.,Baghdatis M.,Djokovic N.,2,30,12005,1295,1.02,12.0
2011-06-27,Grand Slam,Outdoor,Grass,4th Round,5,Llodra M.,Djokovic N.,Djokovic N.,35,2,1195,12005,9.0,1.06
2011-06-29,Grand Slam,Outdoor,Grass,Quarterfinals,5,Djokovic N.,Tomic B.,Djokovic N.,2,158,12005,357,1.07,8.0
2011-07-01,Grand Slam,Outdoor,Grass,Semifinals,5,Djokovic N.,Tsonga J.W.,Djokovic N.,2,19,12005,1585,1.44,2.75
2011-07-02,Grand Slam,Outdoor,Grass,The Final,5,Djokovic N.,Nadal R.,Djokovic N.,2,1,12005,12070,2.3,1.66
2011-08-10,Masters 1000,Outdoor,Hard,2nd Round,3,Davydenko N.,Djokovic N.,Djokovic N.,30,1,1295,12860,11.0,1.05
2011-08-11,Masters 1000,Outdoor,Hard,3rd Round,3,Djokovic N.,Cilic M.,Djokovic N.,1,29,12860,1295,1.1,7.0
2011-08-13,Masters 1000,Outdoor,Hard,Quarterfinals,3,Monfils G.,Djokovic N.,Djokovic N.,7,1,2905,12860,9.0,1.07
2011-08-14,Masters 1000,Outdoor,Hard,The Final,3,Fish M.,Djokovic N.,Djokovic N.,8,1,2505,12860,9.0,1.07
2011-08-18,Masters 1000,Outdoor,Hard,2nd Round,3,Harrison R.,Djokovic N.,Djokovic N.,78,1,667,13500,15.0,1.03
2011-08-18,Masters 1000,Outdoor,Hard,3rd Round,3,Djokovic N.,Stepanek R.,Djokovic N.,1,29,13500,1338,1.05,11.0
2011-08-20,Masters 1000,Outdoor,Hard,Quarterfinals,3,Djokovic N.,Monfils G.,Djokovic N.,1,8,13500,2995,1.06,10.0
2011-09-02,Grand Slam,Outdoor,Hard,2nd Round,5,Djokovic N.,Berlocq C.,Djokovic N.,1,74,13920,672,1.002,34.0
2011-09-04,Grand Slam,Outdoor,Hard,3rd Round,5,Davydenko N.,Djokovic N.,Djokovic N.,39,1,1115,13920,17.0,1.02
2011-09-05,Grand Slam,Outdoor,Hard,4th Round,5,Dolgopolov O.,Djokovic N.,Djokovic N.,23,1,1530,13920,19.0,1.02
2011-09-10,Grand Slam,Outdoor,Hard,Semifinals,5,Federer R.,Djokovic N.,Djokovic N.,3,1,8380,13920,2.5,1.53
2011-09-12,Grand Slam,Outdoor,Hard,The Final,5,Nadal R.,Djokovic N.,Djokovic N.,2,1,11420,13920,2.37,1.57
2011-11-01,ATP500,Indoor,Hard,1st Round,3,Malisse X.,Djokovic N.,Djokovic N.,47,1,910,13860,13.0,1.04
2011-11-03,ATP500,Indoor,Hard,2nd Round,3,Kubot L.,Djokovic N.,Djokovic N.,64,1,747,13860,17.0,1.02
2011-11-04,ATP500,Indoor,Hard,Quarterfinals,3,Baghdatis M.,Djokovic N.,Djokovic N.,59,1,805,13860,11.0,1.05
2011-11-05,ATP500,Indoor,Hard,Semifinals,3,Nishikori K.,Djokovic N.,Nishikori K.,32,1,1225,13860,11.0,1.05
2011-11-09,Masters 1000,Indoor,Hard,2nd Round,3,Dodig I.,Djokovic N.,Djokovic N.,39,1,1035,13785,3.75,1.25
2011-11-10,Masters 1000,Indoor,Hard,3rd Round,3,Djokovic N.,Troicki V.,Djokovic N.,1,19,13785,1730,1.22,4.0
2011-11-21,Masters Cup,Indoor,Hard,Round Robin,3,Djokovic N.,Berdych T.,Djokovic N.,1,7,13475,3300,1.3,3.4
2011-11-23,Masters Cup,Indoor,Hard,Round Robin,3,Ferrer D.,Djokovic N.,Ferrer D.,5,1,4480,13475,3.6,1.28
2011-11-25,Masters Cup,Indoor,Hard,Round Robin,3,Djokovic N.,Tipsarevic J.,Tipsarevic J.,1,9,13475,2395,1.3,3.5
2012-01-19,Grand Slam,Outdoor,Hard,2nd Round,5,Djokovic N.,Giraldo S.,Djokovic N.,1,56,13630,845,1.002,34.0
2012-01-21,Grand Slam,Outdoor,Hard,3rd Round,5,Djokovic N.,Mahut N.,Djokovic N.,1,81,13630,653,1.002,34.0
2012-01-23,Grand Slam,Outdoor,Hard,4th Round,5,Djokovic N.,Hewitt L.,Djokovic N.,1,181,13630,265,1.01,21.0
2012-01-25,Grand Slam,Outdoor,Hard,Quarterfinals,5,Djokovic N.,Ferrer D.,Djokovic N.,1,5,13630,4925,1.1,8.0
2012-01-27,Grand Slam,Outdoor,Hard,Semifinals,5,Djokovic N.,Murray A.,Djokovic N.,1,4,13630,7380,1.36,3.3
2012-01-29,Grand Slam,Outdoor,Hard,The Final,5,Nadal R.,Djokovic N.,Djokovic N.,2,1,9595,13630,2.3,1.66
2012-02-27,ATP500,Outdoor,Hard,1st Round,3,Djokovic N.,Stebe C.M.,Djokovic N.,1,72,13130,678,1.01,26.0
2012-02-29,ATP500,Outdoor,Hard,2nd Round,3,Stakhovsky S.,Djokovic N.,Djokovic N.,74,1,665,13130,26.0,1.01
2012-03-01,ATP500,Outdoor,Hard,Quarterfinals,3,Tipsarevic J.,Djokovic N.,Djokovic N.,9,1,2710,13130,7.0,1.1
2012-03-02,ATP500,Outdoor,Hard,Semifinals,3,Djokovic N.,Murray A.,Murray A.,1,4,13130,7150,1.33,3.4
2012-03-10,Masters 1000,Outdoor,Hard,2nd Round,3,Djokovic N.,Golubev A.,Djokovic N.,1,145,13310,372,1.01,23.0
2012-03-12,Masters 1000,Outdoor,Hard,3rd Round,3,Djokovic N.,Anderson K.,Djokovic N.,1,30,13310,1270,1.04,13.0
2012-03-14,Masters 1000,Outdoor,Hard,4th Round,3,Andujar P.,Djokovic N.,Djokovic N.,45,1,1000,13310,26.0,1.01
2012-03-15,Masters 1000,Outdoor,Hard,Quarterfinals,3,Djokovic N.,Almagro N.,Djokovic N.,1,12,13310,2070,1.08,8.0
2012-03-17,Masters 1000,Outdoor,Hard,Semifinals,3,Isner J.,Djokovic N.,Isner J.,11,1,2120,13310,7.0,1.1
2012-03-25,Masters 1000,Outdoor,Hard,2nd Round,3,Djokovic N.,Baghdatis M.,Djokovic N.,1,42,12670,1010,1.07,9.0
2012-03-26,Masters 1000,Outdoor,Hard,3rd Round,3,Djokovic N.,Troicki V.,Djokovic N.,1,27,12670,1340,1.03,15.0
2012-03-27,Masters 1000,Outdoor,Hard,4th Round,3,Gasquet R.,Djokovic N.,Djokovic N.,17,1,1595,12670,11.0,1.05
2012-03-30,Masters 1000,Outdoor,Hard,Quarterfinals,3,Ferrer D.,Djokovic N.,Djokovic N.,5,1,4700,12670,4.33,1.22
2012-03-31,Masters 1000,Outdoor,Hard,Semifinals,3,Djokovic N.,Monaco J.,Djokovic N.,1,21,12670,1495,1.05,11.0
2012-04-01,Masters 1000,Outdoor,Hard,The Final,3,Murray A.,Djokovic N.,Djokovic N.,4,1,7450,12670,2.9,1.41
2012-04-18,Masters 1000,Outdoor,Clay,2nd Round,3,Djokovic N.,Seppi A.,Djokovic N.,1,44,12670,980,1.01,21.0
2012-04-19,Masters 1000,Outdoor,Clay,3rd Round,3,Djokovic N.,Dolgopolov O.,Djokovic N.,1,21,12670,1495,1.08,8.0
2012-04-20,Masters 1000,Outdoor,Clay,Quarterfinals,3,Haase R.,Djokovic N.,Djokovic N.,55,1,821,12670,13.0,1.04
2012-04-21,Masters 1000,Outdoor,Clay,Semifinals,3,Djokovic N.,Berdych T.,Djokovic N.,1,7,12670,3810,1.28,3.75
2012-04-22,Masters 1000,Outdoor,Clay,The Final,3,Nadal R.,Djokovic N.,Nadal R.,2,1,9215,12670,1.72,2.1
2012-05-08,Masters 1000,Outdoor,Clay,2nd Round,3,Djokovic N.,Gimeno-Traver D.,Djokovic N.,1,137,12020,399,1.01,26.0
2012-05-10,Masters 1000,Outdoor,Clay,3rd Round,3,Djokovic N.,Wawrinka S.,Djokovic N.,1,21,12020,1505,1.16,5.0
2012-05-11,Masters 1000,Outdoor,Clay,Quarterfinals,3,Tipsarevic J.,Djokovic N.,Tipsarevic J.,8,1,2820,12020,7.0,1.1
2012-05-15,Masters 1000,Outdoor,Clay,2nd Round,3,Djokovic N.,Tomic B.,Djokovic N.,1,32,11200,1215,1.03,15.0
2012-05-17,Masters 1000,Outdoor,Clay,3rd Round,3,Monaco J.,Djokovic N.,Djokovic N.,15,1,1925,11200,8.0,1.08
2012-05-18,Masters 1000,Outdoor,Clay,Quarterfinals,3,Djokovic N.,Tsonga J.W.,Djokovic N.,1,5,11200,4930,1.16,5.0
2012-05-19,Masters 1000,Outdoor,Clay,Semifinals,3,Federer R.,Djokovic N.,Djokovic N.,2,1,9430,11200,1.95,1.85
2012-05-21,Masters 1000,Outdoor,Clay,The Final,3,Nadal R.,Djokovic N.,Nadal R.,3,1,9105,11200,1.61,2.25
2012-05-28,Grand Slam,Outdoor,Clay,1st Round,5,Starace P.,Djokovic N.,Djokovic N.,97,1,558,11800,34.0,1.002
2012-06-03,Grand Slam,Outdoor,Clay,4th Round,5,Seppi A.,Djokovic N.,Djokovic N.,25,1,1355,11800,19.0,1.02
2012-06-05,Grand Slam,Outdoor,Clay,Quarterfinals,5,Tsonga J.W.,Djokovic N.,Djokovic N.,5,1,4965,11800,5.0,1.16
2012-06-08,Grand Slam,Outdoor,Clay,Semifinals,5,Djokovic N.,Federer R.,Djokovic N.,1,3,11800,9790,1.53,2.5
2012-06-10,Grand Slam,Outdoor,Clay,The Final,5,Djokovic N.,Nadal R.,Nadal R.,1,2,11800,10060,4.33,1.25
2012-06-25,Grand Slam,Outdoor,Grass,1st Round,5,Ferrero J.C.,Djokovic N.,Djokovic N.,38,1,1035,12280,23.0,1.01
2012-06-27,Grand Slam,Outdoor,Grass,2nd Round,5,Djokovic N.,Harrison R.,Djokovic N.,1,48,12280,871,1.01,21.0
2012-06-29,Grand Slam,Outdoor,Grass,3rd Round,5,Stepanek R.,Djokovic N.,Djokovic N.,27,1,1340,12280,23.0,1.01
2012-07-02,Grand Slam,Outdoor,Grass,4th Round,5,Djokovic N.,Troicki V.,Djokovic N.,1,34,12280,1190,1.02,19.0
2012-07-04,Grand Slam,Outdoor,Grass,Quarterfinals,5,Djokovic N.,Mayer F.,Djokovic N.,1,29,12280,1230,1.02,17.0
2012-07-06,Grand Slam,Outdoor,Grass,Semifinals,5,Federer R.,Djokovic N.,Federer R.,3,1,9435,12280,2.87,1.44
2012-08-09,Masters 1000,Outdoor,Hard,2nd Round,3,Djokovic N.,Tomic B.,Djokovic N.,2,49,11270,880,1.07,9.0
2012-08-10,Masters 1000,Outdoor,Hard,3rd Round,3,Querrey S.,Djokovic N.,Djokovic N.,35,2,1189,11270,7.0,1.1
2012-08-11,Masters 1000,Outdoor,Hard,Quarterfinals,3,Djokovic N.,Haas T.,Djokovic N.,2,25,11270,1418,1.1,7.0
2012-08-12,Masters 1000,Outdoor,Hard,Semifinals,3,Tipsarevic J.,Djokovic N.,Djokovic N.,9,2,3320,11270,5.0,1.16
2012-08-13,Masters 1000,Outdoor,Hard,The Final,3,Djokovic N.,Gasquet R.,Djokovic N.,2,21,11270,1600,1.11,6.5
2012-08-15,Masters 1000,Outdoor,Hard,2nd Round,3,Seppi A.,Djokovic N.,Djokovic N.,27,2,1355,11270,13.0,1.04
2012-08-17,Masters 1000,Outdoor,Hard,Quarterfinals,3,Djokovic N.,Cilic M.,Djokovic N.,2,15,11270,2015,1.08,8.0
2012-08-18,Masters 1000,Outdoor,Hard,Semifinals,3,Del Potro J.M.,Djokovic N.,Djokovic N.,9,2,3305,11270,4.0,1.25
2012-08-19,Masters 1000,Outdoor,Hard,The Final,3,Djokovic N.,Federer R.,Federer R.,2,1,11270,11345,1.53,2.5
2012-08-29,Grand Slam,Outdoor,Hard,1st Round,5,Djokovic N.,Lorenzi P.,Djokovic N.,2,69,11270,674,1.002,34.0
2012-09-02,Grand Slam,Outdoor,Hard,3rd Round,5,Benneteau J.,Djokovic N.,Djokovic N.,35,2,1075,11270,21.0,1.01
2012-09-07,Grand Slam,Outdoor,Hard,Quarterfinals,5,Del Potro J.M.,Djokovic N.,Djokovic N.,8,2,3620,11270,6.0,1.12
2012-09-09,Grand Slam,Outdoor,Hard,Semifinals,5,Ferrer D.,Djokovic N.,Djokovic N.,5,2,5375,11270,9.0,1.07
2012-09-10,Grand Slam,Outdoor,Hard,The Final,5,Murray A.,Djokovic N.,Murray A.,4,2,7290,11270,2.87,1.44
2012-10-02,ATP500,Outdoor,Hard,1st Round,3,Djokovic N.,Berrer M.,Djokovic N.,2,123,10470,466,1.01,26.0
2012-10-03,ATP500,Outdoor,Hard,2nd Round,3,Berlocq C.,Djokovic N.,Djokovic N.,50,2,880,10470,26.0,1.01
2012-10-05,ATP500,Outdoor,Hard,Quarterfinals,3,Melzer J.,Djokovic N.,Djokovic N.,37,2,997,10470,17.0,1.02
2012-10-06,ATP500,Outdoor,Hard,Semifinals,3,Djokovic N.,Mayer F.,Djokovic N.,2,29,10470,1295,1.02,17.0
2012-10-07,ATP500,Outdoor,Hard,The Final,3,Tsonga J.W.,Djokovic N.,Djokovic N.,7,2,4520,10470,4.5,1.18
2012-10-10,Masters 1000,Outdoor,Hard,2nd Round,3,Djokovic N.,Dimitrov G.,Djokovic N.,2,56,10970,751,1.02,17.0
2012-10-11,Masters 1000,Outdoor,Hard,3rd Round,3,Lopez F.,Djokovic N.,Djokovic N.,29,2,1355,10970,17.0,1.02
2012-10-12,Masters 1000,Outdoor,Hard,Quarterfinals,3,Haas T.,Djokovic N.,Djokovic N.,21,2,1553,10970,10.0,1.06
2012-10-13,Masters 1000,Outdoor,Hard,Semifinals,3,Berdych T.,Djokovic N.,Djokovic N.,7,2,4570,10970,5.5,1.14
2012-10-14,Masters 1000,Outdoor,Hard,The Final,3,Murray A.,Djokovic N.,Djokovic N.,3,2,8090,10970,2.37,1.57
2012-10-31,Masters 1000,Indoor,Hard,2nd Round,3,Querrey S.,Djokovic N.,Querrey S.,23,2,1560,11970,8.0,1.08
2012-11-05,Masters Cup,Indoor,Hard,Round Robin,3,Djokovic N.,Tsonga J.W.,Djokovic N.,1,8,11420,3490,1.25,4.0
2012-11-07,Masters Cup,Indoor,Hard,Round Robin,3,Murray A.,Djokovic N.,Djokovic N.,3,1,7600,11420,2.0,1.8
2012-11-09,Masters Cup,Indoor,Hard,Round Robin,3,Berdych T.,Djokovic N.,Djokovic N.,6,1,4405,11420,4.5,1.18
2012-11-11,Masters Cup,Indoor,Hard,Semifinals,3,Del Potro J.M.,Djokovic N.,Djokovic N.,7,1,4080,11420,5.0,1.16
2012-11-12,Masters Cup,Indoor,Hard,The Final,3,Federer R.,Djokovic N.,Djokovic N.,2,1,9465,11420,2.3,1.61
2013-01-14,Grand Slam,Outdoor,Hard,1st Round,5,Djokovic N.,Mathieu P.H.,Djokovic N.,1,60,12920,763,1.002,29.0
2013-01-16,Grand Slam,Outdoor,Hard,2nd Round,5,Harrison R.,Djokovic N.,Djokovic N.,62,1,754,12920,34.0,1.002
2013-01-20,Grand Slam,Outdoor,Hard,4th Round,5,Djokovic N.,Wawrinka S.,Djokovic N.,1,17,12920,1900,1.02,19.0
2013-01-22,Grand Slam,Outdoor,Hard,Quarterfinals,5,Djokovic N.,Berdych T.,Djokovic N.,1,6,12920,4680,1.16,5.0
2013-01-24,Grand Slam,Outdoor,Hard,Semifinals,5,Ferrer D.,Djokovic N.,Djokovic N.,5,1,6505,12920,8.0,1.08
2013-01-27,Grand Slam,Outdoor,Hard,The Final,5,Murray A.,Djokovic N.,Djokovic N.,3,1,8000,12920,2.62,1.53
2013-02-26,ATP500,Outdoor,Hard,1st Round,3,Troicki V.,Djokovic N.,Djokovic N.,44,1,925,12960,19.0,1.02
2013-02-27,ATP500,Outdoor,Hard,2nd Round,3,Djokovic N.,Bautista R.,Djokovic N.,1,55,12960,788,1.01,26.0
2013-02-28,ATP500,Outdoor,Hard,Quarterfinals,3,Seppi A.,Djokovic N.,Djokovic N.,20,1,1730,12960,17.0,1.02
2013-03-01,ATP500,Outdoor,Hard,Semifinals,3,Del Potro J.M.,Djokovic N.,Djokovic N.,7,1,4410,12960,7.0,1.1
2013-03-02,ATP500,Outdoor,Hard,The Final,3,Berdych T.,Djokovic N.,Djokovic N.,6,1,4545,12960,6.5,1.11
2013-03-11,Masters 1000,Outdoor,Hard,2nd Round,3,Fognini F.,Djokovic N.,Djokovic N.,36,1,1065,13280,29.0,1.002
2013-03-12,Masters 1000,Outdoor,Hard,3rd Round,3,Djokovic N.,Dimitrov G.,Djokovic N.,1,31,13280,1137,1.02,17.0
2013-03-14,Masters 1000,Outdoor,Hard,4th Round,3,Querrey S.,Djokovic N.,Djokovic N.,23,1,1695,13280,13.0,1.04
2013-03-15,Masters 1000,Outdoor,Hard,Quarterfinals,3,Djokovic N.,Tsonga J.W.,Djokovic N.,1,8,13280,3660,1.08,8.0
2013-03-16,Masters 1000,Outdoor,Hard,Semifinals,3,Djokovic N.,Del Potro J.M.,Del Potro J.M.,1,7,13280,4410,1.11,6.5
2013-03-23,Masters 1000,Outdoor,Hard,2nd Round,3,Rosol L.,Djokovic N.,Djokovic N.,64,1,749,13280,26.0,1.01
2013-03-24,Masters 1000,Outdoor,Hard,3rd Round,3,Devvarman S.,Djokovic N.,Djokovic N.,254,1,182,13280,34.0,1.002
2013-03-27,Masters 1000,Outdoor,Hard,4th Round,3,Haas T.,Djokovic N.,Haas T.,18,1,1925,13280,11.0,1.05
2013-04-17,Masters 1000,Outdoor,Clay,2nd Round,3,Djokovic N.,Youzhny M.,Djokovic N.,1,27,12500,1220,1.06,10.0
2013-04-18,Masters 1000,Outdoor,Clay,3rd Round,3,Djokovic N.,Monaco J.,Djokovic N.,1,20,12500,1740,1.1,7.0
2013-04-19,Masters 1000,Outdoor,Clay,Quarterfinals,3,Nieminen J.,Djokovic N.,Djokovic N.,49,1,860,12500,6.5,1.11
2013-04-20,Masters 1000,Outdoor,Clay,Semifinals,3,Fognini F.,Djokovic N.,Djokovic N.,32,1,1135,12500,6.0,1.12
2013-04-21,Masters 1000,Outdoor,Clay,The Final,3,Djokovic N.,Nadal R.,Djokovic N.,1,5,12500,6385,2.87,1.4
2013-05-07,Masters 1000,Outdoor,Clay,2nd Round,3,Djokovic N.,Dimitrov G.,Dimitrov G.,1,28,12900,1272,1.05,11.0
2013-05-14,Masters 1000,Outdoor,Clay,2nd Round,3,Djokovic N.,Montanes A.,Djokovic N.,1,89,12730,573,1.01,21.0
2013-05-16,Masters 1000,Outdoor,Clay,3rd Round,3,Djokovic N.,Dolgopolov O.,Djokovic N.,1,23,12730,1420,1.06,10.0
2013-05-17,Masters 1000,Outdoor,Clay,Quarterfinals,3,Djokovic N.,Berdych T.,Berdych T.,1,6,12730,4520,1.12,6.0
2013-05-28,Grand Slam,Outdoor,Clay,1st Round,5,Djokovic N.,Goffin D.,Djokovic N.,1,58,12310,797,1.002,29.0
2013-06-01,Grand Slam,Outdoor,Clay,3rd Round,5,Djokovic N.,Dimitrov G.,Djokovic N.,1,28,12310,1355,1.07,9.0
2013-06-03,Grand Slam,Outdoor,Clay,4th Round,5,Kohlschreiber P.,Djokovic N.,Djokovic N.,19,1,1750,12310,15.0,1.03
2013-06-05,Grand Slam,Outdoor,Clay,Quarterfinals,5,Djokovic N.,Haas T.,Djokovic N.,1,14,12310,2340,1.08,8.0
2013-06-07,Grand Slam,Outdoor,Clay,Semifinals,5,Nadal R.,Djokovic N.,Nadal R.,4,1,6895,12310,1.61,2.3
2013-06-25,Grand Slam,Outdoor,Grass,1st Round,5,Djokovic N.,Mayer F.,Djokovic N.,1,34,11830,1175,1.01,26.0
2013-06-27,Grand Slam,Outdoor,Grass,2nd Round,5,Reynolds B.,Djokovic N.,Djokovic N.,156,1,346,11830,29.0,1.002
2013-06-29,Grand Slam,Outdoor,Grass,3rd Round,3,Chardy J.,Djokovic N.,Djokovic N.,25,1,1441,11830,19.0,1.02
2013-07-01,Grand Slam,Outdoor,Grass,4th Round,5,Haas T.,Djokovic N.,Djokovic N.,13,1,2425,11830,7.0,1.1
2013-07-03,Grand Slam,Outdoor,Grass,Quarterfinals,5,Djokovic N.,Berdych T.,Djokovic N.,1,6,11830,4515,1.1,7.0
2013-07-05,Grand Slam,Outdoor,Grass,Semifinals,5,Djokovic N.,Del Potro J.M.,Djokovic N.,1,8,11830,3960,1.16,5.0
2013-07-07,Grand Slam,Outdoor,Grass,The Final,5,Murray A.,Djokovic N.,Murray A.,2,1,8560,11830,2.5,1.57
2013-08-07,Masters 1000,Outdoor,Hard,2nd Round,3,Djokovic N.,Mayer F.,Djokovic N.,1,50,12040,905,1.03,15.0
2013-08-09,Masters 1000,Outdoor,Hard,3rd Round,3,Istomin D.,Djokovic N.,Djokovic N.,66,1,720,12040,17.0,1.02
2013-08-09,Masters 1000,Outdoor,Hard,Quarterfinals,3,Gasquet R.,Djokovic N.,Djokovic N.,9,1,3045,12040,6.5,1.11
2013-08-11,Masters 1000,Outdoor,Hard,Semifinals,3,Nadal R.,Djokovic N.,Nadal R.,4,1,6860,12040,3.0,1.4
2013-08-14,Masters 1000,Outdoor,Hard,2nd Round,3,Djokovic N.,Monaco J.,Djokovic N.,1,32,11400,1240,1.03,15.0
2013-08-15,Masters 1000,Outdoor,Hard,3rd Round,3,Goffin D.,Djokovic N.,Djokovic N.,80,1,631,11400,19.0,1.02
2013-08-16,Masters 1000,Outdoor,Hard,Quarterfinals,3,Isner J.,Djokovic N.,Isner J.,22,1,1585,11400,7.0,1.1
2013-08-28,Grand Slam,Outdoor,Hard,1st Round,5,Djokovic N.,Berankis R.,Djokovic N.,1,112,10980,499,1.002,34.0
2013-08-30,Grand Slam,Outdoor,Hard,2nd Round,5,Becker B.,Djokovic N.,Djokovic N.,87,1,603,10980,34.0,1.002
2013-09-03,Grand Slam,Outdoor,Hard,4th Round,5,Djokovic N.,Granollers M.,Djokovic N.,1,43,10980,975,1.01,26.0
2013-09-06,Grand Slam,Outdoor,Hard,Quarterfinals,5,Djokovic N.,Youzhny M.,Djokovic N.,1,24,10980,1475,1.02,17.0
2013-09-07,Grand Slam,Outdoor,Hard,Semifinals,5,Wawrinka S.,Djokovic N.,Djokovic N.,10,1,2610,10980,5.5,1.14
2013-09-09,Grand Slam,Outdoor,Hard,The Final,5,Djokovic N.,Nadal R.,Nadal R.,1,2,10980,8860,2.2,1.66
2013-10-01,ATP500,Outdoor,Hard,1st Round,3,Rosol L.,Djokovic N.,Djokovic N.,46,1,951,11120,21.0,1.01
2013-10-03,ATP500,Outdoor,Hard,2nd Round,3,Verdasco F.,Djokovic N.,Djokovic N.,31,1,1210,11120,13.0,1.04
2013-10-04,ATP500,Outdoor,Hard,Quarterfinals,3,Querrey S.,Djokovic N.,Djokovic N.,30,1,1265,11120,11.0,1.05
2013-10-05,ATP500,Outdoor,Hard,Semifinals,3,Djokovic N.,Gasquet R.,Djokovic N.,1,10,11120,3005,1.1,7.0
2013-10-06,ATP500,Outdoor,Hard,The Final,3,Nadal R.,Djokovic N.,Djokovic N.,2,1,10860,11120,2.1,1.72
2013-10-09,Masters 1000,Outdoor,Hard,2nd Round,3,Granollers M.,Djokovic N.,Djokovic N.,36,2,1110,11120,21.0,1.01
2013-10-10,Masters 1000,Outdoor,Hard,3rd Round,3,Fognini F.,Djokovic N.,Djokovic N.,17,2,1885,11120,10.0,1.06
2013-10-11,Masters 1000,Outdoor,Hard,Quarterfinals,3,Djokovic N.,Monfils G.,Djokovic N.,2,42,11120,1050,1.1,7.0
2013-10-12,Masters 1000,Outdoor,Hard,Semifinals,3,Djokovic N.,Tsonga J.W.,Djokovic N.,2,9,11120,3115,1.14,5.5
2013-10-13,Masters 1000,Outdoor,Hard,The Final,3,Djokovic N.,Del Potro J.M.,Djokovic N.,2,5,11120,4925,1.33,3.4
2013-10-29,Masters 1000,Indoor,Hard,2nd Round,3,Herbert P.H.,Djokovic N.,Djokovic N.,189,2,262,11120,23.0,1.01
2013-10-31,Masters 1000,Indoor,Hard,3rd Round,3,Djokovic N.,Isner J.,Djokovic N.,2,16,11120,2070,1.14,5.5
2013-11-01,Masters 1000,Indoor,Hard,Quarterfinals,3,Djokovic N.,Wawrinka S.,Djokovic N.,2,8,11120,3240,1.14,5.5
2013-11-02,Masters 1000,Indoor,Hard,Semifinals,3,Djokovic N.,Federer R.,Djokovic N.,2,6,11120,4245,1.28,3.75
2013-11-03,Masters 1000,Indoor,Hard,The Final,3,Djokovic N.,Ferrer D.,Djokovic N.,2,3,11120,6600,1.12,6.0
2013-11-05,Masters Cup,Indoor,Hard,Round Robin,3,Djokovic N.,Federer R.,Djokovic N.,2,7,10610,3805,1.28,3.75
2013-11-07,Masters Cup,Indoor,Hard,Round Robin,3,Djokovic N.,Del Potro J.M.,Djokovic N.,2,5,10610,5055,1.28,3.75
2013-11-09,Masters Cup,Indoor,Hard,Round Robin,3,Djokovic N.,Gasquet R.,Djokovic N.,2,9,10610,3300,1.06,10.0
2013-11-10,Masters Cup,Indoor,Hard,Semifinals,3,Djokovic N.,Wawrinka S.,Djokovic N.,2,8,10610,3330,1.14,5.5
2013-11-11,Masters Cup,Indoor,Hard,The Final,3,Nadal R.,Djokovic N.,Djokovic N.,1,2,12030,10610,2.37,1.57
2014-01-15,Grand Slam,Outdoor,Hard,2nd Round,5,Djokovic N.,Mayer L.,Djokovic N.,2,98,12260,579,1.002,34.0
2014-01-17,Grand Slam,Outdoor,Hard,3rd Round,5,Djokovic N.,Istomin D.,Djokovic N.,2,49,12260,945,1.01,26.0
2014-01-19,Grand Slam,Outdoor,Hard,4th Round,5,Djokovic N.,Fognini F.,Djokovic N.,2,16,12260,1930,1.01,26.0
2014-01-21,Grand Slam,Outdoor,Hard,Quarterfinals,5,Wawrinka S.,Djokovic N.,Wawrinka S.,8,2,3890,12260,9.0,1.07
2014-02-25,ATP500,Outdoor,Hard,1st Round,3,Istomin D.,Djokovic N.,Djokovic N.,54,2,830,10580,17.0,1.02
2014-02-26,ATP500,Outdoor,Hard,2nd Round,3,Djokovic N.,Bautista R.,Djokovic N.,2,51,10580,885,1.02,17.0
2014-02-28,ATP500,Outdoor,Hard,Semifinals,3,Djokovic N.,Federer R.,Federer R.,2,8,10580,4305,1.22,4.33
2014-03-10,Masters 1000,Outdoor,Hard,2nd Round,3,Hanescu V.,Djokovic N.,Djokovic N.,87,2,616,10260,34.0,1.0166666666666668
2014-03-11,Masters 1000,Outdoor,Hard,3rd Round,3,Djokovic N.,Gonzalez A.,Djokovic N.,2,91,10260,602,1.01,26.0
2014-03-13,Masters 1000,Outdoor,Hard,4th Round,3,Cilic M.,Djokovic N.,Djokovic N.,26,2,1455,10260,5.5,1.14
2014-03-14,Masters 1000,Outdoor,Hard,Quarterfinals,3,Djokovic N.,Benneteau J.,Djokovic N.,2,65,10260,730,1.05,11.0
2014-03-15,Masters 1000,Outdoor,Hard,Semifinals,3,Djokovic N.,Isner J.,Djokovic N.,2,13,10260,2320,1.14,5.5
2014-03-16,Masters 1000,Outdoor,Hard,The Final,3,Djokovic N.,Federer R.,Djokovic N.,2,8,10260,4625,1.53,2.5
2014-03-21,Masters 1000,Outdoor,Hard,2nd Round,3,Djokovic N.,Chardy J.,Djokovic N.,2,48,10900,955,1.02,17.0
2014-03-25,Masters 1000,Outdoor,Hard,4th Round,3,Djokovic N.,Robredo T.,Djokovic N.,2,17,10900,2050,1.04,13.0
2014-03-26,Masters 1000,Outdoor,Hard,Quarterfinals,3,Murray A.,Djokovic N.,Djokovic N.,6,2,4795,10900,3.75,1.28
2014-03-30,Masters 1000,Outdoor,Hard,The Final,3,Nadal R.,Djokovic N.,Djokovic N.,1,2,13130,10900,2.1,1.72
2014-04-15,Masters 1000,Outdoor,Clay,2nd Round,3,Djokovic N.,Montanes A.,Djokovic N.,2,57,11680,810,1.01,21.0
2014-04-17,Masters 1000,Outdoor,Clay,3rd Round,3,Carreno-Busta P.,Djokovic N.,Djokovic N.,62,2,730,11680,26.0,1.01
2014-04-18,Masters 1000,Outdoor,Clay,Quarterfinals,3,Garcia-Lopez G.,Djokovic N.,Djokovic N.,38,2,1071,11680,21.0,1.01
2014-04-19,Masters 1000,Outdoor,Clay,Semifinals,3,Djokovic N.,Federer R.,Federer R.,2,4,11680,5355,1.28,3.75
2014-05-13,Masters 1000,Outdoor,Clay,2nd Round,3,Djokovic N.,Stepanek R.,Djokovic N.,2,43,11030,1005,1.03,15.0
2014-05-15,Masters 1000,Outdoor,Clay,3rd Round,3,Djokovic N.,Kohlschreiber P.,Djokovic N.,2,29,11030,1280,1.1,7.0
2014-05-16,Masters 1000,Outdoor,Clay,Quarterfinals,3,Djokovic N.,Ferrer D.,Djokovic N.,2,5,11030,5030,1.33,3.4
2014-05-17,Masters 1000,Outdoor,Clay,Semifinals,3,Djokovic N.,Raonic M.,Djokovic N.,2,10,11030,2625,1.12,6.0
2014-05-18,Masters 1000,Outdoor,Clay,The Final,3,Djokovic N.,Nadal R.,Djokovic N.,2,1,11030,12900,2.1,1.72
2014-05-28,Grand Slam,Outdoor,Clay,2nd Round,5,Chardy J.,Djokovic N.,Djokovic N.,42,2,1060,11850,21.0,1.01
2014-05-30,Grand Slam,Outdoor,Clay,3rd Round,5,Cilic M.,Djokovic N.,Djokovic N.,26,2,1410,11850,19.0,1.02
2014-06-01,Grand Slam,Outdoor,Clay,4th Round,5,Tsonga J.W.,Djokovic N.,Djokovic N.,14,2,2315,11850,7.0,1.1
2014-06-03,Grand Slam,Outdoor,Clay,Quarterfinals,5,Djokovic N.,Raonic M.,Djokovic N.,2,9,11850,2975,1.07,9.0
2014-06-06,Grand Slam,Outdoor,Clay,Semifinals,5,Djokovic N.,Gulbis E.,Djokovic N.,2,17,11850,2050,1.1,7.0
2014-06-08,Grand Slam,Outdoor,Clay,The Final,5,Nadal R.,Djokovic N.,Nadal R.,1,2,12500,11850,1.66,2.2
2014-06-23,Grand Slam,Outdoor,Grass,1st Round,5,Djokovic N.,Golubev A.,Djokovic N.,2,56,12330,852,1.01,26.0
2014-06-25,Grand Slam,Outdoor,Grass,2nd Round,5,Stepanek R.,Djokovic N.,Djokovic N.,38,2,1085,12330,15.0,1.03
2014-06-27,Grand Slam,Outdoor,Grass,3rd Round,5,Djokovic N.,Simon G.,Djokovic N.,2,44,12330,1005,1.01,21.0
2014-06-30,Grand Slam,Outdoor,Grass,4th Round,5,Djokovic N.,Tsonga J.W.,Djokovic N.,2,17,12330,1775,1.08,8.0
2014-07-02,Grand Slam,Outdoor,Grass,Quarterfinals,5,Djokovic N.,Cilic M.,Djokovic N.,2,29,12330,1350,1.08,8.0
2014-07-04,Grand Slam,Outdoor,Grass,Semifinals,5,Dimitrov G.,Djokovic N.,Djokovic N.,13,2,2595,12330,4.0,1.25
2014-07-06,Grand Slam,Outdoor,Grass,The Final,5,Federer R.,Djokovic N.,Djokovic N.,4,2,4945,12330,2.4,1.61
2014-08-06,Masters 1000,Outdoor,Hard,2nd Round,3,Monfils G.,Djokovic N.,Djokovic N.,22,1,1545,13130,9.0,1.07
2014-08-07,Masters 1000,Outdoor,Hard,3rd Round,3,Djokovic N.,Tsonga J.W.,Tsonga J.W.,1,15,13130,1910,1.12,6.0
2014-08-13,Masters 1000,Outdoor,Hard,2nd Round,3,Djokovic N.,Simon G.,Djokovic N.,1,31,12860,1145,1.05,11.0
2014-08-14,Masters 1000,Outdoor,Hard,3rd Round,3,Djokovic N.,Robredo T.,Robredo T.,1,20,12860,1735,1.1,7.0
2014-08-26,Grand Slam,Outdoor,Hard,1st Round,5,Schwartzman D.,Djokovic N.,Djokovic N.,79,1,656,12770,34.0,1.002
2014-08-28,Grand Slam,Outdoor,Hard,2nd Round,5,Djokovic N.,Mathieu P.H.,Djokovic N.,1,81,12770,649,1.01,26.0
2014-08-30,Grand Slam,Outdoor,Hard,3rd Round,5,Querrey S.,Djokovic N.,Djokovic N.,57,1,820,12770,21.0,1.01
2014-09-01,Grand Slam,Outdoor,Hard,4th Round,5,Kohlschreiber P.,Djokovic N.,Djokovic N.,25,1,1505,12770,13.0,1.04
2014-09-04,Grand Slam,Outdoor,Hard,Quarterfinals,5,Djokovic N.,Murray A.,Djokovic N.,1,9,12770,3150,1.25,4.0
2014-09-06,Grand Slam,Outdoor,Hard,Semifinals,5,Djokovic N.,Nishikori K.,Nishikori K.,1,11,12770,2680,1.1,7.0
2014-09-30,ATP500,Outdoor,Hard,1st Round,3,Djokovic N.,Garcia-Lopez G.,Djokovic N.,1,38,12150,1040,1.04,13.0
2014-10-01,ATP500,Outdoor,Hard,2nd Round,3,Djokovic N.,Pospisil V.,Djokovic N.,1,41,12150,965,1.03,15.0
2014-10-03,ATP500,Outdoor,Hard,Quarterfinals,3,Dimitrov G.,Djokovic N.,Djokovic N.,10,1,3710,12150,5.0,1.16
2014-10-04,ATP500,Outdoor,Hard,Semifinals,3,Murray A.,Djokovic N.,Djokovic N.,11,1,3365,12150,3.5,1.3
2014-10-05,ATP500,Outdoor,Hard,The Final,3,Berdych T.,Djokovic N.,Djokovic N.,6,1,4115,12150,5.5,1.14
2014-10-08,Masters 1000,Outdoor,Hard,2nd Round,3,Djokovic N.,Thiem D.,Djokovic N.,1,39,12150,1024,1.03,15.0
2014-10-09,Masters 1000,Outdoor,Hard,3rd Round,3,Djokovic N.,Kukushkin M.,Djokovic N.,1,85,12150,642,1.02,19.0
2014-10-10,Masters 1000,Outdoor,Hard,Quarterfinals,3,Ferrer D.,Djokovic N.,Djokovic N.,5,1,4495,12150,7.0,1.1
2014-10-11,Masters 1000,Outdoor,Hard,Semifinals,3,Federer R.,Djokovic N.,Federer R.,3,1,8170,12150,3.4,1.33
2014-10-28,Masters 1000,Indoor,Hard,2nd Round,3,Kohlschreiber P.,Djokovic N.,Djokovic N.,24,1,1460,11510,5.5,1.14
2014-10-30,Masters 1000,Indoor,Hard,3rd Round,3,Djokovic N.,Monfils G.,Djokovic N.,1,21,11510,1735,1.16,5.0
2014-10-31,Masters 1000,Indoor,Hard,Quarterfinals,3,Murray A.,Djokovic N.,Djokovic N.,8,1,4295,11510,3.25,1.36
2014-11-01,Masters 1000,Indoor,Hard,Semifinals,3,Djokovic N.,Nishikori K.,Djokovic N.,1,7,11510,4355,1.2,4.5
2014-11-02,Masters 1000,Indoor,Hard,The Final,3,Raonic M.,Djokovic N.,Djokovic N.,10,1,3930,11510,5.0,1.16
2014-11-10,Masters Cup,Indoor,Hard,Round Robin,3,Cilic M.,Djokovic N.,Djokovic N.,9,1,4150,10010,6.0,1.12
2014-11-12,Masters Cup,Indoor,Hard,Round Robin,3,Wawrinka S.,Djokovic N.,Djokovic N.,4,1,4895,10010,5.5,1.14
2014-11-14,Masters Cup,Indoor,Hard,Round Robin,3,Djokovic N.,Berdych T.,Djokovic N.,1,7,10010,4465,1.07,9.0
2014-11-15,Masters Cup,Indoor,Hard,Semifinals,3,Djokovic N.,Nishikori K.,Djokovic N.,1,5,10010,4625,1.07,9.0
2015-01-06,ATP250,Outdoor,Hard,1st Round,3,Lajovic D.,Djokovic N.,Djokovic N.,68,1,711,11360,15.0,1.03
2015-01-07,ATP250,Outdoor,Hard,2nd Round,3,Djokovic N.,Stakhovsky S.,Djokovic N.,1,57,11360,781,1.02,17.0
2015-01-08,ATP250,Outdoor,Hard,Quarterfinals,3,Djokovic N.,Karlovic I.,Karlovic I.,1,27,11360,1320,1.05,11.0
2015-01-20,Grand Slam,Outdoor,Hard,1st Round,5,Djokovic N.,Bedene A.,Djokovic N.,1,116,11405,487,1.01,26.0
2015-01-22,Grand Slam,Outdoor,Hard,2nd Round,5,Kuznetsov An.,Djokovic N.,Djokovic N.,88,1,595,11405,26.0,1.01
2015-01-24,Grand Slam,Outdoor,Hard,3rd Round,5,Djokovic N.,Verdasco F.,Djokovic N.,1,33,11405,1135,1.03,15.0
2015-01-26,Grand Slam,Outdoor,Hard,4th Round,5,Muller G.,Djokovic N.,Djokovic N.,42,1,964,11405,17.0,1.02
2015-01-28,Grand Slam,Outdoor,Hard,Quarterfinals,5,Raonic M.,Djokovic N.,Djokovic N.,8,1,4575,11405,6.5,1.11
2015-01-30,Grand Slam,Outdoor,Hard,Semifinals,5,Wawrinka S.,Djokovic N.,Djokovic N.,4,1,5370,11405,4.33,1.22
2015-02-01,Grand Slam,Outdoor,Hard,The Final,5,Djokovic N.,Murray A.,Djokovic N.,1,6,11405,4675,1.44,2.75
2015-02-24,ATP500,Outdoor,Hard,1st Round,3,Pospisil V.,Djokovic N.,Djokovic N.,63,1,785,13045,15.0,1.02
2015-02-25,ATP500,Outdoor,Hard,2nd Round,3,Golubev A.,Djokovic N.,Djokovic N.,107,1,521,13045,21.0,1.01
2015-02-26,ATP500,Outdoor,Hard,Quarterfinals,3,Djokovic N.,Ilhan M.,Djokovic N.,1,104,13045,538,1.01,26.0
2015-02-27,ATP500,Outdoor,Hard,Semifinals,3,Djokovic N.,Berdych T.,Djokovic N.,1,8,13045,4460,1.11,6.5
2015-02-28,ATP500,Outdoor,Hard,The Final,3,Djokovic N.,Federer R.,Federer R.,1,2,13045,9205,1.44,2.75
2015-03-15,Masters 1000,Outdoor,Hard,2nd Round,3,Djokovic N.,Baghdatis M.,Djokovic N.,1,61,13205,788,1.02,17.0
2015-03-17,Masters 1000,Outdoor,Hard,3rd Round,3,Djokovic N.,Ramos-Vinolas A.,Djokovic N.,1,68,13205,730,1.01,26.0
2015-03-19,Masters 1000,Outdoor,Hard,4th Round,3,Isner J.,Djokovic N.,Djokovic N.,20,1,1720,13205,7.0,1.1
2015-03-21,Masters 1000,Outdoor,Hard,Semifinals,3,Murray A.,Djokovic N.,Djokovic N.,4,1,5425,13205,3.5,1.3
2015-03-22,Masters 1000,Outdoor,Hard,The Final,3,Federer R.,Djokovic N.,Djokovic N.,2,1,9205,13205,2.62,1.5
2015-03-29,Masters 1000,Outdoor,Hard,2nd Round,3,Klizan M.,Djokovic N.,Djokovic N.,41,1,1065,13205,17.0,1.02
2015-03-30,Masters 1000,Outdoor,Hard,3rd Round,3,Darcis S.,Djokovic N.,Djokovic N.,84,1,603,13205,19.0,1.02
2015-03-31,Masters 1000,Outdoor,Hard,4th Round,3,Djokovic N.,Dolgopolov O.,Djokovic N.,1,65,13205,760,1.04,13.0
2015-04-03,Masters 1000,Outdoor,Hard,Quarterfinals,3,Djokovic N.,Ferrer D.,Djokovic N.,1,7,13205,4580,1.11,6.5
2015-04-04,Masters 1000,Outdoor,Hard,Semifinals,3,Djokovic N.,Isner J.,Djokovic N.,1,24,13205,1450,1.14,5.5
2015-04-05,Masters 1000,Outdoor,Hard,The Final,3,Murray A.,Djokovic N.,Djokovic N.,4,1,5695,13205,3.75,1.28
2015-04-14,Masters 1000,Outdoor,Clay,2nd Round,3,Ramos-Vinolas A.,Djokovic N.,Djokovic N.,67,1,742,13205,19.0,1.02
2015-04-16,Masters 1000,Outdoor,Clay,3rd Round,3,Djokovic N.,Haider-Maurer A.,Djokovic N.,1,52,13205,876,1.01,21.0
2015-04-17,Masters 1000,Outdoor,Clay,Quarterfinals,3,Djokovic N.,Cilic M.,Djokovic N.,1,10,13205,3360,1.04,13.0
2015-04-18,Masters 1000,Outdoor,Clay,Semifinals,3,Nadal R.,Djokovic N.,Djokovic N.,5,1,5255,13205,3.0,1.4
2015-04-19,Masters 1000,Outdoor,Clay,The Final,3,Djokovic N.,Berdych T.,Djokovic N.,1,8,13205,4510,1.07,9.0
2015-05-12,Masters 1000,Outdoor,Clay,2nd Round,3,Almagro N.,Djokovic N.,Djokovic N.,174,1,290,13845,15.0,1.03
2015-05-14,Masters 1000,Outdoor,Clay,3rd Round,3,Djokovic N.,Bellucci T.,Djokovic N.,1,68,13845,714,1.02,19.0
2015-05-15,Masters 1000,Outdoor,Clay,Quarterfinals,3,Nishikori K.,Djokovic N.,Djokovic N.,6,1,5040,13845,4.5,1.2
2015-05-16,Masters 1000,Outdoor,Clay,Semifinals,3,Ferrer D.,Djokovic N.,Djokovic N.,8,1,4310,13845,6.0,1.12
2015-05-17,Masters 1000,Outdoor,Clay,The Final,3,Federer R.,Djokovic N.,Djokovic N.,2,1,8645,13845,3.25,1.36
2015-05-26,Grand Slam,Outdoor,Clay,1st Round,5,Nieminen J.,Djokovic N.,Djokovic N.,87,1,603,13845,34.0,1.002
2015-05-28,Grand Slam,Outdoor,Clay,2nd Round,5,Muller G.,Djokovic N.,Djokovic N.,55,1,868,13845,34.0,1.002
2015-05-30,Grand Slam,Outdoor,Clay,3rd Round,5,Kokkinakis T.,Djokovic N.,Djokovic N.,84,1,619,13845,29.0,1.005
2015-06-01,Grand Slam,Outdoor,Clay,4th Round,5,Djokovic N.,Gasquet R.,Djokovic N.,1,21,13845,1625,1.02,19.0
2015-06-03,Grand Slam,Outdoor,Clay,Quarterfinals,5,Nadal R.,Djokovic N.,Djokovic N.,7,1,4570,13845,3.4,1.33
2015-06-06,Grand Slam,Outdoor,Clay,Semifinals,5,Djokovic N.,Murray A.,Djokovic N.,1,3,13845,7040,1.16,5.0
2015-06-07,Grand Slam,Outdoor,Clay,The Final,5,Djokovic N.,Wawrinka S.,Wawrinka S.,1,9,13845,3845,1.12,6.0
2015-06-29,Grand Slam,Outdoor,Grass,1st Round,5,Djokovic N.,Kohlschreiber P.,Djokovic N.,1,33,13845,1195,1.03,15.0
2015-07-01,Grand Slam,Outdoor,Grass,2nd Round,5,Nieminen J.,Djokovic N.,Djokovic N.,92,1,564,13845,34.0,1.005
2015-07-03,Grand Slam,Outdoor,Grass,3rd Round,5,Tomic B.,Djokovic N.,Djokovic N.,26,1,1355,13845,17.0,1.02
2015-07-07,Grand Slam,Outdoor,Grass,4th Round,5,Anderson K.,Djokovic N.,Djokovic N.,14,1,2090,13845,15.0,1.03
2015-07-08,Grand Slam,Outdoor,Grass,Quarterfinals,5,Cilic M.,Djokovic N.,Djokovic N.,9,1,3540,13845,7.5,1.08
2015-07-10,Grand Slam,Outdoor,Grass,Semifinals,5,Djokovic N.,Gasquet R.,Djokovic N.,1,20,13845,1610,1.06,10.0
2015-07-12,Grand Slam,Outdoor,Grass,The Final,5,Djokovic N.,Federer R.,Djokovic N.,1,2,13845,9665,1.83,2.0
2015-08-11,Masters 1000,Outdoor,Hard,2nd Round,3,Bellucci T.,Djokovic N.,Djokovic N.,33,1,1145,13755,21.0,1.01
2015-08-13,Masters 1000,Outdoor,Hard,3rd Round,3,Sock J.,Djokovic N.,Djokovic N.,35,1,1115,13755,13.0,1.04
2015-08-15,Masters 1000,Outdoor,Hard,Quarterfinals,3,Gulbis E.,Djokovic N.,Djokovic N.,87,1,585,13755,11.0,1.04
2015-08-15,Masters 1000,Outdoor,Hard,Semifinals,3,Djokovic N.,Chardy J.,Djokovic N.,1,49,13755,925,1.04,13.0
2015-08-16,Masters 1000,Outdoor,Hard,The Final,3,Murray A.,Djokovic N.,Murray A.,3,1,7840,13755,2.75,1.44
2015-08-19,Masters 1000,Outdoor,Hard,2nd Round,3,Paire B.,Djokovic N.,Djokovic N.,42,1,1000,14265,15.0,1.03
2015-08-20,Masters 1000,Outdoor,Hard,3rd Round,3,Goffin D.,Djokovic N.,Djokovic N.,14,1,2090,14265,10.0,1.06
2015-08-21,Masters 1000,Outdoor,Hard,Quarterfinals,3,Wawrinka S.,Djokovic N.,Djokovic N.,5,1,5575,14265,4.0,1.25
2015-08-22,Masters 1000,Outdoor,Hard,Semifinals,3,Dolgopolov O.,Djokovic N.,Djokovic N.,66,1,750,14265,7.0,1.1
2015-08-23,Masters 1000,Outdoor,Hard,The Final,3,Djokovic N.,Federer R.,Federer R.,1,3,14265,8065,1.9,1.9
2015-09-03,Grand Slam,Outdoor,Hard,2nd Round,5,Djokovic N.,Haider-Maurer A.,Djokovic N.,1,52,14865,870,1.005,34.0
2015-09-04,Grand Slam,Outdoor,Hard,3rd Round,5,Djokovic N.,Seppi A.,Djokovic N.,1,25,14865,1430,1.01,26.0
2015-09-07,Grand Slam,Outdoor,Hard,4th Round,5,Djokovic N.,Bautista R.,Djokovic N.,1,23,14865,1510,1.005,26.0
2015-09-09,Grand Slam,Outdoor,Hard,Quarterfinals,5,Djokovic N.,Lopez F.,Djokovic N.,1,19,14865,1665,1.02,15.0
2015-09-11,Grand Slam,Outdoor,Hard,Semifinals,5,Cilic M.,Djokovic N.,Djokovic N.,9,1,3550,14865,6.0,1.12
2015-09-13,Grand Slam,Outdoor,Hard,The Final,5,Federer R.,Djokovic N.,Djokovic N.,2,1,9065,14865,2.2,1.66
2015-10-06,ATP500,Outdoor,Hard,1st Round,3,Bolelli S.,Djokovic N.,Djokovic N.,59,1,790,15645,11.0,1.03
2015-10-08,ATP500,Outdoor,Hard,2nd Round,3,Djokovic N.,Zhang Ze,Djokovic N.,1,219,15645,230,1.002,41.0
2015-10-09,ATP500,Outdoor,Hard,Quarterfinals,3,Isner J.,Djokovic N.,Djokovic N.,13,1,2280,15645,8.0,1.08
2015-10-10,ATP500,Outdoor,Hard,Semifinals,3,Ferrer D.,Djokovic N.,Djokovic N.,7,1,3945,15645,9.0,1.07
2015-10-11,ATP500,Outdoor,Hard,The Final,3,Djokovic N.,Nadal R.,Djokovic N.,1,8,15645,3770,1.1,7.0
2015-10-14,Masters 1000,Outdoor,Hard,2nd Round,3,Klizan M.,Djokovic N.,Djokovic N.,44,1,990,15785,21.0,1.01
2015-10-15,Masters 1000,Outdoor,Hard,3rd Round,3,Djokovic N.,Lopez F.,Djokovic N.,1,17,15785,1725,1.03,15.0
2015-10-16,Masters 1000,Outdoor,Hard,Quarterfinals,3,Djokovic N.,Tomic B.,Djokovic N.,1,20,15785,1585,1.01,21.0
2015-10-17,Masters 1000,Outdoor,Hard,Semifinals,3,Murray A.,Djokovic N.,Djokovic N.,2,1,8640,15785,3.75,1.28
2015-10-18,Masters 1000,Outdoor,Hard,The Final,3,Djokovic N.,Tsonga J.W.,Djokovic N.,1,15,15785,1990,1.06,10.0
2015-11-03,Masters 1000,Indoor,Hard,2nd Round,3,Bellucci T.,Djokovic N.,Djokovic N.,40,1,1080,15785,13.0,1.03
2015-11-05,Masters 1000,Indoor,Hard,3rd Round,3,Djokovic N.,Simon G.,Djokovic N.,1,15,15785,2100,1.04,13.0
2015-11-06,Masters 1000,Indoor,Hard,Quarterfinals,3,Djokovic N.,Berdych T.,Djokovic N.,1,5,15785,4730,1.1,7.0
2015-11-07,Masters 1000,Indoor,Hard,Semifinals,3,Wawrinka S.,Djokovic N.,Djokovic N.,4,1,6585,15785,6.0,1.12
2015-11-08,Masters 1000,Indoor,Hard,The Final,3,Djokovic N.,Murray A.,Djokovic N.,1,3,15785,8070,1.25,4.0
2015-11-15,Masters Cup,Indoor,Hard,Round Robin,3,Nishikori K.,Djokovic N.,Djokovic N.,8,1,4035,15285,11.0,1.05
2015-11-17,Masters Cup,Indoor,Hard,Round Robin,3,Federer R.,Djokovic N.,Federer R.,3,1,7340,15285,3.5,1.3
2015-11-19,Masters Cup,Indoor,Hard,Round Robin,3,Djokovic N.,Berdych T.,Djokovic N.,1,6,15285,4620,1.06,10.0
2015-11-21,Masters Cup,Indoor,Hard,Semifinals,3,Nadal R.,Djokovic N.,Djokovic N.,5,1,4630,15285,4.5,1.2
2015-11-22,Masters Cup,Indoor,Hard,The Final,3,Federer R.,Djokovic N.,Djokovic N.,3,1,7340,15285,2.75,1.44
2016-01-04,ATP250,Outdoor,Hard,1st Round,3,Brown D.,Djokovic N.,Djokovic N.,118,1,493,16585,21.0,1.01
2016-01-06,ATP250,Outdoor,Hard,2nd Round,3,Verdasco F.,Djokovic N.,Djokovic N.,49,1,900,16585,15.0,1.02
2016-01-07,ATP250,Outdoor,Hard,Quarterfinals,3,Djokovic N.,Mayer L.,Djokovic N.,1,35,16585,1150,1.01,21.0
2016-01-08,ATP250,Outdoor,Hard,Semifinals,3,Berdych T.,Djokovic N.,Djokovic N.,6,1,4620,16585,9.0,1.07
2016-01-09,ATP250,Outdoor,Hard,The Final,3,Djokovic N.,Nadal R.,Djokovic N.,1,5,16585,5230,1.14,5.5
2016-01-18,Grand Slam,Outdoor,Hard,1st Round,5,Djokovic N.,Chung H.,Djokovic N.,1,52,16790,821,1.002,41.0
2016-01-22,Grand Slam,Outdoor,Hard,3rd Round,5,Djokovic N.,Seppi A.,Djokovic N.,1,29,16790,1290,1.01,26.0
2016-01-24,Grand Slam,Outdoor,Hard,4th Round,5,Djokovic N.,Simon G.,Djokovic N.,1,15,16790,2145,1.01,21.0
2016-01-26,Grand Slam,Outdoor,Hard,Quarterfinals,5,Djokovic N.,Nishikori K.,Djokovic N.,1,7,16790,4235,1.12,6.0
2016-01-28,Grand Slam,Outdoor,Hard,Semifinals,5,Federer R.,Djokovic N.,Djokovic N.,3,1,8165,16790,3.5,1.3
2016-01-31,Grand Slam,Outdoor,Hard,The Final,5,Murray A.,Djokovic N.,Djokovic N.,2,1,8945,16790,5.0,1.2
2016-02-22,ATP500,Outdoor,Hard,1st Round,3,Robredo T.,Djokovic N.,Djokovic N.,41,1,1035,16790,17.0,1.02
2016-02-24,ATP500,Outdoor,Hard,2nd Round,3,Jaziri M.,Djokovic N.,Djokovic N.,121,1,486,16790,34.0,1.005
2016-03-14,Masters 1000,Outdoor,Hard,2nd Round,3,Djokovic N.,Fratangelo B.,Djokovic N.,1,149,16540,397,1.005,29.0
2016-03-16,Masters 1000,Outdoor,Hard,3rd Round,3,Kohlschreiber P.,Djokovic N.,Djokovic N.,30,1,1330,16540,7.0,1.1
2016-03-17,Masters 1000,Outdoor,Hard,4th Round,3,Djokovic N.,Lopez F.,Djokovic N.,1,21,16540,1630,1.07,9.0
2016-03-18,Masters 1000,Outdoor,Hard,Quarterfinals,3,Tsonga J.W.,Djokovic N.,Djokovic N.,9,1,2950,16540,6.5,1.11
2016-03-19,Masters 1000,Outdoor,Hard,Semifinals,3,Nadal R.,Djokovic N.,Djokovic N.,5,1,4810,16540,5.5,1.14
2016-03-20,Masters 1000,Outdoor,Hard,The Final,3,Djokovic N.,Raonic M.,Djokovic N.,1,14,16540,2410,1.14,5.5
2016-03-26,Masters 1000,Outdoor,Hard,2nd Round,3,Djokovic N.,Edmund K.,Djokovic N.,1,87,16540,623,1.01,23.0
2016-03-27,Masters 1000,Outdoor,Hard,3rd Round,3,Sousa J.,Djokovic N.,Djokovic N.,38,1,1146,16540,26.0,1.01
2016-03-29,Masters 1000,Outdoor,Hard,4th Round,3,Thiem D.,Djokovic N.,Djokovic N.,14,1,2510,16540,7.0,1.1
2016-03-31,Masters 1000,Outdoor,Hard,Quarterfinals,3,Djokovic N.,Berdych T.,Djokovic N.,1,7,16540,3810,1.08,8.0
2016-04-01,Masters 1000,Outdoor,Hard,Semifinals,3,Goffin D.,Djokovic N.,Djokovic N.,15,1,2290,16540,9.0,1.07
2016-04-03,Masters 1000,Outdoor,Hard,The Final,3,Nishikori K.,Djokovic N.,Djokovic N.,6,1,4070,16540,5.5,1.14
2016-04-13,Masters 1000,Outdoor,Clay,2nd Round,3,Vesely J.,Djokovic N.,Vesely J.,55,1,840,16540,23.0,1.01
2016-05-04,Masters 1000,Outdoor,Clay,2nd Round,3,Coric B.,Djokovic N.,Djokovic N.,40,1,1015,15550,11.0,1.05
2016-05-05,Masters 1000,Outdoor,Clay,3rd Round,3,Bautista Agut R.,Djokovic N.,Djokovic N.,17,1,2015,15550,13.0,1.04
2016-05-06,Masters 1000,Outdoor,Clay,Quarterfinals,3,Raonic M.,Djokovic N.,Djokovic N.,10,1,2740,15550,7.0,1.1
2016-05-07,Masters 1000,Outdoor,Clay,Semifinals,3,Nishikori K.,Djokovic N.,Djokovic N.,6,1,4290,15550,6.0,1.12
2016-05-08,Masters 1000,Outdoor,Clay,The Final,3,Djokovic N.,Murray A.,Djokovic N.,1,2,15550,7925,1.25,4.0
2016-05-11,Masters 1000,Outdoor,Clay,2nd Round,3,Robert S.,Djokovic N.,Djokovic N.,103,1,558,16550,34.0,1.005
2016-05-12,Masters 1000,Outdoor,Clay,3rd Round,3,Bellucci T.,Djokovic N.,Djokovic N.,37,1,1080,16550,13.0,1.04
2016-05-13,Masters 1000,Outdoor,Clay,Quarterfinals,3,Nadal R.,Djokovic N.,Djokovic N.,5,1,5675,16550,3.4,1.36
2016-05-14,Masters 1000,Outdoor,Clay,Semifinals,3,Djokovic N.,Nishikori K.,Djokovic N.,1,6,16550,4290,1.14,5.5
2016-05-15,Masters 1000,Outdoor,Clay,The Final,3,Djokovic N.,Murray A.,Murray A.,1,3,16550,7525,1.44,2.75
2016-05-26,Grand Slam,Outdoor,Clay,2nd Round,5,Djokovic N.,Darcis S.,Djokovic N.,1,161,16150,331,1.005,34.0
2016-05-28,Grand Slam,Outdoor,Clay,3rd Round,5,Djokovic N.,Bedene A.,Djokovic N.,1,66,16150,765,1.005,34.0
2016-06-01,Grand Slam,Outdoor,Clay,4th Round,5,Bautista Agut R.,Djokovic N.,Djokovic N.,16,1,2015,16150,21.0,1.01
2016-06-02,Grand Slam,Outdoor,Clay,Quarterfinals,5,Djokovic N.,Berdych T.,Djokovic N.,1,8,16150,2850,1.06,10.0
2016-06-03,Grand Slam,Outdoor,Clay,Semifinals,5,Thiem D.,Djokovic N.,Djokovic N.,15,1,2430,16150,8.0,1.08
2016-06-05,Grand Slam,Outdoor,Clay,The Final,5,Murray A.,Djokovic N.,Djokovic N.,2,1,8435,16150,3.5,1.3
2016-06-27,Grand Slam,Outdoor,Grass,1st Round,5,Ward J.,Djokovic N.,Djokovic N.,177,1,309,16950,34.0,1.005
2016-06-29,Grand Slam,Outdoor,Grass,2nd Round,5,Djokovic N.,Mannarino A.,Djokovic N.,1,55,16950,880,1.005,34.0
2016-07-02,Grand Slam,Outdoor,Grass,3rd Round,5,Djokovic N.,Querrey S.,Querrey S.,1,41,16950,1075,1.01,26.0
2016-07-27,Masters 1000,Outdoor,Hard,2nd Round,3,Muller G.,Djokovic N.,Djokovic N.,37,1,1230,15040,15.0,1.03
2016-07-29,Masters 1000,Outdoor,Hard,3rd Round,3,Stepanek R.,Djokovic N.,Djokovic N.,129,1,451,15040,15.0,1.03
2016-07-29,Masters 1000,Outdoor,Hard,Quarterfinals,3,Djokovic N.,Berdych T.,Djokovic N.,1,8,15040,3490,1.1,7.0
2016-07-31,Masters 1000,Outdoor,Hard,Semifinals,3,Monfils G.,Djokovic N.,Djokovic N.,14,1,2440,15040,7.0,1.1
2016-07-31,Masters 1000,Outdoor,Hard,The Final,3,Djokovic N.,Nishikori K.,Djokovic N.,1,6,15040,4290,1.11,6.5
2016-08-30,Grand Slam,Outdoor,Hard,1st Round,5,Djokovic N.,Janowicz J.,Djokovic N.,1,247,14840,216,1.01,26.0
2016-09-05,Grand Slam,Outdoor,Hard,4th Round,5,Djokovic N.,Edmund K.,Djokovic N.,1,84,14840,679,1.06,10.0
2016-09-09,Grand Slam,Outdoor,Hard,Semifinals,5,Monfils G.,Djokovic N.,Djokovic N.,12,1,2835,14840,5.5,1.14
2016-09-11,Grand Slam,Outdoor,Hard,The Final,5,Djokovic N.,Wawrinka S.,Wawrinka S.,1,3,14840,4980,1.33,3.4
2016-10-11,Masters 1000,Outdoor,Hard,2nd Round,3,Fognini F.,Djokovic N.,Djokovic N.,50,1,885,13540,13.0,1.04
2016-10-13,Masters 1000,Outdoor,Hard,3rd Round,3,Djokovic N.,Pospisil V.,Djokovic N.,1,131,13540,456,1.03,15.0
2016-10-14,Masters 1000,Outdoor,Hard,Quarterfinals,3,Djokovic N.,Zverev M.,Djokovic N.,1,110,13540,537,1.02,15.0
2016-10-15,Masters 1000,Outdoor,Hard,Semifinals,3,Djokovic N.,Bautista Agut R.,Bautista Agut R.,1,19,13540,1950,1.14,5.5
2016-11-02,Masters 1000,Indoor,Hard,2nd Round,3,Djokovic N.,Muller G.,Djokovic N.,1,34,12900,1255,1.08,8.0
2016-11-03,Masters 1000,Indoor,Hard,3rd Round,3,Djokovic N.,Dimitrov G.,Djokovic N.,1,18,12900,2035,1.11,6.5
2016-11-04,Masters 1000,Indoor,Hard,Quarterfinals,3,Cilic M.,Djokovic N.,Cilic M.,10,1,3100,12900,4.5,1.18
2016-11-13,Masters Cup,Indoor,Hard,Round Robin,3,Thiem D.,Djokovic N.,Djokovic N.,9,2,3215,10780,6.0,1.12
2016-11-15,Masters Cup,Indoor,Hard,Round Robin,3,Djokovic N.,Raonic M.,Djokovic N.,2,4,10780,5050,1.22,4.33
2016-11-17,Masters Cup,Indoor,Hard,Round Robin,3,Goffin D.,Djokovic N.,Djokovic N.,11,2,2780,10780,7.0,1.1
2016-11-19,Masters Cup,Indoor,Hard,Semifinals,3,Djokovic N.,Nishikori K.,Djokovic N.,2,5,10780,4705,1.22,4.33
2016-11-20,Masters Cup,Indoor,Hard,The Final,3,Djokovic N.,Murray A.,Murray A.,2,1,10780,11185,1.53,2.5
2017-01-02,ATP250,Outdoor,Hard,1st Round,3,Djokovic N.,Struff J.L.,Djokovic N.,2,63,11780,758,1.03,15.0
2017-01-04,ATP250,Outdoor,Hard,2nd Round,3,Djokovic N.,Zeballos H.,Djokovic N.,2,71,11780,722,1.02,19.0
2017-01-05,ATP250,Outdoor,Hard,Quarterfinals,3,Stepanek R.,Djokovic N.,Djokovic N.,107,2,558,11780,17.0,1.02
2017-01-06,ATP250,Outdoor,Hard,Semifinals,3,Djokovic N.,Verdasco F.,Djokovic N.,2,42,11780,1035,1.08,8.0
2017-01-07,ATP250,Outdoor,Hard,The Final,3,Djokovic N.,Murray A.,Djokovic N.,2,1,11780,12410,2.3,1.61
2017-01-17,Grand Slam,Outdoor,Hard,1st Round,5,Verdasco F.,Djokovic N.,Djokovic N.,40,2,1105,11780,10.0,1.06
2017-01-19,Grand Slam,Outdoor,Hard,2nd Round,5,Istomin D.,Djokovic N.,Istomin D.,117,2,498,11780,23.0,1.01
2017-03-01,ATP500,Outdoor,Hard,1st Round,3,Klizan M.,Djokovic N.,Djokovic N.,62,2,775,9735,9.0,1.07
2017-03-02,ATP500,Outdoor,Hard,2nd Round,3,Del Potro J.M.,Djokovic N.,Djokovic N.,32,2,1110,9735,3.75,1.25
2017-03-03,ATP500,Outdoor,Hard,Quarterfinals,3,Djokovic N.,Kyrgios N.,Kyrgios N.,2,17,9735,2075,1.33,3.25
2017-03-13,Masters 1000,Outdoor,Hard,2nd Round,3,Djokovic N.,Edmund K.,Djokovic N.,2,46,9825,933,1.07,9.0
2017-03-15,Masters 1000,Outdoor,Hard,3rd Round,3,Del Potro J.M.,Djokovic N.,Djokovic N.,35,2,1155,9825,3.25,1.36
2017-03-15,Masters 1000,Outdoor,Hard,4th Round,3,Djokovic N.,Kyrgios N.,Kyrgios N.,2,16,9825,2255,1.4,3.0
2017-04-18,Masters 1000,Outdoor,Clay,2nd Round,3,Simon G.,Djokovic N.,Djokovic N.,32,2,1255,7905,8.0,1.08
2017-04-20,Masters 1000,Outdoor,Clay,3rd Round,3,Carreno Busta P.,Djokovic N.,Djokovic N.,19,2,2025,7905,6.0,1.12
2017-04-21,Masters 1000,Outdoor,Clay,Quarterfinals,3,Goffin D.,Djokovic N.,Goffin D.,13,2,2705,7905,3.4,1.33
2017-05-10,Masters 1000,Outdoor,Clay,2nd Round,3,Djokovic N.,Almagro N.,Djokovic N.,2,76,7085,675,1.14,5.5
2017-05-11,Masters 1000,Outdoor,Clay,3rd Round,3,Djokovic N.,Lopez F.,Djokovic N.,2,38,7085,1045,1.14,5.5
2017-05-13,Masters 1000,Outdoor,Clay,Semifinals,3,Nadal R.,Djokovic N.,Nadal R.,5,2,4375,7085,1.44,2.75
2017-05-16,Masters 1000,Outdoor,Clay,2nd Round,3,Djokovic N.,Bedene A.,Djokovic N.,2,55,6845,848,1.11,6.5
2017-05-18,Masters 1000,Outdoor,Clay,3rd Round,3,Bautista Agut R.,Djokovic N.,Djokovic N.,20,2,2110,6845,4.33,1.22
2017-05-20,Masters 1000,Outdoor,Clay,Quarterfinals,3,Djokovic N.,Del Potro J.M.,Djokovic N.,2,34,6845,1125,1.44,2.75
2017-05-20,Masters 1000,Outdoor,Clay,Semifinals,3,Djokovic N.,Thiem D.,Djokovic N.,2,7,6845,4035,1.57,2.37
2017-05-21,Masters 1000,Outdoor,Clay,The Final,3,Djokovic N.,Zverev A.,Zverev A.,2,17,6845,2300,1.16,5.0
2017-05-29,Grand Slam,Outdoor,Clay,1st Round,5,Granollers M.,Djokovic N.,Djokovic N.,77,2,675,7445,21.0,1.01
2017-05-31,Grand Slam,Outdoor,Clay,2nd Round,5,Sousa J.,Djokovic N.,Djokovic N.,59,2,830,7445,21.0,1.01
2017-06-02,Grand Slam,Outdoor,Clay,3rd Round,5,Djokovic N.,Schwartzman D.,Djokovic N.,2,41,7445,1005,1.05,11.0
2017-06-04,Grand Slam,Outdoor,Clay,4th Round,5,Djokovic N.,Ramos-Vinolas A.,Djokovic N.,2,20,7445,2065,1.1,7.0
2017-06-07,Grand Slam,Outdoor,Clay,Quarterfinals,5,Thiem D.,Djokovic N.,Thiem D.,7,2,4145,7445,2.75,1.44
2017-06-28,ATP250,Outdoor,Grass,2nd Round,3,Pospisil V.,Djokovic N.,Djokovic N.,75,4,671,5805,4.5,1.18
2017-06-29,ATP250,Outdoor,Grass,Quarterfinals,3,Young D.,Djokovic N.,Djokovic N.,47,4,935,5805,7.0,1.1
2017-06-30,ATP250,Outdoor,Grass,Semifinals,3,Medvedev D.,Djokovic N.,Djokovic N.,52,4,864,5805,6.0,1.12
2017-07-01,ATP250,Outdoor,Grass,The Final,3,Monfils G.,Djokovic N.,Djokovic N.,16,4,2545,5805,5.0,1.16
2017-07-06,Grand Slam,Outdoor,Grass,2nd Round,5,Djokovic N.,Pavlasek A.,Djokovic N.,4,136,6055,415,1.01,26.0
2017-07-08,Grand Slam,Outdoor,Grass,3rd Round,5,Gulbis E.,Djokovic N.,Djokovic N.,589,4,50,6055,9.0,1.07
2017-07-11,Grand Slam,Outdoor,Grass,4th Round,5,Djokovic N.,Mannarino A.,Djokovic N.,4,51,6055,896,1.03,15.0
2018-01-16,Grand Slam,Outdoor,Hard,1st Round,5,Djokovic N.,Young D.,Djokovic N.,14,63,2335,816,1.07,8.0
2018-01-18,Grand Slam,Outdoor,Hard,2nd Round,5,Monfils G.,Djokovic N.,Djokovic N.,39,14,1265,2335,4.0,1.25
2018-01-20,Grand Slam,Outdoor,Hard,3rd Round,5,Ramos-Vinolas A.,Djokovic N.,Djokovic N.,22,14,1845,2335,8.0,1.08
2018-01-22,Grand Slam,Outdoor,Hard,4th Round,5,Chung H.,Djokovic N.,Chung H.,58,14,857,2335,4.0,1.25
2018-03-11,Masters 1000,Outdoor,Hard,2nd Round,3,Daniel T.,Djokovic N.,Daniel T.,109,13,539,2380,7.0,1.1
2018-03-23,Masters 1000,Outdoor,Hard,2nd Round,3,Paire B.,Djokovic N.,Paire B.,47,12,1075,2300,4.33,1.2
2018-04-16,Masters 1000,Outdoor,Clay,1st Round,3,Lajovic D.,Djokovic N.,Djokovic N.,93,13,639,2310,3.5,1.28
2018-04-18,Masters 1000,Outdoor,Clay,2nd Round,3,Coric B.,Djokovic N.,Djokovic N.,39,13,1251,2310,3.0,1.36
2018-04-19,Masters 1000,Outdoor,Clay,3rd Round,3,Djokovic N.,Thiem D.,Thiem D.,13,7,2310,3665,1.61,2.3
2018-04-25,ATP500,Outdoor,Clay,2nd Round,3,Djokovic N.,Klizan M.,Klizan M.,12,140,2220,396,1.16,5.0
2018-05-07,Masters 1000,Outdoor,Clay,1st Round,3,Nishikori K.,Djokovic N.,Djokovic N.,20,12,1835,2220,2.1,1.66
2018-05-09,Masters 1000,Outdoor,Clay,2nd Round,3,Edmund K.,Djokovic N.,Edmund K.,22,12,1757,2220,3.5,1.28
2018-05-14,Masters 1000,Outdoor,Clay,1st Round,3,Djokovic N.,Dolgopolov O.,Djokovic N.,18,54,1905,966,1.12,6.0
2018-05-16,Masters 1000,Outdoor,Clay,2nd Round,3,Basilashvili N.,Djokovic N.,Djokovic N.,74,18,767,1905,7.0,1.1
2018-05-17,Masters 1000,Outdoor,Clay,3rd Round,3,Ramos-Vinolas A.,Djokovic N.,Djokovic N.,41,18,1180,1905,5.0,1.16
2018-05-18,Masters 1000,Outdoor,Clay,Quarterfinals,3,Nishikori K.,Djokovic N.,Djokovic N.,24,18,1665,1905,2.5,1.53
2018-05-19,Masters 1000,Outdoor,Clay,Semifinals,3,Djokovic N.,Nadal R.,Nadal R.,18,2,1905,7950,5.0,1.16
2018-05-28,Grand Slam,Outdoor,Clay,1st Round,5,Djokovic N.,Dutra Silva R.,Djokovic N.,22,134,1665,421,1.06,11.0
2018-05-30,Grand Slam,Outdoor,Clay,2nd Round,5,Djokovic N.,Munar J.,Djokovic N.,22,155,1665,356,1.07,9.0
2018-06-01,Grand Slam,Outdoor,Clay,3rd Round,5,Djokovic N.,Bautista Agut R.,Djokovic N.,22,13,1665,2120,1.16,5.0
2018-06-03,Grand Slam,Outdoor,Clay,4th Round,5,Djokovic N.,Verdasco F.,Djokovic N.,22,35,1665,1280,1.22,4.33
2018-06-05,Grand Slam,Outdoor,Clay,Quarterfinals,5,Djokovic N.,Cecchinato M.,Cecchinato M.,22,72,1665,806,1.08,9.0
2018-06-19,ATP500,Outdoor,Grass,1st Round,3,Djokovic N.,Millman J.,Djokovic N.,22,63,1665,901,1.12,6.0
2018-06-21,ATP500,Outdoor,Grass,2nd Round,3,Dimitrov G.,Djokovic N.,Djokovic N.,5,22,4870,1665,3.0,1.36
2018-06-22,ATP500,Outdoor,Grass,Quarterfinals,3,Mannarino A.,Djokovic N.,Djokovic N.,26,22,1535,1665,8.0,1.08
2018-06-23,ATP500,Outdoor,Grass,Semifinals,3,Djokovic N.,Chardy J.,Djokovic N.,22,61,1665,910,1.11,6.5
2018-06-24,ATP500,Outdoor,Grass,The Final,3,Djokovic N.,Cilic M.,Cilic M.,22,6,1665,4860,1.66,2.2
2018-07-03,Grand Slam,Outdoor,Grass,1st Round,5,Sandgren T.,Djokovic N.,Djokovic N.,57,21,923,1715,15.0,1.03
2018-07-05,Grand Slam,Outdoor,Grass,2nd Round,5,Djokovic N.,Zeballos H.,Djokovic N.,21,126,1715,438,1.01,23.0
2018-07-07,Grand Slam,Outdoor,Grass,3rd Round,5,Edmund K.,Djokovic N.,Djokovic N.,17,21,1950,1715,4.0,1.25
2018-07-09,Grand Slam,Outdoor,Grass,4th Round,5,Khachanov K.,Djokovic N.,Djokovic N.,40,21,1130,1715,7.0,1.11
2018-07-11,Grand Slam,Outdoor,Grass,Quarterfinals,5,Nishikori K.,Djokovic N.,Djokovic N.,28,21,1530,1715,6.0,1.12
2018-07-14,Grand Slam,Outdoor,Grass,Semifinals,5,Djokovic N.,Nadal R.,Djokovic N.,21,1,1715,8770,1.9,1.9
2018-07-15,Grand Slam,Outdoor,Grass,The Final,5,Anderson K.,Djokovic N.,Djokovic N.,8,21,3635,1715,5.0,1.16
2018-08-07,Masters 1000,Outdoor,Hard,1st Round,3,Basic M.,Djokovic N.,Djokovic N.,84,10,695,3355,11.0,1.04
2018-08-08,Masters 1000,Outdoor,Hard,2nd Round,3,Djokovic N.,Polansky P.,Djokovic N.,10,121,3355,468,1.06,10.0
2018-08-09,Masters 1000,Outdoor,Hard,3rd Round,3,Tsitsipas S.,Djokovic N.,Tsitsipas S.,27,10,1534,3355,4.0,1.22
2018-08-14,Masters 1000,Outdoor,Hard,1st Round,3,Djokovic N.,Johnson S.,Djokovic N.,10,33,3445,1235,1.14,5.5
2018-08-15,Masters 1000,Outdoor,Hard,2nd Round,3,Djokovic N.,Mannarino A.,Djokovic N.,10,28,3445,1410,1.1,7.0
2018-08-17,Masters 1000,Outdoor,Hard,3rd Round,3,Dimitrov G.,Djokovic N.,Djokovic N.,5,10,4700,3445,3.75,1.25
2018-08-17,Masters 1000,Outdoor,Hard,Quarterfinals,3,Djokovic N.,Raonic M.,Djokovic N.,10,29,3445,1395,1.36,3.25
2018-08-18,Masters 1000,Outdoor,Hard,Semifinals,3,Cilic M.,Djokovic N.,Djokovic N.,7,10,4085,3445,2.75,1.44
2018-08-19,Masters 1000,Outdoor,Hard,The Final,3,Djokovic N.,Federer R.,Djokovic N.,10,2,3445,6480,2.1,1.72
2018-08-28,Grand Slam,Outdoor,Hard,1st Round,5,Djokovic N.,Fucsovics M.,Djokovic N.,6,41,4445,1072,1.02,19.0
2018-08-31,Grand Slam,Outdoor,Hard,2nd Round,5,Sandgren T.,Djokovic N.,Djokovic N.,61,6,876,4445,17.0,1.02
2018-09-02,Grand Slam,Outdoor,Hard,3rd Round,5,Gasquet R.,Djokovic N.,Djokovic N.,25,6,1535,4445,9.0,1.08
2018-09-03,Grand Slam,Outdoor,Hard,4th Round,5,Djokovic N.,Sousa J.,Djokovic N.,6,68,4445,816,1.02,19.0
2018-09-06,Grand Slam,Outdoor,Hard,Quarterfinals,5,Djokovic N.,Millman J.,Djokovic N.,6,55,4445,963,1.06,11.0
2018-09-08,Grand Slam,Outdoor,Hard,Semifinals,5,Nishikori K.,Djokovic N.,Djokovic N.,19,6,1755,4445,5.0,1.16
2018-09-09,Grand Slam,Outdoor,Hard,The Final,5,Djokovic N.,Del Potro J.M.,Djokovic N.,6,3,4445,5500,1.44,2.75
2018-10-09,Masters 1000,Outdoor,Hard,2nd Round,3,Chardy J.,Djokovic N.,Djokovic N.,41,3,1100,6445,8.0,1.08
2018-10-11,Masters 1000,Outdoor,Hard,3rd Round,3,Djokovic N.,Cecchinato M.,Djokovic N.,3,21,6445,1768,1.05,12.0
2018-10-12,Masters 1000,Outdoor,Hard,Quarterfinals,3,Anderson K.,Djokovic N.,Djokovic N.,8,3,3640,6445,5.0,1.16
2018-10-13,Masters 1000,Outdoor,Hard,Semifinals,3,Djokovic N.,Zverev A.,Djokovic N.,3,5,6445,4755,1.33,3.4
2018-10-14,Masters 1000,Outdoor,Hard,The Final,3,Djokovic N.,Coric B.,Djokovic N.,3,19,6445,1815,1.12,6.0
2018-10-30,Masters 1000,Indoor,Hard,2nd Round,3,Sousa J.,Djokovic N.,Djokovic N.,48,2,1017,7445,17.0,1.02
2018-11-02,Masters 1000,Indoor,Hard,Quarterfinals,3,Djokovic N.,Cilic M.,Djokovic N.,2,7,7445,4050,1.14,5.5
2018-11-03,Masters 1000,Indoor,Hard,Semifinals,3,Federer R.,Djokovic N.,Djokovic N.,3,2,6260,7445,3.0,1.4
2018-11-04,Masters 1000,Indoor,Hard,The Final,3,Khachanov K.,Djokovic N.,Khachanov K.,18,2,1845,7445,5.0,1.16
2018-11-12,Masters Cup,Indoor,Hard,Round Robin,3,Djokovic N.,Isner J.,Djokovic N.,1,10,8045,3155,1.11,7.0
2018-11-14,Masters Cup,Indoor,Hard,Round Robin,3,Zverev A.,Djokovic N.,Djokovic N.,5,1,5085,8045,5.5,1.14
2018-11-16,Masters Cup,Indoor,Hard,Round Robin,3,Djokovic N.,Cilic M.,Djokovic N.,1,7,8045,4050,1.2,4.5
2018-11-17,Masters Cup,Indoor,Hard,Semifinals,3,Djokovic N.,Anderson K.,Djokovic N.,1,6,8045,4310,1.11,7.0
2018-11-18,Masters Cup,Indoor,Hard,The Final,3,Djokovic N.,Zverev A.,Zverev A.,1,5,8045,5085,1.14,5.5
2019-01-01,ATP250,Outdoor,Hard,1st Round,3,Djokovic N.,Dzumhur D.,Djokovic N.,1,47,9045,985,1.05,11.0
2019-01-02,ATP250,Outdoor,Hard,2nd Round,3,Fucsovics M.,Djokovic N.,Djokovic N.,36,1,1122,9045,13.0,1.04
2019-01-03,ATP250,Outdoor,Hard,Quarterfinals,3,Djokovic N.,Basilashvili N.,Djokovic N.,1,21,9045,1795,1.06,10.0
2019-01-04,ATP250,Outdoor,Hard,Semifinals,3,Djokovic N.,Bautista Agut R.,Bautista Agut R.,1,24,9045,1605,1.16,5.0
2019-01-15,Grand Slam,Outdoor,Hard,1st Round,5,Krueger M.,Djokovic N.,Djokovic N.,230,1,216,9135,29.0,1.005
2019-01-17,Grand Slam,Outdoor,Hard,2nd Round,5,Djokovic N.,Tsonga J.W.,Djokovic N.,1,177,9135,290,1.06,10.0
2019-01-19,Grand Slam,Outdoor,Hard,3rd Round,5,Shapovalov D.,Djokovic N.,Djokovic N.,27,1,1440,9135,11.0,1.05
2019-01-21,Grand Slam,Outdoor,Hard,4th Round,5,Djokovic N.,Medvedev D.,Djokovic N.,1,19,9135,1865,1.11,6.5
2019-01-25,Grand Slam,Outdoor,Hard,Semifinals,5,Pouille L.,Djokovic N.,Djokovic N.,31,1,1245,9135,11.0,1.05
2019-01-27,Grand Slam,Outdoor,Hard,The Final,5,Djokovic N.,Nadal R.,Djokovic N.,1,2,9135,7480,1.74,2.15
2019-03-10,Masters 1000,Outdoor,Hard,2nd Round,3,Djokovic N.,Fratangelo B.,Djokovic N.,1,128,10955,452,1.02,17.0
2019-03-12,Masters 1000,Outdoor,Hard,3rd Round,3,Djokovic N.,Kohlschreiber P.,Kohlschreiber P.,1,39,10955,1160,1.07,9.0
2019-03-23,Masters 1000,Outdoor,Hard,2nd Round,3,Tomic B.,Djokovic N.,Djokovic N.,81,1,679,10990,13.0,1.04
2019-03-24,Masters 1000,Outdoor,Hard,3rd Round,3,Djokovic N.,Delbonis F.,Djokovic N.,1,83,10990,676,1.04,13.0
2019-03-26,Masters 1000,Outdoor,Hard,4th Round,3,Bautista Agut R.,Djokovic N.,Bautista Agut R.,25,1,1510,10990,4.5,1.2
2019-04-16,Masters 1000,Outdoor,Clay,2nd Round,3,Djokovic N.,Kohlschreiber P.,Djokovic N.,1,40,11070,1090,1.16,5.0
2019-04-18,Masters 1000,Outdoor,Clay,3rd Round,3,Fritz T.,Djokovic N.,Djokovic N.,65,1,810,11070,9.0,1.07
2019-04-19,Masters 1000,Outdoor,Clay,Quarterfinals,3,Medvedev D.,Djokovic N.,Medvedev D.,14,1,2295,11070,4.33,1.22
2019-05-07,Masters 1000,Outdoor,Clay,2nd Round,3,Fritz T.,Djokovic N.,Djokovic N.,57,1,900,11160,7.0,1.1
2019-05-09,Masters 1000,Outdoor,Clay,3rd Round,3,Chardy J.,Djokovic N.,Djokovic N.,47,1,970,11160,8.0,1.08
2019-05-11,Masters 1000,Outdoor,Clay,Semifinals,3,Thiem D.,Djokovic N.,Djokovic N.,5,1,5085,11160,2.0,1.8
2019-05-12,Masters 1000,Outdoor,Clay,The Final,3,Tsitsipas S.,Djokovic N.,Djokovic N.,9,1,3190,11160,3.0,1.4
2019-05-16,Masters 1000,Outdoor,Clay,2nd Round,3,Djokovic N.,Shapovalov D.,Djokovic N.,1,22,12115,1470,1.1,7.0
2019-05-16,Masters 1000,Outdoor,Clay,3rd Round,3,Kohlschreiber P.,Djokovic N.,Djokovic N.,56,1,895,12115,8.0,1.08
2019-05-17,Masters 1000,Outdoor,Clay,Quarterfinals,3,Del Potro J.M.,Djokovic N.,Djokovic N.,9,1,3145,12115,7.0,1.1
2019-05-18,Masters 1000,Outdoor,Clay,Semifinals,3,Schwartzman D.,Djokovic N.,Djokovic N.,24,1,1440,12115,6.5,1.11
2019-05-19,Masters 1000,Outdoor,Clay,The Final,3,Nadal R.,Djokovic N.,Nadal R.,2,1,7945,12115,1.44,2.75
2019-05-27,Grand Slam,Outdoor,Clay,1st Round,5,Djokovic N.,Hurkacz H.,Djokovic N.,1,44,12355,1040,1.03,15.0
2019-05-30,Grand Slam,Outdoor,Clay,2nd Round,5,Laaksonen H.,Djokovic N.,Djokovic N.,104,1,548,12355,29.0,1.005
2019-06-01,Grand Slam,Outdoor,Clay,3rd Round,5,Caruso S.,Djokovic N.,Djokovic N.,147,1,388,12355,29.0,1.005
2019-06-03,Grand Slam,Outdoor,Clay,4th Round,5,Djokovic N.,Struff J.L.,Djokovic N.,1,45,12355,1035,1.04,13.0
2019-06-06,Grand Slam,Outdoor,Clay,Quarterfinals,5,Djokovic N.,Zverev A.,Djokovic N.,1,5,12355,4360,1.1,7.0
2019-06-08,Grand Slam,Outdoor,Clay,Semifinals,5,Djokovic N.,Thiem D.,Thiem D.,1,4,12355,4685,1.44,2.75
2019-07-01,Grand Slam,Outdoor,Grass,1st Round,5,Kohlschreiber P.,Djokovic N.,Djokovic N.,57,1,885,12415,15.0,1.03
2019-07-03,Grand Slam,Outdoor,Grass,2nd Round,5,Kudla D.,Djokovic N.,Djokovic N.,111,1,520,12415,26.0,1.01
2019-07-05,Grand Slam,Outdoor,Grass,3rd Round,5,Hurkacz H.,Djokovic N.,Djokovic N.,48,1,959,12415,23.0,1.01
2019-07-08,Grand Slam,Outdoor,Grass,4th Round,5,Djokovic N.,Humbert U.,Djokovic N.,1,66,12415,822,1.02,17.0
2019-07-10,Grand Slam,Outdoor,Grass,Quarterfinals,5,Djokovic N.,Goffin D.,Djokovic N.,1,23,12415,1510,1.08,8.0
2019-07-12,Grand Slam,Outdoor,Grass,Semifinals,5,Djokovic N.,Bautista Agut R.,Djokovic N.,1,22,12415,1600,1.08,8.0
2019-07-14,Grand Slam,Outdoor,Grass,The Final,5,Djokovic N.,Federer R.,Djokovic N.,1,3,12415,6620,1.55,2.6
2019-08-13,Masters 1000,Outdoor,Hard,2nd Round,3,Querrey S.,Djokovic N.,Djokovic N.,45,1,1035,12325,7.0,1.1
2019-08-16,Masters 1000,Outdoor,Hard,3rd Round,3,Djokovic N.,Carreno Busta P.,Djokovic N.,1,53,12325,962,1.06,10.0
2019-08-17,Masters 1000,Outdoor,Hard,Quarterfinals,3,Pouille L.,Djokovic N.,Djokovic N.,31,1,1340,12325,13.0,1.04
2019-08-17,Masters 1000,Outdoor,Hard,Semifinals,3,Djokovic N.,Medvedev D.,Medvedev D.,1,8,12325,3230,1.33,3.4
2019-08-26,Grand Slam,Outdoor,Hard,1st Round,5,Carballes Baena R.,Djokovic N.,Djokovic N.,76,1,787,11685,34.0,1.005
2019-08-29,Grand Slam,Outdoor,Hard,2nd Round,5,Londero J.I.,Djokovic N.,Djokovic N.,56,1,970,11685,26.0,1.01
2019-08-31,Grand Slam,Outdoor,Hard,3rd Round,5,Kudla D.,Djokovic N.,Djokovic N.,111,1,491,11685,8.0,1.08
2019-10-01,ATP500,Outdoor,Hard,1st Round,3,Popyrin A.,Djokovic N.,Djokovic N.,94,1,596,9865,6.5,1.11
2019-10-02,ATP500,Outdoor,Hard,2nd Round,3,Djokovic N.,Soeda G.,Djokovic N.,1,133,9865,412,1.04,13.0
2019-10-04,ATP500,Outdoor,Hard,Quarterfinals,3,Pouille L.,Djokovic N.,Djokovic N.,24,1,1520,9865,5.5,1.14
2019-10-05,ATP500,Outdoor,Hard,Semifinals,3,Djokovic N.,Goffin D.,Djokovic N.,1,15,9865,2055,1.14,5.5
2019-10-06,ATP500,Outdoor,Hard,The Final,3,Millman J.,Djokovic N.,Djokovic N.,80,1,691,9865,11.0,1.05
2019-10-09,Masters 1000,Outdoor,Hard,2nd Round,3,Djokovic N.,Shapovalov D.,Djokovic N.,1,36,10365,1220,1.1,7.0
2019-10-10,Masters 1000,Outdoor,Hard,3rd Round,3,Isner J.,Djokovic N.,Djokovic N.,17,1,1895,10365,6.5,1.11
2019-10-11,Masters 1000,Outdoor,Hard,Quarterfinals,3,Djokovic N.,Tsitsipas S.,Tsitsipas S.,1,7,10365,3630,1.14,5.5
2019-10-30,Masters 1000,Indoor,Hard,2nd Round,3,Djokovic N.,Moutet C.,Djokovic N.,1,97,9545,584,1.03,15.0
2019-10-31,Masters 1000,Indoor,Hard,3rd Round,3,Edmund K.,Djokovic N.,Djokovic N.,75,1,710,9545,7.0,1.1
2019-11-01,Masters 1000,Indoor,Hard,Quarterfinals,3,Tsitsipas S.,Djokovic N.,Djokovic N.,7,1,3830,9545,3.5,1.3
2019-11-02,Masters 1000,Indoor,Hard,Semifinals,3,Djokovic N.,Dimitrov G.,Djokovic N.,1,27,9545,1477,1.12,6.0
2019-11-03,Masters 1000,Indoor,Hard,The Final,3,Shapovalov D.,Djokovic N.,Djokovic N.,28,1,1460,9545,6.0,1.12
2020-01-20,Grand Slam,Outdoor,Hard,1st Round,5,Struff J.L.,Djokovic N.,Djokovic N.,37,2,1270,9720,23.0,1.01
2020-01-22,Grand Slam,Outdoor,Hard,2nd Round,5,Ito T.,Djokovic N.,Djokovic N.,146,2,362,9720,29.0,1.005
2020-01-24,Grand Slam,Outdoor,Hard,3rd Round,5,Nishioka Y.,Djokovic N.,Djokovic N.,71,2,797,9720,23.0,1.01
2020-01-26,Grand Slam,Outdoor,Hard,4th Round,5,Djokovic N.,Schwartzman D.,Djokovic N.,2,14,9720,2130,1.04,13.0
2020-01-28,Grand Slam,Outdoor,Hard,Quarterfinals,5,Djokovic N.,Raonic M.,Djokovic N.,2,35,9720,1305,1.12,6.0
2020-01-30,Grand Slam,Outdoor,Hard,Semifinals,5,Federer R.,Djokovic N.,Djokovic N.,3,2,6590,9720,6.5,1.11
2020-02-02,Grand Slam,Outdoor,Hard,The Final,5,Thiem D.,Djokovic N.,Djokovic N.,5,2,5890,9720,4.0,1.25
2020-02-26,ATP500,Outdoor,Hard,2nd Round,3,Djokovic N.,Kohlschreiber P.,Djokovic N.,1,80,9720,704,1.02,19.0
2020-02-27,ATP500,Outdoor,Hard,Quarterfinals,3,Khachanov K.,Djokovic N.,Djokovic N.,17,1,2040,9720,9.0,1.07
2020-02-28,ATP500,Outdoor,Hard,Semifinals,3,Djokovic N.,Monfils G.,Djokovic N.,1,9,9720,2860,1.11,6.5
2020-02-29,ATP500,Outdoor,Hard,The Final,3,Tsitsipas S.,Djokovic N.,Djokovic N.,6,1,4745,9720,3.5,1.3
2020-08-25,Masters 1000,Outdoor,Hard,2nd Round,3,Djokovic N.,Berankis R.,Djokovic N.,1,72,10220,739,1.07,9.0
2020-08-25,Masters 1000,Outdoor,Hard,3rd Round,3,Djokovic N.,Sandgren T.,Djokovic N.,1,55,10220,923,1.16,5.0
2020-08-26,Masters 1000,Outdoor,Hard,Quarterfinals,3,Djokovic N.,Struff J.L.,Djokovic N.,1,34,10220,1315,1.14,5.5
2020-08-28,Masters 1000,Outdoor,Hard,Semifinals,3,Bautista Agut R.,Djokovic N.,Djokovic N.,12,1,2360,10220,4.5,1.2
2020-08-29,Masters 1000,Outdoor,Hard,The Final,3,Djokovic N.,Raonic M.,Djokovic N.,1,30,10220,1350,1.36,3.2
2020-09-01,Grand Slam,Outdoor,Hard,1st Round,5,Dzumhur D.,Djokovic N.,Djokovic N.,109,1,524,10860,26.0,1.01
2020-09-02,Grand Slam,Outdoor,Hard,2nd Round,5,Djokovic N.,Edmund K.,Djokovic N.,1,44,10860,1050,1.03,15.0
2020-09-05,Grand Slam,Outdoor,Hard,3rd Round,5,Struff J.L.,Djokovic N.,Djokovic N.,29,1,1405,10860,11.0,1.05
2020-09-16,Masters 1000,Outdoor,Clay,2nd Round,3,Caruso S.,Djokovic N.,Djokovic N.,87,1,703,10860,13.0,1.04
2020-09-18,Masters 1000,Outdoor,Clay,3rd Round,3,Djokovic N.,Krajinovic F.,Djokovic N.,1,29,10860,1583,1.16,5.0
2020-09-19,Masters 1000,Outdoor,Clay,Quarterfinals,3,Koepfer D.,Djokovic N.,Djokovic N.,97,1,652,10860,15.0,1.03
2020-09-20,Masters 1000,Outdoor,Clay,Semifinals,3,Djokovic N.,Ruud C.,Djokovic N.,1,34,10860,1359,1.16,5.0
2020-09-21,Masters 1000,Outdoor,Clay,The Final,3,Djokovic N.,Schwartzman D.,Djokovic N.,1,15,10860,2265,1.16,5.0
2020-09-29,Grand Slam,Outdoor,Clay,1st Round,5,Ymer M.,Djokovic N.,Djokovic N.,80,1,763,11260,23.0,1.01
2020-10-03,Grand Slam,Outdoor,Clay,3rd Round,5,Djokovic N.,Galan D.,Djokovic N.,1,153,11260,379,1.005,34.0
2020-10-05,Grand Slam,Outdoor,Clay,4th Round,5,Khachanov K.,Djokovic N.,Djokovic N.,16,1,2200,11260,13.0,1.04
2020-10-07,Grand Slam,Outdoor,Clay,Quarterfinals,5,Djokovic N.,Carreno Busta P.,Djokovic N.,1,18,11260,2130,1.06,10.0
2020-10-09,Grand Slam,Outdoor,Clay,Semifinals,5,Djokovic N.,Tsitsipas S.,Djokovic N.,1,6,11260,5385,1.33,3.4
2020-10-11,Grand Slam,Outdoor,Clay,The Final,5,Djokovic N.,Nadal R.,Nadal R.,1,2,11260,9850,2.1,1.72
2020-10-27,ATP500,Indoor,Hard,1st Round,3,Krajinovic F.,Djokovic N.,Djokovic N.,30,1,1628,11740,8.0,1.08
2020-10-28,ATP500,Indoor,Hard,2nd Round,3,Coric B.,Djokovic N.,Djokovic N.,24,1,1820,11740,6.0,1.12
2020-10-30,ATP500,Indoor,Hard,Quarterfinals,3,Sonego L.,Djokovic N.,Sonego L.,42,1,1253,11740,15.0,1.03
2020-11-16,Masters Cup,Indoor,Hard,Round Robin,3,Schwartzman D.,Djokovic N.,Djokovic N.,9,1,3455,11830,6.0,1.12
2020-11-18,Masters Cup,Indoor,Hard,Round Robin,3,Medvedev D.,Djokovic N.,Medvedev D.,4,1,6970,11830,2.75,1.4
2020-11-20,Masters Cup,Indoor,Hard,Round Robin,3,Zverev A.,Djokovic N.,Djokovic N.,7,1,5525,11830,3.25,1.33
2020-11-21,Masters Cup,Indoor,Hard,Semifinals,3,Djokovic N.,Thiem D.,Thiem D.,1,3,11830,9125,1.57,2.25
2021-02-08,Grand Slam,Outdoor,Hard,1st Round,5,Chardy J.,Djokovic N.,Djokovic N.,61,1,1020,12030,26.0,1.01
2021-02-12,Grand Slam,Outdoor,Hard,3rd Round,5,Djokovic N.,Fritz T.,Djokovic N.,1,31,12030,1695,1.01,21.0
2021-02-14,Grand Slam,Outdoor,Hard,4th Round,5,Djokovic N.,Raonic M.,Djokovic N.,1,14,12030,2630,1.44,2.75
2021-02-16,Grand Slam,Outdoor,Hard,Quarterfinals,5,Djokovic N.,Zverev A.,Djokovic N.,1,7,12030,5615,1.57,2.37
2021-02-18,Grand Slam,Outdoor,Hard,Semifinals,5,Karatsev A.,Djokovic N.,Djokovic N.,114,1,642,12030,9.0,1.07
2021-02-21,Grand Slam,Outdoor,Hard,The Final,5,Medvedev D.,Djokovic N.,Djokovic N.,4,1,8715,12030,2.0,1.83
2021-04-14,Masters 1000,Outdoor,Clay,2nd Round,3,Djokovic N.,Sinner J.,Djokovic N.,1,22,11963,2369,1.33,3.4
2021-04-15,Masters 1000,Outdoor,Clay,3rd Round,3,Djokovic N.,Evans D.,Evans D.,1,33,11963,1825,1.05,11.0
2021-04-21,ATP250,Outdoor,Clay,2nd Round,3,Djokovic N.,Kwon S.W.,Djokovic N.,1,85,11873,910,1.01,21.0
2021-04-23,ATP250,Outdoor,Clay,Quarterfinals,3,Djokovic N.,Kecmanovic M.,Djokovic N.,1,47,11873,1364,1.05,11.0
2021-04-24,ATP250,Outdoor,Clay,Semifinals,3,Djokovic N.,Karatsev A.,Karatsev A.,1,28,11873,1946,1.12,6.0
2021-05-11,Masters 1000,Outdoor,Clay,2nd Round,3,Djokovic N.,Fritz T.,Djokovic N.,1,31,11463,1830,1.11,6.5
2021-05-13,Masters 1000,Outdoor,Clay,3rd Round,3,Davidovich Fokina A.,Djokovic N.,Djokovic N.,48,1,1328,11463,5.0,1.16
2021-05-15,Masters 1000,Outdoor,Clay,Quarterfinals,3,Djokovic N.,Tsitsipas S.,Djokovic N.,1,5,11463,7610,1.57,2.37
2021-05-15,Masters 1000,Outdoor,Clay,Semifinals,3,Sonego L.,Djokovic N.,Djokovic N.,33,1,1817,11463,5.0,1.16
2021-05-16,Masters 1000,Outdoor,Clay,The Final,3,Nadal R.,Djokovic N.,Nadal R.,3,1,9630,11463,1.5,2.62
2021-05-25,ATP250,Outdoor,Clay,2nd Round,3,Moraing M.,Djokovic N.,Djokovic N.,253,1,241,11063,26.0,1.01
2021-05-27,ATP250,Outdoor,Clay,Quarterfinals,3,Coria F.,Djokovic N.,Djokovic N.,96,1,808,11063,19.0,1.02
2021-05-28,ATP250,Outdoor,Clay,Semifinals,3,Martin A.,Djokovic N.,Djokovic N.,119,1,673,11063,19.0,1.02
2021-05-29,ATP250,Outdoor,Clay,The Final,3,Molcan A.,Djokovic N.,Djokovic N.,255,1,237,11063,19.0,1.02
2021-06-03,Grand Slam,Outdoor,Clay,2nd Round,5,Cuevas P.,Djokovic N.,Djokovic N.,92,1,846,11313,19.0,1.02
2021-06-09,Grand Slam,Outdoor,Clay,Quarterfinals,5,Berrettini M.,Djokovic N.,Djokovic N.,9,1,3958,11313,5.0,1.16
2021-06-11,Grand Slam,Outdoor,Clay,Semifinals,5,Nadal R.,Djokovic N.,Djokovic N.,3,1,9630,11313,1.4,3.0
2021-06-13,Grand Slam,Outdoor,Clay,The Final,5,Djokovic N.,Tsitsipas S.,Djokovic N.,1,5,11313,7500,1.4,3.0
2021-06-28,Grand Slam,Outdoor,Grass,1st Round,5,Djokovic N.,Draper J.,Djokovic N.,1,253,12113,255,1.01,26.0
2021-06-30,Grand Slam,Outdoor,Grass,2nd Round,5,Anderson K.,Djokovic N.,Djokovic N.,102,1,753,12113,19.0,1.02
2021-07-02,Grand Slam,Outdoor,Grass,3rd Round,5,Djokovic N.,Kudla D.,Djokovic N.,1,114,12113,698,1.02,19.0
2021-07-05,Grand Slam,Outdoor,Grass,4th Round,5,Djokovic N.,Garin C.,Djokovic N.,1,20,12113,2440,1.01,21.0
2021-07-07,Grand Slam,Outdoor,Grass,Quarterfinals,5,Fucsovics M.,Djokovic N.,Djokovic N.,48,1,1344,12113,15.0,1.03
2021-07-09,Grand Slam,Outdoor,Grass,Semifinals,5,Shapovalov D.,Djokovic N.,Djokovic N.,12,1,2915,12113,8.0,1.08
2021-07-11,Grand Slam,Outdoor,Grass,The Final,5,Djokovic N.,Berrettini M.,Djokovic N.,1,9,12113,4468,1.22,4.5
2021-09-01,Grand Slam,Outdoor,Hard,1st Round,5,Rune H.,Djokovic N.,Djokovic N.,145,1,541,11113,23.0,1.01
2021-09-03,Grand Slam,Outdoor,Hard,2nd Round,5,Djokovic N.,Griekspoor T.,Djokovic N.,1,121,11113,675,1.01,26.0
2021-09-04,Grand Slam,Outdoor,Hard,3rd Round,5,Djokovic N.,Nishikori K.,Djokovic N.,1,56,11113,1208,1.03,15.0
2021-09-07,Grand Slam,Outdoor,Hard,4th Round,5,Djokovic N.,Brooksby J.,Djokovic N.,1,99,11113,812,1.03,15.0
2021-09-09,Grand Slam,Outdoor,Hard,Quarterfinals,5,Berrettini M.,Djokovic N.,Djokovic N.,8,1,5533,11113,7.0,1.1
2021-09-11,Grand Slam,Outdoor,Hard,Semifinals,5,Zverev A.,Djokovic N.,Djokovic N.,4,1,8240,11113,3.0,1.4
2021-09-12,Grand Slam,Outdoor,Hard,The Final,5,Medvedev D.,Djokovic N.,Medvedev D.,2,1,9980,11113,3.0,1.4
2021-11-02,Masters 1000,Indoor,Hard,2nd Round,3,Fucsovics M.,Djokovic N.,Djokovic N.,40,1,1439,10340,8.0,1.08
2021-11-05,Masters 1000,Indoor,Hard,Quarterfinals,3,Djokovic N.,Fritz T.,Djokovic N.,1,26,10340,1890,1.22,4.33
2021-11-06,Masters 1000,Indoor,Hard,Semifinals,3,Hurkacz H.,Djokovic N.,Djokovic N.,10,1,3366,10340,5.0,1.16
2021-11-07,Masters 1000,Indoor,Hard,The Final,3,Medvedev D.,Djokovic N.,Djokovic N.,2,1,9540,10340,1.8,2.0
2021-11-15,Masters Cup,Indoor,Hard,Round Robin,3,Ruud C.,Djokovic N.,Djokovic N.,8,1,3760,10940,6.5,1.11
2021-11-17,Masters Cup,Indoor,Hard,Round Robin,3,Rublev A.,Djokovic N.,Djokovic N.,5,1,4950,10940,4.33,1.22
2021-11-19,Masters Cup,Indoor,Hard,Round Robin,3,Djokovic N.,Norrie C.,Djokovic N.,1,12,10940,2945,1.14,5.5
2021-11-20,Masters Cup,Indoor,Hard,Semifinals,3,Zverev A.,Djokovic N.,Zverev A.,3,1,6540,10940,3.0,1.4
2022-02-21,ATP500,Outdoor,Hard,1st Round,3,Musetti L.,Djokovic N.,Djokovic N.,58,1,1010,8875,10.0,1.06
2022-02-23,ATP500,Outdoor,Hard,2nd Round,3,Djokovic N.,Khachanov K.,Djokovic N.,1,26,8875,1770,1.12,6.0
2022-02-24,ATP500,Outdoor,Hard,Quarterfinals,3,Djokovic N.,Vesely J.,Vesely J.,1,123,8875,550,1.05,11.0
2022-04-12,Masters 1000,Outdoor,Clay,2nd Round,3,Davidovich Fokina A.,Djokovic N.,Davidovich Fokina A.,46,1,1095,8420,5.0,1.16
2022-04-20,ATP250,Outdoor,Clay,2nd Round,3,Djere L.,Djokovic N.,Djokovic N.,50,1,991,8340,5.5,1.14
2022-04-21,ATP250,Outdoor,Clay,Quarterfinals,3,Kecmanovic M.,Djokovic N.,Djokovic N.,38,1,1211,8340,2.5,1.53
2022-04-23,ATP250,Outdoor,Clay,Semifinals,3,Khachanov K.,Djokovic N.,Djokovic N.,26,1,1566,8340,4.0,1.25
2022-04-24,ATP250,Outdoor,Clay,The Final,3,Djokovic N.,Rublev A.,Rublev A.,1,8,8340,3865,1.4,3.0
2022-05-03,Masters 1000,Outdoor,Clay,2nd Round,3,Djokovic N.,Monfils G.,Djokovic N.,1,21,8400,1745,1.2,4.5
2022-05-06,Masters 1000,Outdoor,Clay,Quarterfinals,3,Hurkacz H.,Djokovic N.,Djokovic N.,14,1,3008,8400,3.5,1.3
2022-05-07,Masters 1000,Outdoor,Clay,Semifinals,3,Djokovic N.,Alcaraz C.,Alcaraz C.,1,9,8400,3818,1.72,2.1
2022-05-10,Masters 1000,Outdoor,Clay,2nd Round,3,Karatsev A.,Djokovic N.,Djokovic N.,35,1,1173,8260,8.0,1.08
2022-05-12,Masters 1000,Outdoor,Clay,3rd Round,3,Wawrinka S.,Djokovic N.,Djokovic N.,361,1,119,8260,9.0,1.07
2022-05-13,Masters 1000,Outdoor,Clay,Quarterfinals,3,Auger-Aliassime F.,Djokovic N.,Djokovic N.,9,1,3760,8260,5.0,1.16
2022-05-14,Masters 1000,Outdoor,Clay,Semifinals,3,Ruud C.,Djokovic N.,Djokovic N.,10,1,3760,8260,4.5,1.2
2022-05-15,Masters 1000,Outdoor,Clay,The Final,3,Djokovic N.,Tsitsipas S.,Djokovic N.,1,5,8260,5750,1.44,2.75
2022-05-23,Grand Slam,Outdoor,Clay,1st Round,5,Nishioka Y.,Djokovic N.,Djokovic N.,99,1,654,8660,26.0,1.01
2022-05-25,Grand Slam,Outdoor,Clay,2nd Round,5,Molcan A.,Djokovic N.,Djokovic N.,38,1,1163,8660,15.0,1.03
2022-05-27,Grand Slam,Outdoor,Clay,3rd Round,5,Djokovic N.,Bedene A.,Djokovic N.,1,195,8660,291,1.01,21.0
2022-05-29,Grand Slam,Outdoor,Clay,4th Round,5,Djokovic N.,Schwartzman D.,Djokovic N.,1,16,8660,2505,1.07,9.0
2022-05-31,Grand Slam,Outdoor,Clay,Quarterfinals,5,Nadal R.,Djokovic N.,Nadal R.,5,1,5525,8660,2.75,1.44
2022-06-27,Grand Slam,Outdoor,Grass,1st Round,5,Djokovic N.,Kwon S.W.,Djokovic N.,3,81,6770,698,1.005,34.0
2022-06-29,Grand Slam,Outdoor,Grass,2nd Round,5,Djokovic N.,Kokkinakis T.,Djokovic N.,3,79,6770,728,1.02,17.0
2022-07-01,Grand Slam,Outdoor,Grass,3rd Round,5,Kecmanovic M.,Djokovic N.,Djokovic N.,30,3,1306,6770,17.0,1.02
2022-07-03,Grand Slam,Outdoor,Grass,4th Round,5,Djokovic N.,Van Rijthoven T.,Djokovic N.,3,104,6770,546,1.05,11.0
2022-07-05,Grand Slam,Outdoor,Grass,Quarterfinals,5,Sinner J.,Djokovic N.,Djokovic N.,13,3,3185,6770,6.5,1.11
2022-07-08,Grand Slam,Outdoor,Grass,Semifinals,5,Norrie C.,Djokovic N.,Djokovic N.,12,3,3200,6770,10.0,1.06
2022-07-10,Grand Slam,Outdoor,Grass,The Final,5,Djokovic N.,Kyrgios N.,Djokovic N.,3,40,6770,1070,1.28,3.75
2022-09-29,ATP250,Indoor,Hard,2nd Round,3,Andujar P.,Djokovic N.,Djokovic N.,115,7,468,3570,15.0,1.03
2022-09-30,ATP250,Indoor,Hard,Quarterfinals,3,Djokovic N.,Pospisil V.,Djokovic N.,7,149,3570,363,1.06,10.0
2022-10-01,ATP250,Indoor,Hard,Semifinals,3,Safiullin R.,Djokovic N.,Djokovic N.,104,7,506,3570,10.0,1.06
2022-10-02,ATP250,Indoor,Hard,The Final,3,Cilic M.,Djokovic N.,Djokovic N.,16,7,2345,3570,4.0,1.25
2022-10-05,ATP500,Indoor,Hard,1st Round,3,Garin C.,Djokovic N.,Djokovic N.,81,7,640,3820,11.0,1.05
2022-10-06,ATP500,Indoor,Hard,2nd Round,3,Djokovic N.,Van De Zandschulp B.,Djokovic N.,7,34,3820,1233,1.08,8.0
2022-10-07,ATP500,Indoor,Hard,Quarterfinals,3,Djokovic N.,Khachanov K.,Djokovic N.,7,18,3820,1990,1.12,6.0
2022-10-09,ATP500,Indoor,Hard,The Final,3,Tsitsipas S.,Djokovic N.,Djokovic N.,6,7,4810,3820,4.0,1.25
2022-11-01,Masters 1000,Indoor,Hard,2nd Round,3,Cressy M.,Djokovic N.,Djokovic N.,34,7,1254,4320,10.0,1.06
2022-11-03,Masters 1000,Indoor,Hard,3rd Round,3,Khachanov K.,Djokovic N.,Djokovic N.,19,7,1945,4320,8.0,1.08
2022-11-04,Masters 1000,Indoor,Hard,Quarterfinals,3,Musetti L.,Djokovic N.,Djokovic N.,23,7,1746,4320,6.5,1.11
2022-11-05,Masters 1000,Indoor,Hard,Semifinals,3,Djokovic N.,Tsitsipas S.,Djokovic N.,7,5,4320,5035,1.2,4.5
2022-11-06,Masters 1000,Indoor,Hard,The Final,3,Djokovic N.,Rune H.,Rune H.,7,18,4320,1991,1.25,4.0
2022-11-14,Masters Cup,Indoor,Hard,Round Robin,3,Tsitsipas S.,Djokovic N.,Djokovic N.,3,8,5350,3320,3.4,1.33
2022-11-16,Masters Cup,Indoor,Hard,Round Robin,3,Djokovic N.,Rublev A.,Djokovic N.,8,7,3320,3530,1.3,3.5
2022-11-18,Masters Cup,Indoor,Hard,Round Robin,3,Djokovic N.,Medvedev D.,Djokovic N.,8,5,3320,4065,1.33,3.4
2022-11-19,Masters Cup,Indoor,Hard,Semifinals,3,Djokovic N.,Fritz T.,Djokovic N.,8,9,3320,2955,1.22,4.33
2022-11-20,Masters Cup,Indoor,Hard,The Final,3,Djokovic N.,Ruud C.,Djokovic N.,8,4,3320,5020,1.22,4.33
2023-01-03,ATP250,Outdoor,Hard,1st Round,3,Djokovic N.,Lestienne C.,Djokovic N.,5,65,4820,760,1.03,17.0
2023-01-05,ATP250,Outdoor,Hard,2nd Round,3,Djokovic N.,Halys Q.,Djokovic N.,5,64,4820,767,1.03,15.0
2023-01-06,ATP250,Outdoor,Hard,Quarterfinals,3,Djokovic N.,Shapovalov D.,Djokovic N.,5,18,4820,2075,1.14,5.5
2023-01-07,ATP250,Outdoor,Hard,Semifinals,3,Medvedev D.,Djokovic N.,Djokovic N.,7,5,4065,4820,2.5,1.53
2023-01-08,ATP250,Outdoor,Hard,The Final,3,Djokovic N.,Korda S.,Djokovic N.,5,33,4820,1175,1.14,5.5
2023-01-17,Grand Slam,Outdoor,Hard,1st Round,5,Djokovic N.,Carballes Baena R.,Djokovic N.,5,75,5070,695,1.01,29.0
2023-01-19,Grand Slam,Outdoor,Hard,2nd Round,5,Djokovic N.,Couacaud E.,Djokovic N.,5,191,5070,302,1.01,29.0
2023-01-21,Grand Slam,Outdoor,Hard,3rd Round,5,Dimitrov G.,Djokovic N.,Djokovic N.,28,5,1395,5070,4.5,1.2
2023-01-23,Grand Slam,Outdoor,Hard,4th Round,5,De Minaur A.,Djokovic N.,Djokovic N.,24,5,1710,5070,4.5,1.2
2023-01-25,Grand Slam,Outdoor,Hard,Quarterfinals,5,Djokovic N.,Rublev A.,Djokovic N.,5,6,5070,3930,1.11,6.5
2023-01-27,Grand Slam,Outdoor,Hard,Semifinals,5,Djokovic N.,Paul T.,Djokovic N.,5,35,5070,1160,1.05,11.0
2023-01-29,Grand Slam,Outdoor,Hard,The Final,5,Tsitsipas S.,Djokovic N.,Djokovic N.,4,5,5715,5070,4.8,1.2
2023-02-28,ATP500,Outdoor,Hard,1st Round,3,Machac T.,Djokovic N.,Djokovic N.,130,1,435,6980,11.0,1.05
2023-03-01,ATP500,Outdoor,Hard,2nd Round,3,Djokovic N.,Griekspoor T.,Djokovic N.,1,39,6980,989,1.06,10.0
2023-03-02,ATP500,Outdoor,Hard,Quarterfinals,3,Hurkacz H.,Djokovic N.,Djokovic N.,11,1,3065,6980,7.0,1.1
2023-03-03,ATP500,Outdoor,Hard,Semifinals,3,Medvedev D.,Djokovic N.,Medvedev D.,7,1,3320,6980,2.75,1.44
2023-04-11,Masters 1000,Outdoor,Clay,2nd Round,3,Gakhov I.,Djokovic N.,Djokovic N.,198,1,292,7160,19.0,1.02
2023-04-13,Masters 1000,Outdoor,Clay,3rd Round,3,Djokovic N.,Musetti L.,Musetti L.,1,21,7160,1840,1.17,5.0
2023-04-19,ATP250,Outdoor,Clay,2nd Round,3,Van Assche L.,Djokovic N.,Djokovic N.,87,1,672,7240,10.0,1.06
2023-04-21,ATP250,Outdoor,Clay,Quarterfinals,3,Lajovic D.,Djokovic N.,Lajovic D.,70,1,744,7240,8.0,1.08
2023-05-12,Masters 1000,Outdoor,Clay,2nd Round,3,Djokovic N.,Etcheverry T.,Djokovic N.,1,61,6775,826,1.11,6.5
2023-05-14,Masters 1000,Outdoor,Clay,3rd Round,3,Djokovic N.,Dimitrov G.,Djokovic N.,1,33,6775,1125,1.14,5.5
2023-05-16,Masters 1000,Outdoor,Clay,4th Round,3,Norrie C.,Djokovic N.,Djokovic N.,13,1,2680,6775,5.0,1.17
2023-05-17,Masters 1000,Outdoor,Clay,Quarterfinals,3,Rune H.,Djokovic N.,Rune H.,7,1,3865,6775,3.4,1.33
2023-05-29,Grand Slam,Outdoor,Clay,1st Round,5,Kovacevic A.,Djokovic N.,Djokovic N.,114,3,545,5955,29.0,1.01
2023-05-31,Grand Slam,Outdoor,Clay,2nd Round,5,Djokovic N.,Fucsovics M.,Djokovic N.,3,83,5955,720,1.05,11.0
2023-06-02,Grand Slam,Outdoor,Clay,3rd Round,5,Davidovich Fokina A.,Djokovic N.,Djokovic N.,34,3,1115,5955,6.0,1.13
2023-06-04,Grand Slam,Outdoor,Clay,4th Round,5,Varillas J.P.,Djokovic N.,Djokovic N.,94,3,661,5955,15.0,1.03
2023-06-06,Grand Slam,Outdoor,Clay,Quarterfinals,5,Djokovic N.,Khachanov K.,Djokovic N.,3,11,5955,2945,1.08,8.0
2023-06-09,Grand Slam,Outdoor,Clay,Semifinals,5,Djokovic N.,Alcaraz C.,Djokovic N.,3,1,5955,6815,2.63,1.5
2023-06-11,Grand Slam,Outdoor,Clay,The Final,5,Djokovic N.,Ruud C.,Djokovic N.,3,4,5955,4960,1.2,4.8
2023-07-03,Grand Slam,Outdoor,Grass,1st Round,5,Cachin P.,Djokovic N.,Djokovic N.,68,2,772,7595,34.0,1.01
2023-07-05,Grand Slam,Outdoor,Grass,2nd Round,5,Djokovic N.,Thompson J.,Djokovic N.,2,70,7595,769,1.03,15.0
2023-07-07,Grand Slam,Outdoor,Grass,3rd Round,5,Wawrinka S.,Djokovic N.,Djokovic N.,88,2,674,7595,15.0,1.04
2023-07-10,Grand Slam,Outdoor,Grass,4th Round,5,Djokovic N.,Hurkacz H.,Djokovic N.,2,18,7595,2060,1.05,11.0
2023-07-11,Grand Slam,Outdoor,Grass,Quarterfinals,5,Djokovic N.,Rublev A.,Djokovic N.,2,7,7595,4255,1.07,9.0
2023-07-14,Grand Slam,Outdoor,Grass,Semifinals,5,Sinner J.,Djokovic N.,Djokovic N.,8,2,3345,7595,4.5,1.2
2023-07-16,Grand Slam,Outdoor,Grass,The Final,5,Djokovic N.,Alcaraz C.,Alcaraz C.,2,1,7595,7675,1.53,2.63
2023-08-18,Masters 1000,Outdoor,Hard,3rd Round,3,Djokovic N.,Monfils G.,Djokovic N.,2,211,8795,297,1.13,6.0
2023-08-19,Masters 1000,Outdoor,Hard,Quarterfinals,3,Djokovic N.,Fritz T.,Djokovic N.,2,9,8795,3605,1.22,4.33
2023-08-20,Masters 1000,Outdoor,Hard,Semifinals,3,Djokovic N.,Zverev A.,Djokovic N.,2,17,8795,2310,1.29,3.75
2023-08-20,Masters 1000,Outdoor,Hard,The Final,3,Alcaraz C.,Djokovic N.,Djokovic N.,1,2,9395,8795,2.3,1.62
2023-08-29,Grand Slam,Outdoor,Hard,1st Round,5,Djokovic N.,Muller A.,Djokovic N.,2,84,9795,697,1.01,29.0
2023-08-30,Grand Slam,Outdoor,Hard,2nd Round,5,Djokovic N.,Zapata Miralles B.,Djokovic N.,2,76,9795,776,1.01,34.0
2023-09-02,Grand Slam,Outdoor,Hard,3rd Round,5,Djere L.,Djokovic N.,Djokovic N.,38,2,1110,9795,26.0,1.01
2023-09-04,Grand Slam,Outdoor,Hard,4th Round,5,Gojo B.,Djokovic N.,Djokovic N.,105,2,559,9795,19.0,1.02
2023-09-05,Grand Slam,Outdoor,Hard,Quarterfinals,5,Djokovic N.,Fritz T.,Djokovic N.,2,9,9795,3605,1.13,6.0
2023-09-08,Grand Slam,Outdoor,Hard,Semifinals,5,Djokovic N.,Shelton B.,Djokovic N.,2,47,9795,1015,1.06,10.0
2023-09-10,Grand Slam,Outdoor,Hard,The Final,5,Djokovic N.,Medvedev D.,Djokovic N.,2,3,9795,6260,1.44,2.88
2023-11-01,Masters 1000,Indoor,Hard,2nd Round,3,Etcheverry T.,Djokovic N.,Djokovic N.,31,1,1380,11045,11.0,1.05
2023-11-02,Masters 1000,Indoor,Hard,3rd Round,3,Griekspoor T.,Djokovic N.,Djokovic N.,23,1,1570,11045,7.0,1.1
2023-11-03,Masters 1000,Indoor,Hard,Quarterfinals,3,Rune H.,Djokovic N.,Djokovic N.,7,1,4280,11045,3.75,1.29
2023-11-04,Masters 1000,Indoor,Hard,Semifinals,3,Djokovic N.,Rublev A.,Djokovic N.,1,5,11045,4935,1.36,3.2
2023-11-05,Masters 1000,Indoor,Hard,The Final,3,Dimitrov G.,Djokovic N.,Djokovic N.,17,1,2060,11045,3.4,1.33
2023-11-12,Masters Cup,Indoor,Hard,Round Robin,3,Rune H.,Djokovic N.,Djokovic N.,10,1,3460,11445,4.5,1.2
2023-11-14,Masters Cup,Indoor,Hard,Round Robin,3,Sinner J.,Djokovic N.,Sinner J.,4,1,5490,11445,2.3,1.62
2023-11-16,Masters Cup,Indoor,Hard,Round Robin,3,Hurkacz H.,Djokovic N.,Djokovic N.,11,1,3245,11445,5.5,1.14
2023-11-18,Masters Cup,Indoor,Hard,Semifinals,3,Djokovic N.,Alcaraz C.,Djokovic N.,1,2,11445,8455,1.62,2.3
2023-11-19,Masters Cup,Indoor,Hard,The Final,3,Sinner J.,Djokovic N.,Djokovic N.,4,1,5490,11445,2.5,1.53
2024-01-14,Grand Slam,Outdoor,Hard,1st Round,5,Djokovic N.,Prizmic D.,Djokovic N.,1,187,11055,321,1.01,34.0
2024-01-17,Grand Slam,Outdoor,Hard,2nd Round,5,Popyrin A.,Djokovic N.,Djokovic N.,43,1,1052,11055,19.0,1.02
2024-01-19,Grand Slam,Outdoor,Hard,3rd Round,5,Etcheverry T.,Djokovic N.,Djokovic N.,32,1,1375,11055,11.0,1.05
2024-01-21,Grand Slam,Outdoor,Hard,4th Round,5,Mannarino A.,Djokovic N.,Djokovic N.,19,1,1765,11055,19.0,1.02
2024-01-23,Grand Slam,Outdoor,Hard,Quarterfinals,5,Fritz T.,Djokovic N.,Djokovic N.,12,1,2840,11055,7.0,1.1
2024-01-26,Grand Slam,Outdoor,Hard,Semifinals,5,Djokovic N.,Sinner J.,Sinner J.,1,4,11055,6490,1.5,2.63
2024-03-09,Masters 1000,Outdoor,Hard,2nd Round,3,Djokovic N.,Vukic A.,Djokovic N.,1,69,9675,801,1.02,21.0
2024-03-12,Masters 1000,Outdoor,Hard,3rd Round,3,Nardi L.,Djokovic N.,Nardi L.,123,1,513,9675,17.0,1.03
2024-04-09,Masters 1000,Outdoor,Clay,2nd Round,3,Safiullin R.,Djokovic N.,Djokovic N.,41,1,1089,9725,5.5,1.14
2024-04-11,Masters 1000,Outdoor,Clay,3rd Round,3,Djokovic N.,Musetti L.,Djokovic N.,1,24,9725,1590,1.2,4.5
2024-04-12,Masters 1000,Outdoor,Clay,Quarterfinals,3,De Minaur A.,Djokovic N.,Djokovic N.,11,1,3355,9725,4.33,1.22
2024-04-13,Masters 1000,Outdoor,Clay,Semifinals,3,Ruud C.,Djokovic N.,Ruud C.,10,1,3465,9725,3.0,1.4
2024-05-10,Masters 1000,Outdoor,Clay,2nd Round,3,Moutet C.,Djokovic N.,Djokovic N.,83,1,715,9990,8.0,1.08
2024-05-12,Masters 1000,Outdoor,Clay,3rd Round,3,Tabilo A.,Djokovic N.,Tabilo A.,32,1,1320,9990,9.0,1.07
2024-05-22,ATP250,Outdoor,Clay,2nd Round,3,Djokovic N.,Hanfmann Y.,Djokovic N.,1,85,9860,682,1.08,8.0
2024-05-23,ATP250,Outdoor,Clay,Quarterfinals,3,Griekspoor T.,Djokovic N.,Djokovic N.,27,1,1605,9860,5.5,1.14
2024-05-24,ATP250,Outdoor,Clay,Semifinals,3,Machac T.,Djokovic N.,Machac T.,44,1,1029,9860,5.5,1.14
2024-05-28,Grand Slam,Outdoor,Clay,1st Round,5,Herbert P.H.,Djokovic N.,Djokovic N.,142,1,450,9960,21.0,1.02
2024-05-30,Grand Slam,Outdoor,Clay,2nd Round,5,Carballes Baena R.,Djokovic N.,Djokovic N.,63,1,816,9960,17.0,1.03
2024-06-01,Grand Slam,Outdoor,Clay,3rd Round,5,Musetti L.,Djokovic N.,Djokovic N.,30,1,1370,9960,4.5,1.2
2024-06-03,Grand Slam,Outdoor,Clay,4th Round,5,Cerundolo F.,Djokovic N.,Djokovic N.,27,1,1590,9960,5.5,1.14
2024-07-02,Grand Slam,Outdoor,Grass,1st Round,5,Kopriva V.,Djokovic N.,Djokovic N.,123,2,523,8360,21.0,1.02
2024-07-04,Grand Slam,Outdoor,Grass,2nd Round,5,Djokovic N.,Fearnley J.,Djokovic N.,2,277,8360,206,1.02,19.0
2024-07-06,Grand Slam,Outdoor,Grass,3rd Round,5,Popyrin A.,Djokovic N.,Djokovic N.,47,2,981,8360,6.0,1.13
2024-07-08,Grand Slam,Outdoor,Grass,4th Round,5,Rune H.,Djokovic N.,Djokovic N.,15,2,2370,8360,3.5,1.3
2024-07-12,Grand Slam,Outdoor,Grass,Semifinals,5,Djokovic N.,Musetti L.,Djokovic N.,2,25,8360,1620,1.11,6.5
2024-07-14,Grand Slam,Outdoor,Grass,The Final,5,Djokovic N.,Alcaraz C.,Alcaraz C.,2,3,8360,8130,2.1,1.8
2024-08-27,Grand Slam,Outdoor,Hard,1st Round,5,Djokovic N.,Albot R.,Djokovic N.,2,138,7460,424,1.01,29.0
2024-08-31,Grand Slam,Outdoor,Hard,3rd Round,5,Popyrin A.,Djokovic N.,Popyrin A.,28,2,1635,7460,6.0,1.13
2024-10-05,Masters 1000,Outdoor,Hard,2nd Round,3,Michelsen A.,Djokovic N.,Djokovic N.,43,4,1215,5560,4.5,1.2
2024-10-08,Masters 1000,Outdoor,Hard,3rd Round,3,Cobolli F.,Djokovic N.,Djokovic N.,30,4,1552,5560,7.0,1.1
2024-10-09,Masters 1000,Outdoor,Hard,4th Round,3,Safiullin R.,Djokovic N.,Djokovic N.,61,4,853,5560,7.0,1.1
2024-10-11,Masters 1000,Outdoor,Hard,Quarterfinals,3,Mensik J.,Djokovic N.,Djokovic N.,65,4,822,5560,7.0,1.1
2024-10-12,Masters 1000,Outdoor,Hard,Semifinals,3,Fritz T.,Djokovic N.,Djokovic N.,7,4,4060,5560,3.0,1.4
2024-10-13,Masters 1000,Outdoor,Hard,The Final,3,Sinner J.,Djokovic N.,Sinner J.,1,4,11010,5560,1.4,3.0
2024-12-31,ATP250,Outdoor,Hard,1st Round,3,Djokovic N.,Hijikata R.,Djokovic N.,7,73,3910,746,1.04,13.0
2025-01-02,ATP250,Outdoor,Hard,2nd Round,3,Djokovic N.,Monfils G.,Djokovic N.,7,55,3910,1005,1.06,10.0
2025-01-03,ATP250,Outdoor,Hard,Quarterfinals,3,Djokovic N.,Opelka R.,Opelka R.,7,293,3910,176,1.05,11.0
2025-01-13,Grand Slam,Outdoor,Hard,1st Round,5,Djokovic N.,Basavareddy N.,Djokovic N.,7,107,3900,566,1.04,13.0
2025-01-15,Grand Slam,Outdoor,Hard,2nd Round,5,Faria J.,Djokovic N.,Djokovic N.,125,7,481,3900,23.0,1.01
2025-01-17,Grand Slam,Outdoor,Hard,3rd Round,5,Djokovic N.,Machac T.,Djokovic N.,7,25,3900,1805,1.22,4.33
2025-01-19,Grand Slam,Outdoor,Hard,4th Round,5,Lehecka J.,Djokovic N.,Djokovic N.,29,7,1660,3900,4.0,1.25
2025-01-21,Grand Slam,Outdoor,Hard,Quarterfinals,5,Djokovic N.,Alcaraz C.,Djokovic N.,7,3,3900,7010,2.5,1.53
2025-02-18,ATP500,Outdoor,Hard,1st Round,3,Berrettini M.,Djokovic N.,Berrettini M.,35,7,1430,3900,3.75,1.29
2025-03-08,Masters 1000,Outdoor,Hard,2nd Round,3,Djokovic N.,Van De Zandschulp B.,Van De Zandschulp B.,7,85,3900,710,1.1,7.0
2025-03-21,Masters 1000,Outdoor,Hard,2nd Round,3,Hijikata R.,Djokovic N.,Djokovic N.,86,5,752,3860,8.0,1.08
2025-03-23,Masters 1000,Outdoor,Hard,3rd Round,3,Ugo Carabelli C.,Djokovic N.,Djokovic N.,65,5,870,3860,11.0,1.05
2025-03-25,Masters 1000,Outdoor,Hard,4th Round,3,Djokovic N.,Musetti L.,Djokovic N.,5,16,3860,2650,1.3,3.5
2025-03-27,Masters 1000,Outdoor,Hard,Quarterfinals,3,Djokovic N.,Korda S.,Djokovic N.,5,25,3860,1860,1.25,4.0
2025-03-28,Masters 1000,Outdoor,Hard,Semifinals,3,Djokovic N.,Dimitrov G.,Djokovic N.,5,15,3860,2745,1.22,4.33
2025-03-31,Masters 1000,Outdoor,Hard,The Final,3,Mensik J.,Djokovic N.,Mensik J.,54,5,1042,3860,4.33,1.22
2025-04-09,Masters 1000,Outdoor,Clay,2nd Round,3,Tabilo A.,Djokovic N.,Tabilo A.,32,5,1575,4510,5.0,1.17
2025-04-26,Masters 1000,Outdoor,Clay,2nd Round,3,Arnaldi M.,Djokovic N.,Arnaldi M.,44,5,1240,4120,3.5,1.3
2025-05-21,ATP250,Outdoor,Clay,2nd Round,3,Djokovic N.,Fucsovics M.,Djokovic N.,6,134,4080,443,1.25,4.0
2025-05-22,ATP250,Outdoor,Clay,Quarterfinals,3,Djokovic N.,Arnaldi M.,Djokovic N.,6,39,4080,1365,1.29,3.75
2025-05-23,ATP250,Outdoor,Clay,Semifinals,3,Norrie C.,Djokovic N.,Djokovic N.,90,6,657,4080,5.0,1.17
2025-05-24,ATP250,Outdoor,Clay,The Final,3,Djokovic N.,Hurkacz H.,Djokovic N.,6,31,4080,1665,1.36,3.2
2025-05-27,Grand Slam,Outdoor,Clay,1st Round,5,McDonald M.,Djokovic N.,Djokovic N.,98,6,617,4230,21.0,1.02
2025-05-29,Grand Slam,Outdoor,Clay,2nd Round,5,Moutet C.,Djokovic N.,Djokovic N.,73,6,812,4230,9.0,1.07
2025-05-31,Grand Slam,Outdoor,Clay,3rd Round,5,Djokovic N.,Misolic F.,Djokovic N.,6,153,4230,374,1.05,11.0
2025-06-02,Grand Slam,Outdoor,Clay,4th Round,5,Norrie C.,Djokovic N.,Djokovic N.,81,6,762,4230,8.0,1.08
2025-06-04,Grand Slam,Outdoor,Clay,Quarterfinals,5,Zverev A.,Djokovic N.,Djokovic N.,3,6,7285,4230,1.91,1.91
2025-06-06,Grand Slam,Outdoor,Clay,Semifinals,5,Sinner J.,Djokovic N.,Sinner J.,1,6,10380,4230,1.22,4.33
2025-07-01,Grand Slam,Outdoor,Grass,1st Round,5,Djokovic N.,Muller A.,Djokovic N.,6,41,4630,1311,1.02,15.0
2025-07-03,Grand Slam,Outdoor,Grass,2nd Round,5,Evans D.,Djokovic N.,Djokovic N.,154,6,375,4630,9.0,1.06
2025-07-05,Grand Slam,Outdoor,Grass,3rd Round,3,Kecmanovic M.,Djokovic N.,Djokovic N.,49,6,1106,4630,9.5,1.04
2025-07-07,Grand Slam,Outdoor,Grass,4th Round,5,Djokovic N.,De Minaur A.,Djokovic N.,6,11,4630,3085,1.17,5.0
2025-07-09,Grand Slam,Outdoor,Grass,Quarterfinals,5,Cobolli F.,Djokovic N.,Djokovic N.,24,6,2035,4630,7.0,1.1
2025-07-11,Grand Slam,Outdoor,Grass,Semifinals,5,Djokovic N.,Sinner J.,Sinner J.,6,1,4630,10430,2.8,1.4
2025-08-25,Grand Slam,Outdoor,Hard,1st Round,5,Djokovic N.,Tien L.,Djokovic N.,7,50,4130,1000,1.14,5.5
2025-08-27,Grand Slam,Outdoor,Hard,2nd Round,5,Djokovic N.,Svajda Z.,Djokovic N.,7,145,4130,421,1.05,11.0
2025-08-30,Grand Slam,Outdoor,Hard,3rd Round,5,Norrie C.,Djokovic N.,Djokovic N.,35,7,1297,4130,8.0,1.08
2025-09-01,Grand Slam,Outdoor,Hard,4th Round,5,Djokovic N.,Struff J.L.,Djokovic N.,7,144,4130,428,1.14,5.5
2025-09-03,Grand Slam,Outdoor,Hard,Quarterfinals,5,Djokovic N.,Fritz T.,Djokovic N.,7,4,4130,5575,1.44,2.75
2025-09-05,Grand Slam,Outdoor,Hard,Semifinals,5,Djokovic N.,Alcaraz C.,Alcaraz C.,7,2,4130,9590,4.0,1.25
2025-10-03,Masters 1000,Outdoor,Hard,2nd Round,3,Djokovic N.,Cilic M.,Djokovic N.,5,94,4830,664,1.08,8.0
2025-10-05,Masters 1000,Outdoor,Hard,3rd Round,3,Hanfmann Y.,Djokovic N.,Djokovic N.,150,5,394,4830,8.0,1.08
2025-10-07,Masters 1000,Outdoor,Hard,4th Round,3,Djokovic N.,Munar J.,Djokovic N.,5,41,4830,1138,1.17,5.0
2025-10-09,Masters 1000,Outdoor,Hard,Quarterfinals,3,Bergs Z.,Djokovic N.,Djokovic N.,44,5,1129,4830,3.4,1.33
2025-10-11,Masters 1000,Outdoor,Hard,Semifinals,3,Vacherot V.,Djokovic N.,Vacherot V.,204,5,263,4830,6.5,1.11
2025-11-04,ATP250,Indoor,Hard,2nd Round,3,Tabilo A.,Djokovic N.,Djokovic N.,89,5,696,4580,4.5,1.2
2025-11-06,ATP250,Indoor,Hard,Quarterfinals,3,Djokovic N.,Borges N.,Djokovic N.,5,47,4580,1120,1.17,5.0
2025-11-07,ATP250,Indoor,Hard,Semifinals,3,Djokovic N.,Hanfmann Y.,Djokovic N.,5,117,4580,518,1.2,4.5
2025-11-08,ATP250,Indoor,Hard,The Final,3,Djokovic N.,Musetti L.,Djokovic N.,5,9,4580,3685,1.36,3.2
2026-01-19,Grand Slam,Outdoor,Hard,1st Round,5,Martinez P.,Djokovic N.,Djokovic N.,71,4,768,4780,17.0,1.02
2026-01-22,Grand Slam,Outdoor,Hard,2nd Round,5,Djokovic N.,Maestrelli F.,Djokovic N.,4,141,4780,436,1.01,29.0
2026-01-24,Grand Slam,Outdoor,Hard,3rd Round,5,Van De Zandschulp B.,Djokovic N.,Djokovic N.,75,4,759,4780,10.0,1.06
2026-01-30,Grand Slam,Outdoor,Hard,Semifinals,5,Sinner J.,Djokovic N.,Djokovic N.,2,4,11500,4780,1.06,10.0
2026-02-01,Grand Slam,Outdoor,Hard,The Final,5,Alcaraz C.,Djokovic N.,Alcaraz C.,1,4,12050,4780,1.3,3.5
2026-03-07,Masters 1000,Outdoor,Hard,2nd Round,3,Majchrzak K.,Djokovic N.,Djokovic N.,57,3,895,5280,7.0,1.1
2026-03-09,Masters 1000,Outdoor,Hard,3rd Round,3,Djokovic N.,Kovacevic A.,Djokovic N.,3,72,5280,771,1.13,6.0
2026-03-12,Masters 1000,Outdoor,Hard,4th Round,3,Djokovic N.,Draper J.,Draper J.,3,14,5280,2510,1.67,2.2
2026-05-08,Masters 1000,Outdoor,Clay,2nd Round,3,Prizmic D.,Djokovic N.,Prizmic D.,79,4,740,4700,2.75,1.44
2026-05-24,Grand Slam,Outdoor,Clay,1st Round,5,Djokovic N.,Mpetshi G.,Djokovic N.,4,83,4460,710,1.08,8.0
2026-05-27,Grand Slam,Outdoor,Clay,2nd Round,5,Djokovic N.,Royer V.,Djokovic N.,4,74,4460,773,1.1,7.0
2026-05-29,Grand Slam,Outdoor,Clay,3rd Round,5,Fonseca J.,Djokovic N.,Fonseca J.,30,4,1435,4460,2.75,1.44
2026-06-29,Grand Slam,Outdoor,Grass,1st Round,5,Wu Y.,Djokovic N.,Djokovic N.,102,8,634,3760,11.0,1.05
2026-07-01,Grand Slam,Outdoor,Grass,2nd Round,5,Djokovic N.,Tsitsipas S.,Djokovic N.,8,87,3760,700,1.17,5.0
2026-07-03,Grand Slam,Outdoor,Grass,3rd Round,5,Rinderknech A.,Djokovic N.,Djokovic N.,28,8,1683,3760,6.0,1.13
2026-07-05,Grand Slam,Outdoor,Grass,4th Round,5,Safiullin R.,Djokovic N.,Djokovic N.,132,8,458,3760,5.0,1.17
2026-07-07,Grand Slam,Outdoor,Grass,Quarterfinals,5,Auger-Aliassime F.,Djokovic N.,Djokovic N.,4,8,4390,3760,2.38,1.57
2026-07-10,Grand Slam,Outdoor,Grass,Semifinals,5,Djokovic N.,Sinner J.,Sinner J.,8,1,3760,13450,5.0,1.18
