Series,Surface,Round,dj_win,dj_rank,opp_rank,dj_pts,opp_pts,dj_odds,opp_odds,is_outdoor,is_five_sets,age_c,age_c_sq,five_sma,surface_form_last_20,head_to_head_rate,matches_last_30
ATP250,Clay,1st Round,1,97,163,417,259,1.36,2.87,1,0,-9.483109624359578,89.92936814762126,0.6,0.4,0.4,0
ATP250,Clay,2nd Round,0,97,28,417,1170,5.0,1.14,1,0,-9.480371773572443,89.87744896514911,0.8,0.5,0.4545454545454545,1
Masters 1000,Hard,1st Round,0,97,18,440,1385,3.5,1.28,1,0,-9.428352608616931,88.89383291241373,0.6,0.0,0.4166666666666667,2
Grand Slam,Hard,1st Round,1,97,43,431,825,2.5,1.5,1,1,-9.387284846809951,88.12111679514773,0.4,0.0,0.3846153846153846,1
Grand Slam,Hard,2nd Round,1,97,24,431,1230,3.5,1.28,1,1,-9.379071294448558,87.96697834634894,0.4,0.25,0.4285714285714285,2
Grand Slam,Hard,3rd Round,0,97,48,431,770,2.75,1.39,1,1,-9.373595592874292,87.86429433875234,0.6,0.4,0.4666666666666667,3
Grand Slam,Hard,1st Round,0,76,68,502,567,1.39,2.75,1,1,-9.003985736611458,81.07175914510259,0.4,0.3333333333333333,0.45,0
ATP500,Hard,1st Round,1,72,53,548,710,1.5,2.5,0,0,-8.908160959061835,79.35533167255348,0.6,0.2857142857142857,0.48,4
ATP500,Hard,2nd Round,1,72,40,548,815,2.25,1.57,0,0,-8.902685257487573,79.25780479388656,0.8,0.375,0.5,5
ATP500,Hard,Quarterfinals,0,72,23,548,1355,2.37,1.53,0,0,-8.899947406700438,79.20906384203384,0.8,0.4444444444444444,1.0,6
Masters 1000,Hard,1st Round,0,67,88,591,459,1.53,2.37,1,0,-8.858879644893456,78.4797485627076,0.6,0.4,0.5,3
Masters 1000,Hard,1st Round,1,66,37,596,853,2.0,1.72,1,0,-8.82328758466074,77.85040380162836,0.4,0.3636363636363636,0.4827586206896552,3
Masters 1000,Hard,2nd Round,0,66,7,596,2025,1.66,2.1,1,0,-8.820549733873609,77.80209760773779,0.6,0.4166666666666667,0.5,4
Masters 1000,Clay,1st Round,0,67,1,606,6810,8.5,1.05,1,0,-8.75757916576957,76.69519284472125,0.4,0.4285714285714285,0.4838709677419355,2
ATP500,Clay,1st Round,0,66,178,614,225,1.28,3.25,1,0,-8.738414210259645,76.3598829100677,0.2,0.375,0.46875,2
Masters 1000,Clay,1st Round,1,71,21,577,1345,1.72,2.0,1,0,-8.680919343729872,75.35836065234348,0.2,0.3333333333333333,0.0,2
Masters 1000,Clay,2nd Round,0,71,34,577,895,2.0,1.72,1,0,-8.675443642155606,75.26332238821813,0.4,0.4,0.0,3
Grand Slam,Clay,2nd Round,1,63,9,627,1780,4.0,1.22,1,1,-8.634375880348625,74.55244684314609,0.2,0.3636363636363636,0.0,2
Grand Slam,Clay,3rd Round,1,63,25,627,1250,1.61,2.2,1,1,-8.628900178774362,74.45791829525221,0.4,0.4166666666666667,0.4722222222222222,3
Grand Slam,Clay,4th Round,1,63,28,627,1100,1.57,2.25,1,1,-8.623424477200096,74.36344971397375,0.6,0.4615384615384615,1.0,4
ATP250,Grass,1st Round,1,40,89,827,455,1.53,2.37,1,0,-8.58783241696738,73.75086562191579,0.8,0.6666666666666666,0.5,3
ATP250,Grass,2nd Round,0,40,128,827,333,1.39,2.75,1,0,-8.579618864605983,73.60985986190286,0.8,0.75,0.5128205128205128,4
Grand Slam,Grass,1st Round,1,39,65,841,611,1.39,2.75,1,1,-8.563191759883189,73.32825311653134,0.8,0.6,0.0,5
Grand Slam,Grass,2nd Round,1,39,8,841,1920,1.72,2.0,1,1,-8.557716058308927,73.23450413463847,0.8,0.6666666666666666,0.0,6
Grand Slam,Grass,3rd Round,1,39,41,841,830,1.44,2.62,1,1,-8.554978207521795,73.18765213117284,0.8,0.7142857142857143,0.5238095238095238,7
Grand Slam,Grass,4th Round,0,39,10,841,1885,3.0,1.36,1,1,-8.546764655160398,73.04718607069904,0.8,0.75,1.0,7
ATP250,Clay,1st Round,1,36,73,901,537,1.16,4.5,1,0,-8.508434744140548,72.39346179529802,0.6,0.5,0.5227272727272727,6
ATP250,Clay,2nd Round,1,36,127,901,355,1.1,6.5,1,0,-8.50022119177915,72.25376030917137,0.8,0.5333333333333333,0.5333333333333333,6
ATP250,Clay,Quarterfinals,1,36,87,901,481,1.11,6.0,1,0,-8.49748334099202,72.20722313043689,0.8,0.5625,0.5434782608695652,7
ATP250,Clay,The Final,1,36,37,901,890,1.61,2.2,1,0,-8.492007639417757,72.11419374792955,0.8,0.5882352941176471,0.5531914893617021,7
ATP250,Clay,1st Round,1,28,1543,1071,1,1.03,10.0,1,0,-8.486531937843491,72.0212243320376,0.8,0.6111111111111112,0.5625,8
ATP250,Clay,2nd Round,1,28,559,1071,43,1.02,12.0,1,0,-8.481056236269229,71.92831488276117,1.0,0.631578947368421,0.5714285714285714,9
ATP250,Clay,Semifinals,1,28,42,1071,830,1.66,2.1,1,0,-8.475580534694963,71.83546540010015,1.0,0.7,0.5882352941176471,9
ATP250,Clay,Quarterfinals,1,28,110,1071,389,1.1,6.5,1,0,-8.475580534694963,71.83546540010015,1.0,0.65,0.58,9
Masters 1000,Hard,1st Round,1,24,15,1168,1680,1.72,2.0,1,0,-8.429037071313719,71.04866594958095,1.0,0.3846153846153846,0.5961538461538461,8
Masters 1000,Hard,2nd Round,0,24,52,1168,755,1.28,3.5,1,0,-8.426299220526584,71.00251855384691,1.0,0.4285714285714285,0.6037735849056604,9
Grand Slam,Hard,1st Round,1,23,577,1183,40,1.03,11.0,1,1,-8.393445011080999,70.44991915404051,0.8,0.4,0.5925925925925926,4
Grand Slam,Hard,2nd Round,1,23,60,1183,651,1.53,2.37,1,1,-8.385231458719602,70.31210661630087,0.8,0.4375,0.6,3
Grand Slam,Hard,3rd Round,0,23,17,1183,1515,2.1,1.66,1,1,-8.377017906358208,70.17442900344606,0.8,0.4705882352941176,0.6071428571428571,4
ATP250,Hard,1st Round,1,22,67,1183,591,1.25,3.5,0,0,-8.294882382744245,68.80507374356084,0.6,0.4444444444444444,0.5964912280701754,1
ATP250,Hard,2nd Round,1,22,66,1183,601,1.19,4.33,0,0,-8.289406681169979,68.71426312582548,0.6,0.4736842105263157,0.603448275862069,1
ATP250,Hard,Quarterfinals,1,22,265,1183,149,1.07,7.5,0,0,-8.286668830382848,68.66888030443863,0.8,0.5,0.6101694915254238,2
ATP250,Hard,Semifinals,1,22,35,1183,910,1.5,2.5,0,0,-8.283930979595716,68.62351247470565,0.8,0.55,0.0,3
ATP250,Hard,The Final,1,22,48,1183,755,1.33,3.25,0,0,-8.281193128808585,68.57815963662652,0.8,0.6,0.6229508196721312,4
ATP500,Hard,1st Round,1,16,146,1350,310,1.08,6.5,0,0,-8.272979576447188,68.4421910723123,1.0,0.65,1.0,5
ATP500,Hard,2nd Round,0,16,44,1350,803,1.36,3.0,0,0,-8.270241725660057,68.39689820084864,1.0,0.65,0.6349206349206349,6
Masters 1000,Hard,2nd Round,1,17,27,1360,1045,2.25,1.57,0,0,-8.253814620937263,68.12545579679772,0.8,0.6,0.625,7
Masters 1000,Hard,3rd Round,1,17,19,1360,1295,2.1,1.66,0,0,-8.251076770150132,68.08026786691113,0.8,0.65,0.6307692307692307,8
Masters 1000,Hard,Quarterfinals,0,17,10,1360,1965,1.66,2.1,0,0,-8.248338919363,68.03509492867839,0.8,0.7,0.5,9
ATP250,Hard,Round Robin,1,16,76,1380,509,1.08,6.5,1,0,-8.045737961115222,64.73389933893053,0.4,0.65,0.6176470588235294,0
ATP250,Hard,Round Robin,1,16,200,1380,194,1.08,6.5,1,0,-8.04300011032809,64.68985077473768,0.6,0.65,0.6231884057971014,1
ATP250,Hard,Quarterfinals,1,16,70,1380,526,1.16,4.5,1,0,-8.037524408753828,64.60179862131358,0.6,0.7,0.5,2
ATP250,Hard,Semifinals,1,16,193,1380,202,1.57,2.25,1,0,-8.034786557966694,64.55779503208227,0.6,0.75,0.6338028169014085,3
ATP250,Hard,The Final,1,16,153,1380,287,1.22,4.0,1,0,-8.032048707179563,64.51380643450489,0.8,0.75,0.6388888888888888,4
Grand Slam,Hard,1st Round,1,15,43,1530,825,1.22,4.0,1,1,-8.010145900882506,64.16243735342482,1.0,0.8,1.0,5
Grand Slam,Hard,2nd Round,1,15,79,1530,486,1.14,5.0,1,1,-8.00467019930824,64.07474499969342,1.0,0.8,0.6486486486486487,6
Grand Slam,Hard,3rd Round,1,15,102,1530,417,1.06,8.0,1,1,-7.999194497733978,63.98711261257755,1.0,0.85,0.6533333333333333,7
Grand Slam,Hard,4th Round,0,15,1,1530,8120,9.0,1.05,1,1,-7.993718796159712,63.89954019207707,1.0,0.85,0.0,8
ATP250,Hard,1st Round,0,14,22,1625,1180,1.5,2.5,0,0,-7.933486078842808,62.94020136319264,0.8,0.8,1.0,4
ATP500,Hard,1st Round,1,14,67,1625,540,1.16,4.5,0,0,-7.914321123332883,62.63647884323306,0.6,0.8,0.0,2
ATP500,Hard,2nd Round,1,14,120,1625,374,1.16,4.5,0,0,-7.908845421758617,62.54983590527223,0.6,0.8,0.6455696202531646,2
ATP500,Hard,Quarterfinals,1,14,7,1625,2555,1.61,2.2,0,0,-7.903369720184354,62.46325293392693,0.6,0.8,0.5,3
ATP500,Hard,Semifinals,0,14,22,1625,1215,1.66,2.1,0,0,-7.900631869397223,62.41998393573506,0.6,0.8,0.5,4
ATP500,Hard,1st Round,1,14,49,1665,720,1.25,3.5,1,0,-7.892418317035826,62.290266891082624,0.6,0.75,0.6463414634146342,5
ATP500,Hard,2nd Round,1,14,98,1665,443,1.08,7.0,1,0,-7.889680466248695,62.24705785950623,0.8,0.75,0.6506024096385542,6
ATP500,Hard,Quarterfinals,0,14,1,1665,8120,9.0,1.04,1,0,-7.88694261546156,62.20386381958364,0.8,0.75,0.0,7
Masters 1000,Hard,2nd Round,1,13,43,1715,765,1.3,3.39,1,0,-7.856826256803107,61.72971882959072,0.6,0.75,1.0,8
Masters 1000,Hard,3rd Round,1,13,71,1715,511,1.25,3.75,1,0,-7.856826256803107,61.72971882959072,0.6,0.75,0.6511627906976745,8
Masters 1000,Hard,4th Round,1,13,46,1715,757,1.22,4.0,1,0,-7.851350555228844,61.64370554109228,0.8,0.75,0.0,10
Masters 1000,Hard,Quarterfinals,1,13,15,1715,1645,1.44,2.75,1,0,-7.845874853654578,61.55775221920925,0.8,0.8,0.0,10
Masters 1000,Hard,Semifinals,1,13,14,1715,1700,1.72,2.1,1,0,-7.840399152080316,61.47185886394174,0.8,0.8,1.0,11
Masters 1000,Hard,The Final,0,13,2,1715,4480,3.2,1.36,1,1,-7.840399152080316,61.47185886394174,1.0,0.8,0.6666666666666666,11
Masters 1000,Hard,2nd Round,1,10,82,2060,485,1.11,6.0,1,0,-7.826709898144657,61.25738782971554,0.8,0.75,1.0,12
Masters 1000,Hard,3rd Round,1,10,76,2060,514,1.11,6.0,1,0,-7.821234196570391,61.17170435760208,0.8,0.75,0.6630434782608695,12
Masters 1000,Hard,4th Round,1,10,84,2060,481,1.14,5.0,1,0,-7.813020644208994,61.04329158683591,0.8,0.75,1.0,11
Masters 1000,Hard,Quarterfinals,1,10,2,2060,4755,4.0,1.25,1,0,-7.810282793421862,61.00051731322161,0.8,0.75,0.0,12
Masters 1000,Hard,Semifinals,1,10,12,2060,1905,1.61,2.25,1,0,-7.807544942634731,60.95775803126117,0.8,0.75,1.0,12
Masters 1000,Hard,The Final,1,10,55,2060,652,1.61,2.25,1,1,-7.802069241060465,60.87228444230183,1.0,0.75,0.6770833333333334,11
Masters 1000,Clay,2nd Round,1,7,45,2540,740,1.19,4.33,1,0,-7.755525777679221,60.14818008824689,1.0,0.7,0.6804123711340206,6
Masters 1000,Clay,3rd Round,0,7,16,2540,1615,1.5,2.5,1,0,-7.75278792689209,60.10572063936375,1.0,0.75,0.5,7
ATP250,Clay,1st Round,1,5,177,2595,230,1.3,3.39,1,0,-7.722671568233636,59.63965615080417,0.8,0.75,0.6767676767676768,3
ATP250,Clay,2nd Round,1,5,232,2595,164,1.08,7.0,1,0,-7.71719586665937,59.55511204438447,0.8,0.75,0.68,3
ATP250,Clay,Quarterfinals,1,5,62,2595,609,1.14,5.0,1,0,-7.711720165085108,59.47062790458028,0.8,0.75,1.0,4
ATP250,Clay,Semifinals,1,5,7,2595,2445,1.72,2.0,1,0,-7.708982314297973,59.42840832215894,0.8,0.8,0.6666666666666666,5
ATP250,Clay,The Final,1,5,15,2595,1745,1.66,2.2,1,0,-7.706244463510842,59.386203731391504,0.8,0.85,1.0,6
Masters 1000,Clay,2nd Round,1,5,27,2720,1053,1.28,3.5,1,0,-7.698030911149445,59.25967990901236,1.0,0.9,0.6923076923076923,7
Masters 1000,Clay,3rd Round,1,5,18,2720,1335,1.28,3.5,1,0,-7.695293060362314,59.21753528486038,1.0,0.9,0.6952380952380952,8
Masters 1000,Clay,Quarterfinals,0,5,2,2720,4875,8.0,1.07,1,0,-7.692555209575183,59.17540565236228,1.0,0.95,0.5,9
Masters 1000,Clay,2nd Round,1,6,38,2735,822,1.07,7.5,1,0,-7.676128104852388,58.92294268210472,0.8,0.9,0.5,10
Masters 1000,Clay,3rd Round,1,6,23,2735,1170,1.2,4.33,1,0,-7.676128104852388,58.92294268210472,0.8,0.9,1.0,10
Masters 1000,Clay,Quarterfinals,0,6,36,2735,860,1.33,3.4,1,0,-7.673390254065257,58.88091799118367,0.8,0.9,1.0,12
Grand Slam,Clay,1st Round,1,6,123,2810,341,1.03,11.0,1,1,-7.640536044619672,58.377791049132426,0.6,0.85,0.6909090909090909,11
Grand Slam,Clay,2nd Round,1,6,306,2810,115,1.01,13.0,1,1,-7.637798193832541,58.33596124971163,0.6,0.85,0.6936936936936937,11
Grand Slam,Clay,3rd Round,1,6,129,2810,337,1.05,9.0,1,1,-7.632322492258275,58.25234662583157,0.8,0.85,0.6964285714285714,11
Grand Slam,Clay,4th Round,1,6,51,2810,695,1.36,3.0,1,1,-7.626846790684013,58.16879196856703,0.8,0.85,0.0,11
Grand Slam,Clay,Quarterfinals,1,6,125,2810,340,1.53,2.5,1,1,-7.621371089109747,58.08529727791789,0.8,0.85,1.0,10
Grand Slam,Clay,Semifinals,0,6,2,2810,5225,8.5,1.06,1,1,-7.615895387535485,58.00186255388427,1.0,0.85,0.3333333333333333,11
ATP250,Grass,2nd Round,1,4,86,3010,481,1.1,6.5,1,0,-7.602206133599822,57.79353809774275,0.8,0.6666666666666666,0.6982758620689655,9
ATP250,Grass,3rd Round,0,4,43,3010,745,1.14,5.0,1,0,-7.596730432025559,57.71031325686324,0.8,0.7,1.0,10
Grand Slam,Grass,1st Round,1,5,47,3010,716,1.03,11.0,1,1,-7.566614073367106,57.25364853527714,0.6,0.6363636363636364,0.6949152542372882,8
Grand Slam,Grass,2nd Round,1,5,67,3010,560,1.04,9.0,1,1,-7.56113837179284,57.17081347739808,0.6,0.6666666666666666,0.6974789915966386,9
Grand Slam,Grass,3rd Round,1,5,1065,3010,6,1.16,4.5,1,1,-7.544711267070049,56.92266810345375,0.6,0.6923076923076923,0.7,7
Grand Slam,Grass,4th Round,1,5,19,3010,1330,2.1,1.72,1,1,-7.541973416282918,56.88136301191823,0.8,0.7142857142857143,0.0,7
Grand Slam,Grass,Quarterfinals,1,5,16,3010,1570,1.57,2.37,1,1,-7.539235565495783,56.840072912036526,0.8,0.7333333333333333,1.0,8
ATP250,Clay,1st Round,1,3,182,3245,223,1.03,11.0,1,0,-7.492692102114539,56.14043493708959,1.0,0.8,0.7073170731707317,5
ATP250,Clay,2nd Round,0,3,176,3245,230,1.01,13.0,1,0,-7.487216400540273,56.05840942851924,1.0,0.8,0.7096774193548387,6
Masters 1000,Hard,2nd Round,1,4,254,3200,150,1.25,3.75,1,0,-7.451624340307557,55.52670530906404,0.8,0.8,1.0,2
Masters 1000,Hard,3rd Round,1,4,26,3200,1115,1.36,3.0,1,0,-7.446148638733295,55.4451295501097,0.8,0.85,0.7063492063492064,3
Masters 1000,Hard,Quarterfinals,1,4,3,3200,3290,1.66,2.2,1,0,-7.44341078794616,55.40436415811328,0.8,0.85,0.7086614173228346,4
Masters 1000,Hard,Semifinals,1,4,2,3200,5455,2.2,1.66,1,0,-7.437935086371898,55.32287834908213,0.8,0.85,0.25,5
Masters 1000,Hard,The Final,1,4,1,3200,7290,4.33,1.22,1,0,-7.435197235584763,55.2821579320473,0.8,0.85,0.0,6
Masters 1000,Hard,2nd Round,0,3,19,3700,1325,1.16,4.5,1,0,-7.4297215340105,55.20076207293935,1.0,0.9,0.5,7
Grand Slam,Hard,1st Round,1,3,95,3670,437,1.02,12.0,1,1,-7.394129473777784,54.67315067498934,0.8,0.85,0.7099236641221374,6
Grand Slam,Hard,2nd Round,1,3,35,3670,850,1.08,7.0,1,1,-7.385915921416387,54.55175399823208,0.8,0.85,0.5,7
Grand Slam,Hard,3rd Round,1,3,57,3670,595,1.16,4.5,1,1,-7.3804402198421215,54.47089783866322,0.8,0.9,0.7142857142857143,8
Grand Slam,Hard,4th Round,1,3,23,3670,1175,1.08,7.0,1,1,-7.374964518267859,54.39010164570988,0.8,0.9,1.0,9
Grand Slam,Hard,Quarterfinals,1,3,17,3670,1445,1.19,4.5,1,1,-7.366750965906462,54.26901979368379,0.8,0.9,0.3333333333333333,9
Grand Slam,Hard,Semifinals,1,3,15,3670,1565,1.3,3.5,1,1,-7.364013115119331,54.22868915964951,1.0,0.9,0.3333333333333333,10
Grand Slam,Hard,The Final,0,3,1,3670,7605,4.5,1.2,1,1,-7.361275264332196,54.18837351726904,1.0,0.9,0.25,10
ATP500,Hard,1st Round,1,3,70,4145,535,1.08,7.0,0,0,-7.279139740718236,52.98587536490355,0.8,0.85,1.0,1
ATP500,Hard,2nd Round,1,3,126,4145,345,1.01,13.0,0,0,-7.27366403914397,52.906188554336175,0.8,0.9,1.0,1
ATP500,Hard,Quarterfinals,1,3,16,4145,1465,1.11,6.0,0,0,-7.270926188356839,52.86636763653331,0.8,0.9,0.7214285714285714,2
ATP500,Hard,Semifinals,1,3,73,4145,529,1.11,6.0,0,0,-7.268188337569708,52.82656171038431,0.8,0.9,1.0,3
ATP500,Hard,The Final,1,3,41,4145,745,1.22,4.33,0,0,-7.265450486782573,52.78677077588912,0.8,0.9,0.0,4
Masters 1000,Hard,2nd Round,1,3,32,4370,905,1.19,4.33,0,0,-7.257236934421179,52.66748792232692,1.0,0.9,0.3333333333333333,5
Masters 1000,Hard,3rd Round,1,3,23,4370,1285,1.16,4.5,0,0,-7.254499083634045,52.62775695444719,1.0,0.9,0.0,6
Masters 1000,Hard,Quarterfinals,1,3,49,4370,675,1.3,3.5,0,0,-7.251761232846913,52.588040978221386,1.0,0.9,0.5,7
Masters 1000,Hard,Semifinals,0,3,25,4370,1160,1.4,3.0,0,0,-7.249023382059782,52.54833999364944,1.0,0.9,1.0,8
Masters Cup,Hard,Round Robin,0,3,6,4470,2250,1.33,3.25,0,0,-7.188790664742875,51.678711221494304,0.6,0.85,0.5,8
Masters Cup,Hard,Round Robin,0,3,8,4470,1830,1.4,2.75,0,0,-7.183314963168613,51.600013860082086,0.4,0.8,1.0,7
Masters Cup,Hard,Round Robin,0,3,2,4470,5535,4.5,1.16,0,0,-7.177839261594347,51.52137646528528,0.2,0.75,0.4,7
Grand Slam,Hard,1st Round,1,3,81,4315,496,1.03,11.0,1,1,-7.010830363579288,49.15174238688529,0.0,0.7,0.7086092715231788,0
Grand Slam,Hard,2nd Round,1,3,70,4315,541,1.005,17.0,1,1,-7.0053546620050255,49.07499394047554,0.2,0.75,0.7105263157894737,1
Grand Slam,Hard,3rd Round,1,3,62,4315,588,1.03,11.0,1,1,-6.99987896043076,48.99830546068121,0.4,0.75,0.7124183006535948,2
Grand Slam,Hard,4th Round,1,3,22,4315,1385,1.16,4.5,1,1,-6.994403258856497,48.92167694750239,0.6,0.75,0.5,3
Grand Slam,Hard,Quarterfinals,1,3,5,4315,2615,1.36,3.2,1,1,-6.988927557282231,48.845108400938976,0.8,0.75,0.4,4
Grand Slam,Hard,Semifinals,1,3,1,4315,7180,3.4,1.33,1,1,-6.983451855707969,48.76859982099108,1.0,0.75,0.2,5
Grand Slam,Hard,The Final,1,3,38,4315,789,1.33,3.4,1,1,-6.977976154133703,48.69215120765858,1.0,0.75,0.7197452229299363,6
ATP250,Hard,1st Round,1,3,296,5165,125,1.02,12.0,0,0,-6.931432690752459,48.04475914643187,1.0,0.75,0.7215189873417721,7
ATP250,Hard,2nd Round,0,3,30,5165,1025,1.16,4.5,0,0,-6.928694839965324,48.00681218536211,1.0,0.8,0.7232704402515723,8
ATP500,Hard,1st Round,1,3,45,5010,752,1.14,5.0,1,0,-6.8766756750098175,47.28866833927173,0.8,0.75,0.71875,2
ATP500,Hard,2nd Round,1,3,47,5010,705,1.1,6.5,1,0,-6.873937824222683,47.25102121127927,0.8,0.75,0.0,3
ATP500,Hard,Quarterfinals,1,3,34,5010,945,1.12,5.5,1,0,-6.871199973435552,47.21338907494072,0.8,0.75,1.0,4
ATP500,Hard,Semifinals,0,3,6,5010,2140,1.38,2.87,1,0,-6.86846212264842,47.17577193025605,0.8,0.75,1.0,5
Masters 1000,Hard,2nd Round,1,3,40,5130,794,1.07,7.5,1,0,-6.846559316351364,46.87537447231765,0.6,0.7,1.0,5
Masters 1000,Hard,3rd Round,1,3,27,5130,1155,1.14,5.0,1,0,-6.838345763989967,46.76297278787952,0.8,0.7,0.7212121212121212,5
Masters 1000,Hard,4th Round,1,3,16,5130,1468,1.14,5.0,1,0,-6.835607913202836,46.725535543041225,0.8,0.7,1.0,6
Masters 1000,Hard,Quarterfinals,1,3,35,5130,955,1.1,7.0,1,0,-6.832870062415701,46.68811328985674,0.8,0.7,0.5,7
Masters 1000,Hard,Semifinals,1,3,2,5130,5980,1.57,2.37,1,0,-6.827394360841439,46.61331375844947,0.8,0.75,0.3333333333333333,8
Masters 1000,Hard,The Final,1,3,98,5130,445,1.19,4.5,1,0,-6.824656510054307,46.57593648022664,1.0,0.8,1.0,9
Masters 1000,Hard,2nd Round,0,3,122,5280,370,1.05,9.0,1,0,-6.810967256118644,46.389274963920336,1.0,0.85,0.7294117647058823,10
Masters 1000,Clay,2nd Round,1,3,29,4725,1070,1.12,5.5,1,0,-6.742520986440344,45.46158925258846,0.8,0.75,0.0,2
Masters 1000,Clay,3rd Round,1,3,20,4725,1330,1.33,3.25,1,0,-6.737045284866078,45.387779170336245,0.8,0.8,1.0,2
Masters 1000,Clay,Quarterfinals,1,3,50,4725,710,1.05,10.0,1,0,-6.734307434078946,45.35089661669096,0.8,0.8,1.0,3
Masters 1000,Clay,2nd Round,1,3,49,4935,713,1.07,7.5,1,0,-6.701453224633362,44.90947532194888,0.8,0.8,0.7298850574712644,3
Masters 1000,Clay,3rd Round,1,3,26,4935,1155,1.14,5.0,1,0,-6.69871537384623,44.87278765980384,0.8,0.8,1.0,4
Masters 1000,Clay,The Final,1,3,24,4935,1090,1.25,4.0,1,0,-6.690501821484833,44.762814623291874,1.0,0.8,0.6666666666666666,5
Masters 1000,Clay,2nd Round,1,3,39,5125,805,1.12,5.5,1,0,-6.682288269123436,44.65297651166469,1.0,0.8,1.0,6
Masters 1000,Clay,3rd Round,1,3,24,5125,1265,1.1,6.5,1,0,-6.679550418336305,44.61639379109671,1.0,0.8,0.7359550561797753,7
Masters 1000,Clay,Quarterfinals,1,3,78,5125,511,1.07,8.0,1,0,-6.676812567549174,44.57982606218259,1.0,0.8,0.7374301675977654,8
Masters 1000,Clay,Semifinals,0,3,2,5125,5435,2.87,1.4,1,0,-6.674074716762039,44.54327332492229,1.0,0.85,0.4285714285714285,9
Grand Slam,Clay,1st Round,1,3,64,5225,578,1.01,13.0,1,1,-6.652171910464983,44.25139112637934,0.8,0.8,0.7348066298342542,8
Grand Slam,Clay,2nd Round,1,3,264,5225,140,1.01,15.0,1,1,-6.6439583581035855,44.14218266421449,0.8,0.8,0.7362637362637363,8
Grand Slam,Clay,3rd Round,1,3,106,5225,433,1.01,15.0,1,1,-6.638482656529323,44.06945198104062,0.8,0.85,0.7377049180327869,9
Grand Slam,Clay,4th Round,1,3,19,5225,1270,1.07,7.5,1,1,-6.633006954955057,43.99678126448216,0.8,0.85,0.5,10
Grand Slam,Clay,Quarterfinals,1,3,80,5225,512,1.07,8.0,1,1,-6.627531253380795,43.924170514539206,0.8,0.85,0.7405405405405405,11
Grand Slam,Clay,Semifinals,0,3,2,5225,5585,4.5,1.2,1,1,-6.619317701019398,43.815366827028726,1.0,0.85,0.375,12
ATP250,Grass,2nd Round,1,3,112,5225,417,1.03,11.0,1,0,-6.605628447083738,43.63432718092192,0.8,0.75,0.7379679144385026,10
ATP250,Grass,3rd Round,1,3,39,5225,888,1.11,6.0,1,0,-6.602890596296607,43.59816422666216,0.8,0.7647058823529411,0.7393617021276596,11
ATP250,Grass,Quarterfinals,1,3,30,5225,1010,1.38,2.87,1,0,-6.600152745509472,43.56201626405623,0.8,0.7777777777777778,0.6666666666666666,12
ATP250,Grass,Semifinals,1,3,8,5225,2000,1.28,3.5,1,0,-6.597414894722341,43.5258832931042,0.8,0.7894736842105263,0.5,12
ATP250,Grass,The Final,0,3,2,5225,5585,1.7,2.15,1,0,-6.59467704393521,43.48976531380604,0.8,0.8,0.3333333333333333,12
Grand Slam,Grass,1st Round,1,3,91,5360,478,1.01,15.0,1,1,-6.5727742376381535,43.20136117895981,0.8,0.75,0.7395833333333334,11
Grand Slam,Grass,2nd Round,0,3,75,5360,530,1.05,9.0,1,1,-6.567298536063888,43.12941006178688,0.8,0.75,0.0,11
Masters 1000,Hard,2nd Round,1,3,82,4945,519,1.07,7.5,1,0,-6.49063871402419,42.128390915989584,0.6,0.85,0.7371134020618557,2
Masters 1000,Hard,3rd Round,1,3,49,4945,815,1.11,6.0,1,0,-6.4879008632370585,42.092857611192166,0.6,0.85,1.0,2
Masters 1000,Hard,Quarterfinals,0,3,9,4945,1730,1.12,6.0,1,0,-6.482425161662793,42.02183597655888,0.6,0.85,1.0,2
Masters 1000,Hard,2nd Round,1,3,50,5055,815,1.07,7.5,1,0,-6.471473758514264,41.87997260713874,0.6,0.8,1.0,3
Masters 1000,Hard,3rd Round,1,3,39,5055,895,1.1,6.5,1,0,-6.468735907727133,41.84454424391838,0.6,0.8,1.0,4
Masters 1000,Hard,Quarterfinals,1,3,53,5055,782,1.2,4.5,1,0,-6.465998056940002,41.80913087235188,0.8,0.8,1.0,5
Masters 1000,Hard,The Final,0,3,9,5055,1835,1.33,3.4,1,0,-6.460522355365736,41.73834910418044,0.8,0.8,0.8,6
Masters 1000,Hard,Semifinals,1,3,2,5055,6305,2.75,1.44,1,0,-6.460522355365736,41.73834910418044,0.8,0.8,0.3,6
Grand Slam,Hard,1st Round,1,3,78,5105,555,1.01,13.0,1,1,-6.394813936474566,40.89364528212934,0.8,0.75,0.5,5
Grand Slam,Hard,2nd Round,1,3,113,5105,433,1.01,13.0,1,1,-6.3893382349003005,40.823643079958885,0.8,0.8,1.0,6
Grand Slam,Hard,3rd Round,1,3,24,5105,1145,1.12,5.5,1,1,-6.381124682538907,40.71875221410727,0.8,0.8,1.0,4
Grand Slam,Hard,4th Round,1,3,15,5105,1360,1.07,7.5,1,1,-6.378386831751772,40.68381857546441,0.8,0.8,0.75,5
Grand Slam,Hard,Quarterfinals,1,3,8,5105,1845,1.61,2.25,1,1,-6.370173279390379,40.57910760945917,0.8,0.8,0.5,4
Grand Slam,Hard,Semifinals,0,3,2,5105,5930,2.1,1.72,1,1,-6.367435428603244,40.54423393743178,1.0,0.85,0.3333333333333333,5
ATP250,Hard,2nd Round,1,3,141,4855,317,1.02,12.0,0,0,-6.315416263647734,39.8844825831463,0.8,0.8,0.7403846153846154,6
ATP250,Hard,Quarterfinals,1,3,34,4855,965,1.2,4.33,0,0,-6.312678412860603,39.849908744196256,0.8,0.8,1.0,7
ATP250,Hard,Semifinals,1,3,27,4855,1065,1.16,4.5,0,0,-6.309940562073471,39.81534989690008,0.8,0.8,0.7428571428571429,7
ATP250,Hard,The Final,0,3,20,4855,1250,1.28,3.75,0,0,-6.30720271128634,39.78080604125776,0.8,0.8,1.0,8
Masters 1000,Hard,3rd Round,0,3,21,4725,1215,1.22,4.0,0,0,-6.257921397117961,39.16158021250681,0.6,0.75,1.0,4
Masters Cup,Hard,Round Robin,1,3,8,4645,1845,1.4,2.75,0,0,-6.192212978226792,38.34350156772031,0.4,0.7,1.0,2
Masters Cup,Hard,Round Robin,1,3,5,4645,2315,1.44,2.75,0,0,-6.186737276652526,38.27571813032191,0.4,0.75,0.7348837209302326,3
Masters Cup,Hard,Round Robin,0,3,7,4645,1950,1.44,2.62,0,0,-6.181261575078263,38.20799465953901,0.4,0.75,0.3333333333333333,4
Masters Cup,Hard,Semifinals,1,3,9,4645,1780,1.38,3.0,0,0,-6.175785873503997,38.140331155371534,0.4,0.7,0.0,5
Masters Cup,Hard,The Final,1,3,5,4645,2315,2.0,1.8,0,0,-6.173048022716866,38.10652189076861,0.6,0.75,1.0,5
ATP250,Hard,1st Round,0,3,53,10590,1408,1.16,4.5,1,0,-6.03341763257313,36.40212832904435,0.8,0.75,1.0,0
ATP250,Hard,2nd Round,1,3,29,10590,2000,1.2,4.33,1,0,-6.011514826276073,36.138310506537046,0.6,0.7,0.6666666666666666,1
ATP250,Hard,Quarterfinals,1,3,35,10590,1800,1.2,4.33,1,0,-6.008776975488939,36.105400741166,0.6,0.7,0.6666666666666666,2
ATP250,Hard,Semifinals,0,3,40,10590,1600,1.11,6.0,1,0,-6.006039124701808,36.072505967448855,0.8,0.7,1.0,3
Grand Slam,Hard,2nd Round,1,3,68,10650,1163,1.03,11.0,1,1,-5.992349870766148,35.90825697367107,0.6,0.7,0.7321428571428571,5
Grand Slam,Hard,3rd Round,1,3,127,10650,728,1.01,13.0,1,1,-5.986874169191882,35.84266231773699,0.8,0.7,1.0,6
Grand Slam,Hard,4th Round,1,3,97,10650,950,1.25,3.75,1,1,-5.98139846761762,35.77712762841841,0.8,0.7,1.0,7
ATP250,Hard,1st Round,1,3,55,9010,1268,1.12,5.5,0,0,-5.915690048726447,34.99538875260111,0.8,0.7,1.0,4
ATP250,Hard,2nd Round,1,3,68,9010,1132,1.03,11.0,0,0,-5.912952197939315,34.96300369511538,1.0,0.7,0.0,4
ATP250,Hard,Quarterfinals,1,3,76,9010,1085,1.05,9.0,0,0,-5.910214347152184,34.93063362928352,1.0,0.75,0.7379912663755459,5
ATP250,Hard,Semifinals,0,3,12,9010,3200,1.61,2.2,0,0,-5.907476496365053,34.89827855510552,1.0,0.75,0.25,5
ATP500,Hard,1st Round,1,3,125,9010,726,1.02,12.0,1,0,-5.899262944003656,34.80130328249468,0.8,0.7,0.7359307359307359,5
ATP500,Hard,2nd Round,1,3,66,9010,1132,1.03,11.0,1,0,-5.896525093216525,34.76900817493215,0.8,0.7,0.5,5
ATP500,Hard,Quarterfinals,1,3,19,9010,2500,1.38,2.75,1,0,-5.89378724242939,34.736728059023434,0.8,0.75,1.0,6
ATP500,Hard,Semifinals,1,3,8,9010,3945,1.44,2.62,1,0,-5.891049391642259,34.70446293476863,0.8,0.8,0.5,7
ATP500,Hard,The Final,1,3,14,9010,2875,1.4,2.87,1,0,-5.888311540855128,34.672212802167685,0.8,0.8,0.5,8
Masters 1000,Hard,2nd Round,1,3,54,9240,1238,1.01,15.0,1,0,-5.847243779048146,34.19025981161724,1.0,0.8,0.7415254237288136,9
Masters 1000,Hard,3rd Round,1,3,64,9240,1105,1.1,6.5,1,0,-5.84176807747388,34.12625427099287,1.0,0.85,1.0,10
Masters 1000,Hard,4th Round,1,3,16,9240,2660,1.1,6.5,1,0,-5.839030226686749,34.094273988161504,1.0,0.85,0.75,11
Masters 1000,Hard,Quarterfinals,0,3,7,9240,4060,1.57,2.37,1,0,-5.833554525112486,34.03035839746037,1.0,0.85,0.6666666666666666,12
Masters 1000,Hard,2nd Round,1,3,117,8420,736,1.06,8.0,1,0,-5.814389569602561,33.807126067103056,0.8,0.85,1.0,8
Masters 1000,Hard,3rd Round,1,3,33,8420,1630,1.1,6.0,1,0,-5.806176017241164,33.71167994318646,0.8,0.85,0.75,6
Masters 1000,Hard,4th Round,1,3,22,8420,2230,1.2,4.33,1,0,-5.803438166454033,33.67989455185534,0.8,0.85,1.0,6
Masters 1000,Hard,Quarterfinals,1,3,11,8420,3195,1.61,2.25,1,0,-5.8007003156669015,33.64812415217809,0.8,0.9,0.2,7
Masters 1000,Hard,Semifinals,1,3,2,8420,10910,3.2,1.36,1,0,-5.795224614092636,33.58462832778514,0.8,0.9,0.2857142857142857,8
Masters 1000,Hard,The Final,0,3,4,8420,7850,1.4,2.87,1,0,-5.789748912518373,33.52119247000768,1.0,0.9,0.6666666666666666,9
Masters 1000,Clay,2nd Round,1,3,65,9010,1084,1.05,9.0,1,0,-5.765108255434182,33.23647319687536,0.8,0.8,0.7439024390243902,10
Masters 1000,Clay,3rd Round,1,3,36,9010,1549,1.08,7.0,1,0,-5.75963255385992,33.17336715548294,0.8,0.8,1.0,10
Masters 1000,Clay,Quarterfinals,1,3,8,9010,3760,1.8,1.9,1,0,-5.756894703072785,33.14183662226749,0.8,0.85,0.5,10
Masters 1000,Clay,Semifinals,1,3,16,9010,2620,1.3,3.5,1,0,-5.754156852285654,33.110321080705944,0.8,0.85,0.8,10
Masters 1000,Clay,The Final,0,3,1,9010,14470,8.0,1.07,1,0,-5.7514190014985225,33.07882053079826,0.8,0.9,0.3636363636363636,11
Masters 1000,Clay,2nd Round,1,3,33,9160,1609,1.06,8.0,1,0,-5.726778344414335,32.79599020605299,0.8,0.85,1.0,10
Masters 1000,Clay,3rd Round,1,3,17,9160,2510,1.16,4.5,1,0,-5.721302642840069,32.73330393096876,0.8,0.85,0.8,10
Masters 1000,Clay,Quarterfinals,1,3,5,9160,4580,1.22,4.33,1,0,-5.718564792052938,32.701983280907456,0.8,0.85,1.0,10
Masters 1000,Clay,Semifinals,1,3,2,9160,10060,1.72,2.1,1,0,-5.715826941265807,32.67067762250002,0.8,0.85,0.375,10
Masters 1000,Clay,The Final,0,3,1,9160,14890,6.5,1.11,1,0,-5.713089090478672,32.63938695574642,0.8,0.85,0.3333333333333333,11
ATP250,Clay,2nd Round,1,3,63,9670,1045,1.06,8.0,1,0,-5.704875538117278,32.54560490540891,0.8,0.8,1.0,10
ATP250,Clay,Quarterfinals,1,3,38,9670,1460,1.06,8.0,1,0,-5.699399836543012,32.483158496786515,0.8,0.8,0.0,11
ATP250,Clay,Semifinals,1,3,36,9670,1470,1.05,9.0,1,0,-5.696661985755881,32.45195777995614,0.8,0.8,1.0,12
ATP250,Clay,The Final,1,3,179,9670,423,1.01,15.0,1,0,-5.693924134968746,32.42077205477959,0.8,0.8,0.749034749034749,13
Masters 1000,Clay,2nd Round,1,4,65,8920,1023,1.03,11.0,1,0,-5.685710582607353,32.327304829173244,0.8,0.85,1.0,14
Masters 1000,Clay,3rd Round,1,4,36,8920,1490,1.04,11.0,1,0,-5.682972731820218,32.296179070612155,1.0,0.85,1.0,15
Masters 1000,Clay,Quarterfinals,1,4,54,8920,1181,1.07,8.0,1,0,-5.680234881033087,32.265068303704965,1.0,0.85,0.5,15
Masters 1000,Clay,Semifinals,0,4,1,8920,15360,6.5,1.11,1,0,-5.677497030245956,32.233972528451645,1.0,0.85,0.3076923076923077,16
Grand Slam,Clay,2nd Round,1,4,110,8830,732,1.005,21.0,1,1,-5.64190497001324,31.83109169066009,0.8,0.8,0.75,12
Grand Slam,Clay,3rd Round,0,4,31,8830,1590,1.04,10.0,1,1,-5.639167119226105,31.80020579856085,0.8,0.8,1.0,13
ATP250,Grass,1st Round,1,4,66,8020,951,1.06,8.0,1,0,-5.611788611354786,31.49217141853128,0.6,0.75,1.0,7
ATP250,Grass,2nd Round,1,4,56,8020,1056,1.02,12.0,1,0,-5.60631290978052,31.43074444237172,0.6,0.75,0.5,7
ATP250,Grass,Quarterfinals,1,4,28,8020,1675,1.11,6.0,1,0,-5.603575058993389,31.40005344177276,0.6,0.8,1.0,8
ATP250,Grass,Semifinals,1,4,136,8020,563,1.05,9.0,1,0,-5.600837208206258,31.36937743282767,0.8,0.8,0.0,8
ATP250,Grass,The Final,0,4,41,8020,1195,1.33,3.4,1,0,-5.598099357419123,31.3387164155364,0.8,0.8,1.0,8
Grand Slam,Grass,1st Round,1,4,81,7860,845,1.04,10.0,1,1,-5.576196551122067,31.09396797674563,0.8,0.75,0.6666666666666666,7
Grand Slam,Grass,2nd Round,1,4,106,7860,692,1.01,15.0,1,1,-5.570720849547804,31.03293078358661,0.8,0.8,0.75,8
Grand Slam,Grass,3rd Round,1,4,25,7860,1735,1.25,3.75,1,1,-5.565245147973538,30.97195355704301,0.8,0.8,1.0,9
Grand Slam,Grass,4th Round,1,4,46,7860,1162,1.03,11.0,1,1,-5.557031595612145,30.880600154631654,0.8,0.85,0.7518248175182481,9
Grand Slam,Grass,Quarterfinals,0,4,34,7860,1405,1.36,3.2,1,1,-5.551555894037879,30.819772844626712,0.8,0.85,0.6666666666666666,9
Masters 1000,Hard,2nd Round,1,4,225,7380,256,1.03,11.0,1,0,-5.439304011765461,29.586028132407844,0.8,0.85,0.75,0
Masters 1000,Hard,3rd Round,1,4,65,7380,850,1.14,5.0,1,0,-5.433828310191199,29.526490104635343,0.8,0.85,0.3333333333333333,1
Masters 1000,Hard,Quarterfinals,0,4,5,7380,5530,1.9,1.8,1,0,-5.431090459404068,29.49674357822989,0.8,0.85,0.5,2
Masters 1000,Hard,2nd Round,1,4,54,7150,906,1.11,6.0,1,0,-5.417401205468405,29.34823582101053,0.6,0.8,0.6666666666666666,3
Masters 1000,Hard,3rd Round,1,4,35,7150,1222,1.14,5.0,1,0,-5.414663354681274,29.318579244528262,0.6,0.8,1.0,4
Masters 1000,Hard,Quarterfinals,1,4,9,7150,3320,1.28,3.4,1,0,-5.411925503894143,29.28893765969987,0.8,0.85,0.6666666666666666,5
Masters 1000,Hard,Semifinals,1,4,3,7150,8665,2.37,1.57,1,0,-5.409187653107011,29.25931106652534,0.8,0.85,0.2857142857142857,6
Masters 1000,Hard,The Final,0,4,1,7150,11040,2.75,1.44,1,0,-5.406449802319877,29.229699465004632,0.8,0.85,0.4444444444444444,7
Grand Slam,Hard,1st Round,1,4,51,7660,976,1.04,10.0,1,1,-5.381809145235689,28.963869675742497,0.8,0.8,0.75,8
Grand Slam,Hard,2nd Round,1,4,155,7660,402,1.01,15.0,1,1,-5.376333443661423,28.90496129743229,0.8,0.8,0.7508771929824561,9
Grand Slam,Hard,3rd Round,1,4,276,7660,197,1.01,15.0,1,1,-5.370857742087161,28.846112885737597,0.8,0.8,0.7517482517482518,10
Grand Slam,Hard,4th Round,1,4,16,7660,2000,1.16,4.5,1,1,-5.362644189725764,28.75795270559949,0.8,0.8,0.6666666666666666,11
Grand Slam,Hard,Quarterfinals,1,4,10,7660,3220,1.33,3.4,1,1,-5.359906338938632,28.72859596219453,0.8,0.8,0.6,12
Grand Slam,Hard,Semifinals,0,4,1,7660,12040,4.33,1.22,1,1,-5.348954935790104,28.611318905113315,1.0,0.8,0.4,11
ATP500,Hard,1st Round,1,4,27,7330,1286,1.08,7.0,1,0,-5.288722218473197,27.970582704172053,0.8,0.8,0.7517241379310344,4
ATP500,Hard,2nd Round,1,4,28,7330,1245,1.12,5.5,1,0,-5.283246516898934,27.91269375832472,0.8,0.8,0.5,4
ATP500,Hard,Quarterfinals,1,4,9,7330,3460,1.36,3.0,1,0,-5.2777708153246685,27.854864779092814,0.8,0.8,0.6666666666666666,4
ATP500,Hard,Semifinals,1,4,11,7330,3020,1.44,2.62,1,0,-5.275032964537537,27.82597277695768,0.8,0.8,1.0,4
ATP500,Hard,The Final,1,4,15,7330,2195,1.36,3.2,1,0,-5.272295113750406,27.797095766476406,0.8,0.8,1.0,5
Masters 1000,Hard,2nd Round,1,4,66,7740,720,1.03,11.0,1,0,-5.264081561389009,27.71055468495575,1.0,0.8,0.7559322033898305,5
Masters 1000,Hard,3rd Round,1,4,99,7740,545,1.02,12.0,1,0,-5.261343710601874,27.6817376410899,1.0,0.85,1.0,6
Masters 1000,Hard,Quarterfinals,1,4,10,7740,3285,1.2,4.33,1,0,-5.258605859814743,27.65293558887796,1.0,0.85,0.75,7
Masters 1000,Hard,Semifinals,0,4,8,7740,3710,1.36,3.0,1,0,-5.255868009027612,27.624148528319875,1.0,0.85,1.0,8
Masters 1000,Hard,2nd Round,1,3,30,8300,1150,1.08,7.0,0,0,-5.187421739349308,26.909344301873794,0.8,0.85,1.0,4
Masters 1000,Hard,3rd Round,1,3,93,8300,552,1.07,7.5,0,0,-5.184683888562176,26.88094702431621,0.8,0.85,0.6666666666666666,5
Masters 1000,Hard,Quarterfinals,1,3,10,8300,2935,1.33,3.25,0,0,-5.181946037775045,26.85256473841249,0.8,0.85,1.0,6
Masters 1000,Hard,Semifinals,1,3,2,8300,8845,1.8,2.0,0,0,-5.179208186987914,26.824197444162635,0.8,0.85,0.3333333333333333,6
Masters 1000,Hard,The Final,1,3,16,8300,2055,1.22,4.33,0,0,-5.176470336200779,26.79584514156661,0.8,0.85,1.0,6
Masters Cup,Hard,Round Robin,1,3,7,7910,3630,1.4,3.0,0,0,-5.154567529903723,26.569566420337765,1.0,0.9,0.6666666666666666,5
Masters Cup,Hard,Round Robin,0,3,9,7910,3010,1.4,3.0,0,0,-5.14909182832946,26.513146656569223,1.0,0.9,1.0,6
Masters Cup,Hard,Round Robin,1,3,2,7910,9205,1.4,2.87,0,0,-5.1436161267551945,26.45678685941611,0.8,0.85,0.375,7
Grand Slam,Hard,1st Round,1,3,74,8310,613,1.01,15.0,1,1,-4.998510035037196,24.98510257036755,0.8,0.85,0.0,0
Grand Slam,Hard,2nd Round,1,3,58,8310,775,1.02,12.0,1,1,-4.99303433346293,24.930391855139604,0.8,0.85,0.7597402597402597,1
Grand Slam,Hard,3rd Round,1,3,103,8310,515,1.01,15.0,1,1,-4.987558631888668,24.87574110652716,0.8,0.85,0.7605177993527508,2
Grand Slam,Hard,4th Round,1,3,86,8310,573,1.01,13.0,1,1,-4.982082930314402,24.821150324530134,0.8,0.9,1.0,3
Grand Slam,Hard,Quarterfinals,0,3,10,8310,2875,1.4,3.0,1,1,-4.976607228740139,24.766619509148608,1.0,0.9,0.3333333333333333,4
ATP500,Hard,2nd Round,1,2,54,8310,781,1.05,9.0,0,0,-4.935539466933157,24.359549829654835,0.8,0.85,1.0,5
ATP500,Hard,Semifinals,0,2,20,8310,1770,1.14,5.0,0,0,-4.930063765358892,24.30552873050469,0.8,0.85,0.5,6
ATP500,Hard,1st Round,1,2,47,8310,894,1.03,11.0,1,0,-4.905423108274704,24.06317587119545,0.6,0.8,1.0,5
ATP500,Hard,2nd Round,1,2,35,8310,1110,1.08,7.0,1,0,-4.899947406700438,24.009484588430347,0.6,0.8,0.6666666666666666,5
ATP500,Hard,Quarterfinals,1,2,26,8310,1450,1.14,5.0,1,0,-4.897209555913307,23.982661434528605,0.6,0.8,0.8,5
ATP500,Hard,Semifinals,1,2,37,8310,1100,1.25,3.75,1,0,-4.894471705126176,23.95585327228073,0.8,0.8,1.0,6
ATP500,Hard,The Final,1,2,15,8310,1975,1.36,3.25,1,0,-4.8889960035519096,23.902281922746543,0.8,0.8,0.4,6
Masters 1000,Hard,2nd Round,1,2,106,8310,490,1.12,5.5,1,0,-4.850666092532062,23.528961541240268,1.0,0.85,1.0,6
Masters 1000,Hard,3rd Round,1,2,31,8310,1275,1.2,4.33,1,0,-4.847928241744928,23.502408237108067,1.0,0.85,0.5,7
Masters 1000,Hard,4th Round,0,2,26,8310,1520,1.28,3.5,1,0,-4.842452540170665,23.449346603805328,1.0,0.85,0.8333333333333334,7
Masters 1000,Hard,2nd Round,0,2,59,8220,754,1.05,9.0,1,0,-4.817811883086474,23.211311340809235,0.8,0.8,0.5,7
Masters 1000,Clay,2nd Round,1,2,67,7630,710,1.16,4.5,1,0,-4.765792718130967,22.71278023219016,0.6,0.8,0.6666666666666666,3
Masters 1000,Clay,3rd Round,1,2,20,7630,1780,1.36,3.0,1,0,-4.763054867343833,22.68669166932777,0.6,0.8,0.8333333333333334,3
Masters 1000,Clay,Quarterfinals,1,2,151,7630,335,1.4,2.75,1,0,-4.7603170165567015,22.660618098119294,0.6,0.8,0.6666666666666666,4
Masters 1000,Clay,Semifinals,0,2,12,7630,2725,1.4,3.0,1,0,-4.75757916576957,22.63455951856468,0.6,0.8,0.7142857142857143,4
Masters 1000,Clay,2nd Round,1,2,46,7390,920,1.08,7.0,1,0,-4.730200657898248,22.374798263981017,0.6,0.75,1.0,4
Masters 1000,Clay,3rd Round,1,2,28,7390,1402,1.14,5.0,1,0,-4.7247249563239855,22.323025912910687,0.8,0.8,0.7591463414634146,5
Masters 1000,Clay,Quarterfinals,0,2,9,7390,3555,1.44,2.62,1,0,-4.721987105536851,22.297162224856287,0.8,0.8,0.625,6
ATP250,Clay,2nd Round,1,2,80,6970,630,1.03,11.0,1,0,-4.70556000081406,22.142294921261215,0.6,0.75,1.0,7
Grand Slam,Clay,1st Round,1,3,73,6405,655,1.02,12.0,1,1,-4.656278686645681,21.680931207710827,0.6,0.75,1.0,4
Grand Slam,Clay,2nd Round,1,3,246,6405,190,1.04,10.0,1,1,-4.645327283497153,21.57906557080304,0.8,0.75,0.7590361445783133,4
Grand Slam,Clay,3rd Round,1,3,37,6405,1160,1.1,6.5,1,1,-4.642589432710022,21.55363664071076,0.8,0.8,1.0,5
Grand Slam,Clay,4th Round,1,3,98,6405,538,1.05,9.0,1,1,-4.637113731135756,21.50282375548777,0.8,0.8,1.0,4
Grand Slam,Clay,Quarterfinals,0,3,27,6405,1495,1.2,4.5,1,1,-4.631638029561493,21.452070836880274,1.0,0.8,1.0,5
ATP250,Grass,2nd Round,1,3,96,6675,560,1.03,11.0,1,0,-4.612473074051568,21.27490785885072,0.8,0.8,0.7589285714285714,5
ATP250,Grass,3rd Round,0,3,74,6675,649,1.16,4.5,1,0,-4.609735223264437,21.249658828604822,0.8,0.8,0.7596439169139466,6
Grand Slam,Grass,1st Round,1,3,68,6545,730,1.11,6.0,1,1,-4.579618864605983,20.972908945055,0.6,0.75,0.3333333333333333,7
Grand Slam,Grass,2nd Round,1,3,97,6545,551,1.14,5.0,1,1,-4.574143163031717,20.922785675909804,0.6,0.75,0.7581120943952803,8
Grand Slam,Grass,3rd Round,1,3,31,6545,1405,1.03,11.0,1,1,-4.568667461457455,20.872722373380107,0.6,0.75,1.0,8
Grand Slam,Grass,4th Round,1,3,26,6545,1565,1.8,1.9,1,1,-4.560453909096058,20.79773985698952,0.8,0.75,0.75,8
Grand Slam,Grass,Quarterfinals,1,3,82,6545,626,1.12,6.0,1,1,-4.554978207521796,20.74782647099847,0.8,0.75,0.7602339181286549,8
Grand Slam,Grass,Semifinals,0,3,13,6545,2825,1.8,2.0,1,1,-4.54950250594753,20.697973051622853,1.0,0.75,1.0,8
Masters 1000,Hard,2nd Round,1,2,33,6905,1229,1.08,7.0,1,0,-4.439988474462247,19.71349765335759,0.8,0.75,0.75,0
Masters 1000,Hard,3rd Round,1,2,54,6905,870,1.16,4.5,1,0,-4.437250623675112,19.68919309730517,0.8,0.75,1.0,1
Masters 1000,Hard,Quarterfinals,1,2,72,6905,695,1.2,4.33,1,0,-4.43177492210085,19.640628960161997,0.8,0.75,1.0,2
Masters 1000,Hard,Semifinals,0,2,3,6905,6795,2.25,1.61,1,0,-4.429037071313719,19.6163693790712,0.8,0.8,0.3636363636363636,3
Masters 1000,Hard,2nd Round,1,3,47,7085,945,1.14,5.0,1,0,-4.4208235189523215,19.543680585721987,0.6,0.75,0.75,4
Masters 1000,Hard,3rd Round,1,3,37,7085,1145,1.57,2.25,1,0,-4.41808566816519,19.519480971246654,0.8,0.75,0.75,5
Masters 1000,Hard,Quarterfinals,0,3,13,7085,2875,1.5,2.5,1,0,-4.415347817378056,19.49529634842516,0.8,0.75,0.4,6
Grand Slam,Hard,1st Round,1,3,47,6665,980,1.08,7.0,1,1,-4.385231458719602,19.230254946544047,0.6,0.7,0.8,7
Grand Slam,Hard,2nd Round,1,3,52,6665,910,1.1,6.5,1,1,-4.377017906358208,19.158285752580397,0.6,0.7,0.7585227272727273,8
Grand Slam,Hard,3rd Round,1,3,108,6665,495,1.1,6.5,1,1,-4.374280055571074,19.13432600456688,0.8,0.75,0.7592067988668555,9
Grand Slam,Hard,4th Round,1,3,21,6665,1751,1.28,3.5,1,1,-4.368804353996811,19.08645148350149,0.8,0.75,1.0,10
Grand Slam,Hard,Quarterfinals,1,3,19,6665,2070,1.22,4.33,1,1,-4.363328652422545,19.038636929051545,0.8,0.8,1.0,11
Grand Slam,Hard,Semifinals,1,3,2,6665,7215,3.5,1.3,1,1,-4.355115100061152,18.96702753478065,1.0,0.8,0.3333333333333333,11
Grand Slam,Hard,The Final,0,3,1,6665,10745,3.25,1.36,1,1,-4.352377249274017,18.94318771999806,1.0,0.8,0.4117647058823529,11
ATP500,Hard,1st Round,1,2,356,7145,111,1.005,21.0,1,0,-4.289406681169979,18.399009676465653,0.8,0.75,0.7597765363128491,4
ATP500,Hard,Quarterfinals,1,2,43,7145,1055,1.2,4.33,1,0,-4.281193128808585,18.32861460615784,0.8,0.75,0.8,4
ATP500,Hard,Semifinals,1,2,22,7145,1715,1.22,4.0,1,0,-4.27845527802145,18.305179566029608,0.8,0.75,0.7611111111111111,4
ATP500,Hard,The Final,1,2,11,7145,3135,1.25,4.0,1,0,-4.275717427234319,18.281759517555265,0.8,0.75,0.5714285714285714,5
Masters 1000,Hard,2nd Round,1,2,17,7145,2190,1.12,5.5,1,0,-4.267503874872922,18.211589322055406,0.8,0.75,0.7142857142857143,4
Masters 1000,Hard,3rd Round,1,2,31,7145,1305,1.14,5.0,1,0,-4.264766024085791,18.188229240196524,1.0,0.8,0.6666666666666666,5
Masters 1000,Hard,Quarterfinals,1,2,35,7145,1175,1.06,8.0,1,0,-4.26202817329866,18.16488414999151,1.0,0.85,1.0,6
Masters 1000,Hard,Semifinals,0,2,3,7145,6735,2.2,1.66,1,0,-4.259290322511529,18.14155405144036,1.0,0.85,0.3846153846153846,7
ATP500,Hard,1st Round,1,3,26,7145,1415,1.11,6.0,0,0,-4.212746859130281,17.747236099112047,0.8,0.8,0.6666666666666666,8
ATP500,Hard,2nd Round,1,3,41,7145,1070,1.16,4.5,0,0,-4.207271157556018,17.70113059320276,0.8,0.8,0.6666666666666666,9
ATP500,Hard,Quarterfinals,1,3,66,7145,743,1.07,7.5,0,0,-4.204533306768884,17.678100327728885,0.8,0.85,1.0,9
ATP500,Hard,Semifinals,1,3,32,7145,1225,1.2,4.33,0,0,-4.2017954559817525,17.655085053908902,0.8,0.85,0.8333333333333334,10
ATP500,Hard,The Final,0,3,2,7145,7495,2.75,1.44,0,0,-4.199057605194621,17.63208477174279,0.8,0.85,0.3571428571428571,11
Masters 1000,Hard,2nd Round,1,3,24,6945,1480,1.12,5.5,0,0,-4.190844052833224,17.563173875167603,0.8,0.85,1.0,9
Masters 1000,Hard,3rd Round,0,3,34,6945,1215,1.14,5.0,0,0,-4.188106202046093,17.54023355961695,0.8,0.85,1.0,10
Masters Cup,Hard,Round Robin,1,3,6,5635,3755,1.2,4.5,0,0,-4.157989843387639,17.288879537714767,0.6,0.8,0.6666666666666666,7
Masters Cup,Hard,Round Robin,0,3,1,5635,11450,1.9,1.9,0,0,-4.1525141418133735,17.24337369796006,0.6,0.8,0.3888888888888889,8
Masters Cup,Hard,Round Robin,1,3,8,5635,3665,1.38,3.0,0,0,-4.147038440239111,17.19792782482084,0.4,0.75,0.3333333333333333,9
Masters Cup,Hard,Semifinals,0,3,2,5635,7645,3.0,1.38,0,0,-4.14430058945198,17.175227375732028,0.6,0.75,0.3333333333333333,10
Grand Slam,Hard,1st Round,1,3,42,6240,993,1.01,15.0,1,1,-4.00467019930824,16.037383405227498,0.4,0.7,0.7586206896551724,0
Grand Slam,Hard,2nd Round,1,3,81,6240,606,1.01,15.0,1,1,-3.9991944977339777,15.993556630705722,0.6,0.75,1.0,1
Grand Slam,Hard,4th Round,1,3,14,6240,2160,1.06,8.0,1,1,-3.9882430945854495,15.906082981508522,0.6,0.75,0.7598944591029023,2
Grand Slam,Hard,Quarterfinals,1,3,6,6240,3955,1.28,3.75,1,1,-3.982767393011184,15.8624361068331,0.8,0.75,0.75,3
Grand Slam,Hard,Semifinals,1,3,2,6240,9245,2.87,1.4,1,1,-3.977291691436921,15.818849198773163,0.8,0.75,0.3125,4
Grand Slam,Hard,The Final,1,3,5,6240,5760,1.61,2.4,1,1,-3.969078139075524,15.753581274087225,1.0,0.75,0.5714285714285714,5
ATP500,Hard,1st Round,1,3,27,7880,1370,1.07,7.5,1,0,-3.9061075709714856,15.25767635600076,1.0,0.75,0.5,4
ATP500,Hard,2nd Round,1,3,41,7880,1060,1.04,10.0,1,0,-3.9033697201843545,15.236295172452088,1.0,0.75,1.0,4
ATP500,Hard,Quarterfinals,1,3,38,7880,1098,1.04,10.0,1,0,-3.9006318693972233,15.214928980557277,1.0,0.75,0.7636363636363637,5
ATP500,Hard,The Final,1,3,2,7880,7965,2.5,1.53,1,0,-3.895156167822957,15.172241571729227,1.0,0.8,0.3529411764705882,5
Masters 1000,Hard,2nd Round,1,3,39,7800,1090,1.03,11.0,1,0,-3.851350555228844,14.832901099261528,1.0,0.8,0.7648578811369509,4
Masters 1000,Hard,3rd Round,1,3,34,7800,1210,1.06,8.0,1,0,-3.848612704441713,14.811819748790157,1.0,0.8,0.75,5
Masters 1000,Hard,4th Round,1,3,18,7800,1710,1.08,7.0,1,0,-3.8458748536545775,14.790753389972624,1.0,0.8,0.8571428571428571,6
Masters 1000,Hard,Quarterfinals,1,3,21,7800,1495,1.07,7.5,1,0,-3.840399152080316,14.74866564729921,1.0,0.8,0.75,7
Masters 1000,Hard,Semifinals,1,3,2,7800,7965,1.61,2.25,1,0,-3.837661301293185,14.7276442634433,1.0,0.85,0.3888888888888889,8
Masters 1000,Hard,The Final,1,3,1,7800,12390,1.72,2.1,1,0,-3.83492345050605,14.70663787124123,1.0,0.85,0.3684210526315789,9
Masters 1000,Hard,2nd Round,1,2,54,8710,896,1.03,11.0,1,0,-3.821234196570391,14.60183078503896,1.0,0.9,1.0,9
Masters 1000,Hard,3rd Round,1,2,173,8710,335,1.01,15.0,1,0,-3.8130206442089936,14.539126433163968,1.0,0.9,1.0,8
Masters 1000,Hard,4th Round,1,2,17,8710,1710,1.04,10.0,1,0,-3.807544942634731,14.497398490183318,1.0,0.95,0.875,8
Masters 1000,Hard,Quarterfinals,1,2,40,8710,1058,1.02,12.0,1,0,-3.804807091847597,14.476557006173763,1.0,0.95,0.0,9
Masters 1000,Hard,Semifinals,1,2,15,8710,2106,1.07,8.0,1,0,-3.802069241060465,14.455730513818102,1.0,1.0,1.0,10
Masters 1000,Hard,The Final,1,2,1,8710,12630,2.0,1.8,1,0,-3.796593539486203,14.414122504068374,1.0,1.0,0.4,11
ATP250,Clay,2nd Round,1,2,182,9640,327,1.01,15.0,1,0,-3.7308851205950297,13.91950378307739,1.0,0.75,0.7719298245614035,5
ATP250,Clay,Quarterfinals,1,2,85,9640,599,1.005,21.0,1,0,-3.725409419020768,13.878675339328652,1.0,0.75,0.7725,5
ATP250,Clay,The Final,1,2,37,9640,1095,1.04,11.0,1,0,-3.7199337174465015,13.837906862195348,1.0,0.75,1.0,4
Masters 1000,Clay,2nd Round,1,2,35,9710,1150,1.02,12.0,1,0,-3.711720165085108,13.77686658389942,1.0,0.75,0.5,3
Masters 1000,Clay,3rd Round,1,2,29,9710,1285,1.05,9.0,1,0,-3.708982314297973,13.75654980777515,1.0,0.75,1.0,4
Masters 1000,Clay,Quarterfinals,1,2,6,9710,4330,1.3,3.5,1,0,-3.706244463510842,13.73624802330477,1.0,0.8,0.625,5
Masters 1000,Clay,Semifinals,1,2,36,9710,1115,1.08,7.5,1,0,-3.703506612723711,13.715961230488254,1.0,0.8,1.0,6
Masters 1000,Clay,The Final,1,2,1,9710,11915,3.6,1.28,1,0,-3.70076876193658,13.695689429325604,1.0,0.85,0.4285714285714285,7
Masters 1000,Clay,2nd Round,1,2,141,10665,418,1.01,21.0,1,0,-3.692555209575183,13.63496397576082,1.0,0.85,1.0,8
Masters 1000,Clay,3rd Round,1,2,14,10665,1920,1.05,9.0,1,0,-3.6898173587880514,13.614752141213632,1.0,0.85,0.8571428571428571,9
Masters 1000,Clay,Quarterfinals,1,2,5,10665,5265,1.16,5.0,1,0,-3.6870795080009167,13.594555298320282,1.0,0.85,0.8333333333333334,10
Masters 1000,Clay,Semifinals,1,2,4,10665,5905,1.16,5.0,1,0,-3.6843416572137855,13.574373447080823,1.0,0.9,0.625,11
Masters 1000,Clay,The Final,1,2,1,10665,12470,2.75,1.44,1,0,-3.6816038064266543,13.55420658749523,1.0,0.9,0.4545454545454545,12
Grand Slam,Clay,1st Round,1,2,71,11665,710,1.01,21.0,1,1,-3.6597010001295978,13.39341141034958,1.0,0.9,0.779126213592233,13
Grand Slam,Clay,3rd Round,1,2,26,11665,1355,1.12,5.5,1,1,-3.646011746193935,13.293401653384146,1.0,0.95,1.0,13
Grand Slam,Clay,4th Round,1,2,16,11665,1755,1.04,10.0,1,1,-3.643273895406804,13.273444676952664,1.0,0.95,0.8,14
Grand Slam,Clay,Semifinals,0,2,3,11665,8390,1.33,3.4,1,1,-3.629584641471144,13.173884669603211,1.0,0.95,0.4210526315789473,13
Grand Slam,Grass,1st Round,1,2,54,12005,930,1.01,15.0,1,1,-3.580303327302765,12.818571915495252,0.8,0.75,1.0,4
Grand Slam,Grass,2nd Round,1,2,36,12005,1185,1.01,15.0,1,1,-3.5748276257285028,12.779392553671684,0.8,0.75,0.6666666666666666,4
Grand Slam,Grass,3rd Round,1,2,30,12005,1295,1.02,12.0,1,1,-3.569351924154237,12.740273158463554,0.8,0.8,1.0,5
Grand Slam,Grass,4th Round,1,2,35,12005,1195,1.06,9.0,1,1,-3.5638762225799745,12.701213729870908,0.8,0.8,0.6666666666666666,6
Grand Slam,Grass,Quarterfinals,1,2,158,12005,357,1.07,8.0,1,1,-3.5584005210057086,12.6622142678937,0.8,0.8,0.780952380952381,5
Grand Slam,Grass,Semifinals,1,2,19,12005,1585,1.44,2.75,1,1,-3.5529248194314462,12.623274772531976,1.0,0.8,0.2857142857142857,6
Grand Slam,Grass,The Final,1,2,1,12005,12070,2.3,1.66,1,1,-3.5501869686443115,12.603827512331886,1.0,0.8,0.4782608695652174,7
Masters 1000,Hard,2nd Round,1,1,30,12860,1295,1.05,11.0,1,0,-3.44341078794616,11.857077854543997,1.0,1.0,0.75,0
Masters 1000,Hard,3rd Round,1,1,29,12860,1295,1.1,7.0,1,0,-3.4406729371590288,11.838230260498538,1.0,1.0,1.0,1
Masters 1000,Hard,Quarterfinals,1,1,7,12860,2905,1.07,9.0,1,0,-3.435197235584763,11.800580047369197,1.0,1.0,1.0,2
Masters 1000,Hard,The Final,1,1,8,12860,2505,1.07,9.0,1,0,-3.432459384797632,11.781777428285336,1.0,1.0,1.0,3
Masters 1000,Hard,3rd Round,1,1,29,13500,1338,1.05,11.0,1,0,-3.4215079816491034,11.706716868488522,1.0,1.0,0.75,4
Masters 1000,Hard,2nd Round,1,1,78,13500,667,1.03,15.0,1,0,-3.4215079816491034,11.706716868488522,1.0,1.0,0.7845433255269321,4
Masters 1000,Hard,Quarterfinals,1,1,8,13500,2995,1.06,10.0,1,0,-3.416032280074841,11.669276538513316,1.0,1.0,1.0,6
Grand Slam,Hard,2nd Round,1,1,74,13920,672,1.002,34.0,1,1,-3.380440219842121,11.427376079926251,1.0,1.0,0.786046511627907,7
Grand Slam,Hard,3rd Round,1,1,39,13920,1115,1.02,17.0,1,1,-3.374964518267859,11.390385499567005,1.0,1.0,0.8,8
Grand Slam,Hard,4th Round,1,1,23,13920,1530,1.02,19.0,1,1,-3.372226667480728,11.371912696868176,1.0,1.0,0.7870370370370371,9
Grand Slam,Hard,Semifinals,1,1,3,13920,8380,1.53,2.5,1,1,-3.358537413545065,11.279773558181974,1.0,1.0,0.4,9
Grand Slam,Hard,The Final,1,1,2,13920,11420,1.57,2.37,1,1,-3.3530617119708026,11.24302284428457,1.0,1.0,0.5,9
ATP500,Hard,1st Round,1,1,47,13860,910,1.04,13.0,0,0,-3.216169172614197,10.343744146873892,1.0,1.0,0.0,0
ATP500,Hard,2nd Round,1,1,64,13860,747,1.02,17.0,0,0,-3.2106934710399315,10.308552564978443,1.0,1.0,1.0,1
ATP500,Hard,Quarterfinals,1,1,59,13860,805,1.05,11.0,0,0,-3.2079556202528003,10.290979261511527,1.0,1.0,1.0,2
ATP500,Hard,Semifinals,0,1,32,13860,1225,1.05,11.0,0,0,-3.205217769465669,10.27342094969848,1.0,1.0,1.0,3
Masters 1000,Hard,2nd Round,1,1,39,13785,1035,1.25,3.75,0,0,-3.194266366317141,10.20333761898491,0.8,0.95,1.0,4
Masters 1000,Hard,3rd Round,1,1,19,13785,1730,1.22,4.0,0,0,-3.191528515530006,10.185854265441163,0.8,0.95,0.8888888888888888,5
Masters Cup,Hard,Round Robin,1,1,7,13475,3300,1.3,3.4,0,0,-3.161412156871556,9.994526825615264,0.8,0.95,0.8,6
Masters Cup,Hard,Round Robin,0,1,5,13475,4480,1.28,3.6,0,0,-3.15593645529729,9.959934909874423,0.8,0.95,0.6666666666666666,7
Masters Cup,Hard,Round Robin,0,1,9,13475,2395,1.3,3.5,0,0,-3.1504607537230243,9.925402960749048,0.6,0.9,1.0,8
Grand Slam,Hard,2nd Round,1,1,56,13630,845,1.002,34.0,1,1,-2.99987896043076,8.999273777235135,0.6,0.85,1.0,1
Grand Slam,Hard,3rd Round,1,1,81,13630,653,1.002,34.0,1,1,-2.9944032588564973,8.966450876650411,0.6,0.85,1.0,2
Grand Slam,Hard,4th Round,1,1,181,13630,265,1.01,21.0,1,1,-2.988927557282232,8.933687942681127,0.6,0.85,0.8,3
Grand Slam,Hard,Quarterfinals,1,1,5,13630,4925,1.1,8.0,1,1,-2.983451855707969,8.900984975327324,0.8,0.85,0.6,4
Grand Slam,Hard,Semifinals,1,1,4,13630,7380,1.36,3.3,1,1,-2.977976154133703,8.868341974588962,1.0,0.85,0.6666666666666666,5
Grand Slam,Hard,The Final,1,1,2,13630,9595,1.66,2.3,1,1,-2.9725004525594407,8.83575894046608,1.0,0.85,0.52,6
ATP500,Hard,1st Round,1,1,72,13130,678,1.01,26.0,1,0,-2.893102779732608,8.370043694096545,1.0,0.85,0.7893569844789357,1
ATP500,Hard,2nd Round,1,1,74,13130,665,1.01,26.0,1,0,-2.8876270781583457,8.338390142513305,1.0,0.85,1.0,1
ATP500,Hard,Quarterfinals,1,1,9,13130,2710,1.1,7.0,1,0,-2.884889227371211,8.322585854202464,1.0,0.85,0.6666666666666666,2
ATP500,Hard,Semifinals,0,1,4,13130,7150,1.33,3.4,1,0,-2.88215137658408,8.306796557545507,1.0,0.85,0.7,3
Masters 1000,Hard,2nd Round,1,1,145,13310,372,1.01,23.0,1,0,-2.8602485702870237,8.181021883828961,0.8,0.8,1.0,4
Masters 1000,Hard,3rd Round,1,1,30,13310,1270,1.04,13.0,1,0,-2.8547728687127574,8.149728131938467,0.8,0.8,0.75,5
Masters 1000,Hard,4th Round,1,1,45,13310,1000,1.01,26.0,1,0,-2.849297167138495,8.118494346663454,0.8,0.8,1.0,6
Masters 1000,Hard,Quarterfinals,1,1,12,13310,2070,1.08,8.0,1,0,-2.846559316351364,8.102899941506744,0.8,0.8,1.0,7
Masters 1000,Hard,Semifinals,0,1,11,13310,2120,1.1,7.0,1,0,-2.841083614777098,8.0717561061549,0.8,0.85,1.0,8
Masters 1000,Hard,2nd Round,1,1,42,12670,1010,1.07,9.0,1,0,-2.8191808084800414,7.94778043090218,0.8,0.8,1.0,9
Masters 1000,Hard,3rd Round,1,1,27,12670,1340,1.03,15.0,1,0,-2.81644295769291,7.932350933937988,0.8,0.8,0.9,10
Masters 1000,Hard,4th Round,1,1,17,12670,1595,1.05,11.0,1,0,-2.813705106905779,7.916936428627661,0.8,0.8,0.8333333333333334,11
Masters 1000,Hard,Quarterfinals,1,1,5,12670,4700,1.22,4.33,1,0,-2.805491554544382,7.870782862619853,0.8,0.85,0.6363636363636364,11
Masters 1000,Hard,Semifinals,1,1,21,12670,1495,1.05,11.0,1,0,-2.8027537037572507,7.855428323924987,0.8,0.9,1.0,11
Masters 1000,Hard,The Final,1,1,4,12670,7450,1.41,2.9,1,0,-2.800015852970116,7.840088776883967,1.0,0.9,0.6363636363636364,11
Masters 1000,Clay,2nd Round,1,1,44,12670,980,1.01,21.0,1,0,-2.753472389588872,7.581610200228251,1.0,0.9,1.0,6
Masters 1000,Clay,3rd Round,1,1,21,12670,1495,1.08,8.0,1,0,-2.750734538801741,7.566540502956824,1.0,0.9,1.0,7
Masters 1000,Clay,Quarterfinals,1,1,55,12670,821,1.04,13.0,1,0,-2.747996688014606,7.551485797339243,1.0,0.9,1.0,8
Masters 1000,Clay,Semifinals,1,1,7,12670,3810,1.28,3.75,1,0,-2.7452588372274747,7.536446083375546,1.0,0.95,0.8333333333333334,9
Masters 1000,Clay,The Final,0,1,2,12670,9215,2.1,1.72,1,0,-2.7425209864403435,7.521421361065714,1.0,0.95,0.5384615384615384,10
Masters 1000,Clay,2nd Round,1,1,137,12020,399,1.01,26.0,1,0,-2.6987153738462304,7.283064669033999,0.8,0.9,0.5,5
Masters 1000,Clay,3rd Round,1,1,21,12020,1505,1.16,5.0,1,0,-2.6932396722719645,7.253539932299598,0.8,0.9,0.875,6
Masters 1000,Clay,Quarterfinals,0,1,8,12020,2820,1.1,7.0,1,0,-2.6905018214848333,7.238800051413206,0.8,0.9,0.75,7
Masters 1000,Clay,2nd Round,1,1,32,11200,1215,1.03,15.0,1,0,-2.679550418336305,7.179990444406267,0.6,0.85,1.0,8
Masters 1000,Clay,3rd Round,1,1,15,11200,1925,1.08,8.0,1,0,-2.674074716762039,7.15067559082598,0.6,0.85,1.0,9
Masters 1000,Clay,Quarterfinals,1,1,5,11200,4930,1.16,5.0,1,0,-2.671336865974908,7.136040651516644,0.8,0.85,0.375,10
Masters 1000,Clay,Semifinals,1,1,2,11200,9430,1.85,1.95,1,0,-2.6685990151877768,7.121420703861172,0.8,0.85,0.4285714285714285,10
Masters 1000,Clay,The Final,0,1,3,11200,9105,2.25,1.61,1,0,-2.663123313613511,7.092225783511806,0.8,0.85,0.5185185185185185,9
Grand Slam,Clay,1st Round,1,1,97,11800,558,1.002,34.0,1,1,-2.643958358103585,6.990515799385808,0.8,0.8,1.0,8
Grand Slam,Clay,4th Round,1,1,25,11800,1355,1.02,19.0,1,1,-2.627531253380795,6.903920487492851,0.8,0.8,1.0,11
Grand Slam,Clay,Quarterfinals,1,1,5,11800,4965,1.16,5.0,1,1,-2.622055551806529,6.875175316759441,0.8,0.8,0.4444444444444444,12
Grand Slam,Clay,Semifinals,1,1,3,11800,9790,1.53,2.5,1,1,-2.6138419994451354,6.832169998063344,1.0,0.8,0.4545454545454545,12
Grand Slam,Clay,The Final,0,1,2,11800,10060,4.33,1.25,1,1,-2.608366297870869,6.803574743868586,1.0,0.8,0.5,12
Grand Slam,Grass,1st Round,1,1,38,12280,1035,1.01,23.0,1,1,-2.567298536063888,6.59102177327578,0.8,0.85,0.5,7
Grand Slam,Grass,2nd Round,1,1,48,12280,871,1.01,21.0,1,1,-2.561822834489625,6.562936235312458,0.8,0.85,1.0,8
Grand Slam,Grass,3rd Round,1,1,27,12280,1340,1.01,23.0,1,1,-2.5563471329153598,6.5349106639645775,0.8,0.85,0.8,8
Grand Slam,Grass,4th Round,1,1,34,12280,1190,1.02,19.0,1,1,-2.548133580553962,6.492984744346756,0.8,0.85,0.9090909090909092,7
Grand Slam,Grass,Quarterfinals,1,1,29,12280,1230,1.02,17.0,1,1,-2.5426578789797,6.465109089537546,0.8,0.85,1.0,7
Grand Slam,Grass,Semifinals,0,1,3,12280,9435,1.44,2.87,1,1,-2.537182177405434,6.437293401343779,1.0,0.9,0.4782608695652174,7
Masters 1000,Hard,2nd Round,1,2,49,11270,880,1.07,9.0,1,0,-2.4440952506429454,5.973601594215403,0.8,0.9,1.0,0
Masters 1000,Hard,3rd Round,1,2,35,11270,1189,1.1,7.0,1,0,-2.4413573998558107,5.960225953830725,0.8,0.9,1.0,1
Masters 1000,Hard,Quarterfinals,1,2,25,11270,1418,1.1,7.0,1,0,-2.4386195490686795,5.94686530509993,0.8,0.9,0.5,2
Masters 1000,Hard,Semifinals,1,2,9,11270,3320,1.16,5.0,1,0,-2.4358816982815483,5.933519648023,0.8,0.9,0.6,3
Masters 1000,Hard,The Final,1,2,21,11270,1600,1.11,6.5,1,0,-2.433143847494417,5.920188982599935,0.8,0.9,0.8571428571428571,4
Masters 1000,Hard,2nd Round,1,2,27,11270,1355,1.04,13.0,1,0,-2.4276681459201512,5.893572626715384,1.0,0.9,1.0,5
Masters 1000,Hard,Quarterfinals,1,2,15,11270,2015,1.08,8.0,1,0,-2.4221924443458853,5.867016237446295,1.0,0.9,1.0,6
Masters 1000,Hard,Semifinals,1,2,9,11270,3305,1.25,4.0,1,0,-2.419454593558754,5.853760530292556,1.0,0.9,1.0,7
Masters 1000,Hard,The Final,0,2,1,11270,11345,1.53,2.5,1,0,-2.416716742771623,5.840519814792683,1.0,0.9,0.4583333333333333,8
Grand Slam,Hard,1st Round,1,2,69,11270,674,1.002,34.0,1,1,-2.3893382349003005,5.708937200756484,0.8,0.9,1.0,9
Grand Slam,Hard,3rd Round,1,2,35,11270,1075,1.01,21.0,1,1,-2.378386831751772,5.656723921450233,0.8,0.9,0.8,11
Grand Slam,Hard,Quarterfinals,1,2,8,11270,3620,1.12,6.0,1,1,-2.364697577816113,5.591794634529391,0.8,0.9,1.0,12
Grand Slam,Hard,Semifinals,1,2,5,11270,5375,1.07,9.0,1,1,-2.3592218762418504,5.565927861338117,0.8,0.9,0.6666666666666666,12
Grand Slam,Hard,The Final,0,2,4,11270,7290,1.44,2.87,1,1,-2.356484025454716,5.5530169622232615,1.0,0.95,0.6666666666666666,12
ATP500,Hard,1st Round,1,2,123,10470,466,1.01,26.0,1,0,-2.296251308137812,5.272770070124612,0.8,0.9,1.0,4
ATP500,Hard,2nd Round,1,2,50,10470,880,1.01,26.0,1,0,-2.293513457350677,5.260203979048657,0.8,0.9,1.0,4
ATP500,Hard,Quarterfinals,1,2,37,10470,997,1.02,17.0,1,0,-2.288037755776415,5.235116771858373,0.8,0.9,0.6666666666666666,5
ATP500,Hard,Semifinals,1,2,29,10470,1295,1.02,17.0,1,0,-2.285299904989284,5.222595655744029,0.8,0.9,1.0,6
ATP500,Hard,The Final,1,2,7,10470,4520,1.18,4.5,1,0,-2.282562054202149,5.210089531283535,0.8,0.9,0.5,7
Masters 1000,Hard,2nd Round,1,2,56,10970,751,1.02,17.0,1,0,-2.274348501840752,5.172661107825273,1.0,0.9,0.796875,6
Masters 1000,Hard,3rd Round,1,2,29,10970,1355,1.02,17.0,1,0,-2.2716106510536207,5.160214949980254,1.0,0.9,1.0,6
Masters 1000,Hard,Quarterfinals,1,2,21,10970,1553,1.06,10.0,1,0,-2.268872800266489,5.147783783789102,1.0,0.9,0.6,7
Masters 1000,Hard,Semifinals,1,2,7,10970,4570,1.14,5.5,1,0,-2.2661349494793583,5.135367609251814,1.0,0.9,0.8571428571428571,8
Masters 1000,Hard,The Final,1,2,3,10970,8090,1.57,2.37,1,0,-2.263397098692224,5.122966426368375,1.0,0.9,0.6153846153846154,9
Masters 1000,Hard,2nd Round,0,2,23,11970,1560,1.08,8.0,0,0,-2.21685363531098,4.914440040391504,1.0,0.9,1.0,10
Masters Cup,Hard,Round Robin,1,1,8,11420,3490,1.25,4.0,0,0,-2.20316438137532,4.853933291360896,0.8,0.85,0.5454545454545454,8
Masters Cup,Hard,Round Robin,1,1,3,11420,7600,1.8,2.0,0,0,-2.197688679801054,4.829835533325699,0.8,0.85,0.6428571428571429,7
Masters Cup,Hard,Round Robin,1,1,6,11420,4405,1.18,4.5,0,0,-2.192212978226792,4.805797741905979,0.8,0.85,0.875,8
Masters Cup,Hard,Semifinals,1,1,7,11420,4080,1.16,5.0,0,0,-2.1867372766525257,4.781819917101704,0.8,0.9,1.0,7
Masters Cup,Hard,The Final,1,1,2,11420,9465,1.61,2.3,0,0,-2.1839994258653945,4.769853492180373,0.8,0.9,0.44,7
Grand Slam,Hard,1st Round,1,1,60,12920,763,1.002,29.0,1,1,-2.0115148262760734,4.0461918963284615,1.0,0.9,0.8,0
Grand Slam,Hard,2nd Round,1,1,62,12920,754,1.002,34.0,1,1,-2.0060391247018075,4.0241929698343935,1.0,0.9,1.0,1
Grand Slam,Hard,4th Round,1,1,17,12920,1900,1.02,19.0,1,1,-1.9950877215532792,3.980375016692655,1.0,0.9,0.8888888888888888,3
Grand Slam,Hard,Quarterfinals,1,1,6,12920,4680,1.16,5.0,1,1,-1.9896120199790133,3.9585559900449696,1.0,0.95,0.8888888888888888,4
Grand Slam,Hard,Semifinals,1,1,5,12920,6505,1.08,8.0,1,1,-1.984136318404751,3.936796930012759,1.0,0.95,0.6923076923076923,5
Grand Slam,Hard,The Final,1,1,3,12920,8000,1.53,2.62,1,1,-1.9759227660433536,3.9042707773684175,1.0,0.95,0.6666666666666666,6
ATP500,Hard,1st Round,1,1,44,12960,925,1.02,19.0,1,0,-1.89378724242939,3.586430119588313,1.0,0.95,0.9166666666666666,1
ATP500,Hard,2nd Round,1,1,55,12960,788,1.01,26.0,1,0,-1.8910493916422588,3.576067801630557,1.0,0.95,0.8022598870056498,1
ATP500,Hard,Quarterfinals,1,1,20,12960,1730,1.02,17.0,1,0,-1.888311540855128,3.5657204753266663,1.0,0.95,1.0,2
ATP500,Hard,Semifinals,1,1,7,12960,4410,1.1,7.0,1,0,-1.8855736900679965,3.5553881406766408,1.0,0.95,1.0,3
ATP500,Hard,The Final,1,1,6,12960,4545,1.11,6.5,1,0,-1.8828358392808615,3.545070797680467,1.0,0.95,0.9,4
Masters 1000,Hard,2nd Round,1,1,36,13280,1065,1.002,29.0,1,0,-1.858195182196674,3.4528893351389307,1.0,0.95,1.0,5
Masters 1000,Hard,3rd Round,1,1,31,13280,1137,1.02,17.0,1,0,-1.8554573314095428,3.4427219086814222,1.0,0.95,1.0,6
Masters 1000,Hard,4th Round,1,1,23,13280,1695,1.04,13.0,1,0,-1.849981629835277,3.4224320307279874,1.0,0.95,0.75,7
Masters 1000,Hard,Quarterfinals,1,1,8,13280,3660,1.08,8.0,1,0,-1.8472437790481455,3.412309579232075,1.0,1.0,0.5833333333333334,8
Masters 1000,Hard,Semifinals,0,1,7,13280,4410,1.11,6.5,1,0,-1.8445059282610143,3.402202119390027,1.0,1.0,1.0,9
Masters 1000,Hard,2nd Round,1,1,64,13280,749,1.01,26.0,1,0,-1.8253409727510888,3.3318696668038927,0.8,0.95,0.8037037037037037,10
Masters 1000,Hard,3rd Round,1,1,254,13280,182,1.002,34.0,1,0,-1.822603121963958,3.3218821401927663,0.8,0.95,0.8040665434380776,11
Masters 1000,Hard,4th Round,0,1,18,13280,1925,1.05,11.0,1,0,-1.814389569602561,3.292009510282566,0.8,0.95,0.6666666666666666,12
Masters 1000,Clay,2nd Round,1,1,27,12500,1220,1.06,10.0,1,0,-1.7568947030727848,3.0866789976852087,0.6,0.8,0.5,3
Masters 1000,Clay,3rd Round,1,1,20,12500,1740,1.1,7.0,1,0,-1.7541568522856537,3.077066262420713,0.6,0.8,1.0,4
Masters 1000,Clay,Quarterfinals,1,1,49,12500,860,1.11,6.5,1,0,-1.7514190014985225,3.067468518810081,0.8,0.8,0.75,5
Masters 1000,Clay,Semifinals,1,1,32,12500,1135,1.12,6.0,1,0,-1.7486811507113913,3.057885766853316,0.8,0.8,1.0,6
Masters 1000,Clay,The Final,1,1,5,12500,6385,2.87,1.4,1,0,-1.7459432999242566,3.0483180065504025,0.8,0.8,0.4827586206896552,7
Masters 1000,Clay,2nd Round,0,1,28,12900,1272,1.05,11.0,1,0,-1.7021376873301437,2.897272706629609,1.0,0.85,1.0,5
Masters 1000,Clay,2nd Round,1,1,89,12730,573,1.01,21.0,1,0,-1.682972731820218,2.832397216050408,0.8,0.8,1.0,6
Masters 1000,Clay,3rd Round,1,1,23,12730,1420,1.06,10.0,1,0,-1.6774970302459558,2.813996286484001,0.8,0.8,1.0,7
Masters 1000,Clay,Quarterfinals,0,1,6,12730,4520,1.12,6.0,1,0,-1.6747591794588246,2.8048183091815955,0.8,0.85,0.9090909090909092,8
Grand Slam,Clay,1st Round,1,1,58,12310,797,1.002,29.0,1,1,-1.644642820800371,2.704850008010201,0.6,0.8,0.802536231884058,4
Grand Slam,Clay,3rd Round,1,1,28,12310,1355,1.07,9.0,1,1,-1.633691417651843,2.6689476481092878,0.8,0.8,0.6666666666666666,6
Grand Slam,Clay,4th Round,1,1,19,12310,1750,1.03,15.0,1,1,-1.6282157160775768,2.651086418082016,0.8,0.8,0.6666666666666666,7
Grand Slam,Clay,Quarterfinals,1,1,14,12310,2340,1.08,8.0,1,1,-1.6227400145033144,2.633285154670217,0.8,0.85,0.5714285714285714,8
Grand Slam,Clay,Semifinals,0,1,4,12310,6895,2.3,1.61,1,1,-1.6172643129290485,2.6155438578738672,1.0,0.85,0.5,8
Grand Slam,Grass,1st Round,1,1,34,11830,1175,1.01,26.0,1,1,-1.567982998760673,2.458570684402513,0.8,0.85,1.0,6
Grand Slam,Grass,2nd Round,1,1,156,11830,346,1.002,29.0,1,1,-1.5625072971864071,2.4414290537607712,0.8,0.9,0.8032200357781754,7
Grand Slam,Grass,3rd Round,1,1,25,11830,1441,1.02,19.0,1,0,-1.5570315956121448,2.4243473897345016,0.8,0.9,1.0,7
Grand Slam,Grass,4th Round,1,1,13,11830,2425,1.1,7.0,1,1,-1.5515558940378789,2.4073256923236817,0.8,0.9,0.625,7
Grand Slam,Grass,Quarterfinals,1,1,6,11830,4515,1.1,7.0,1,1,-1.546080192463613,2.3903639615283225,0.8,0.9,0.8333333333333334,7
Grand Slam,Grass,Semifinals,1,1,8,11830,3960,1.16,5.0,1,1,-1.5406044908893506,2.3734621973484358,1.0,0.9,0.8888888888888888,7
Grand Slam,Grass,The Final,0,1,2,11830,8560,1.57,2.5,1,1,-1.535128789315085,2.356620399783998,1.0,0.9,0.6875,7
Masters 1000,Hard,2nd Round,1,1,50,12040,905,1.03,15.0,1,0,-1.4502554149139897,2.1032407684873484,0.8,0.9,1.0,0
Masters 1000,Hard,Quarterfinals,1,1,9,12040,3045,1.11,6.5,1,0,-1.444779713339727,2.0873884200780246,0.8,0.9,0.875,1
Masters 1000,Hard,3rd Round,1,1,66,12040,720,1.02,17.0,1,0,-1.444779713339727,2.0873884200780246,0.8,0.9,1.0,1
Masters 1000,Hard,Semifinals,0,1,4,12040,6860,1.4,3.0,1,0,-1.4393040117654614,2.0715960382841514,0.8,0.9,0.4838709677419355,3
Masters 1000,Hard,2nd Round,1,1,32,11400,1240,1.03,15.0,1,0,-1.431090459404068,2.048019902997346,0.6,0.85,1.0,4
Masters 1000,Hard,3rd Round,1,1,80,11400,631,1.02,19.0,1,0,-1.4283526086169331,2.0401911745427976,0.8,0.85,1.0,5
Masters 1000,Hard,Quarterfinals,0,1,22,11400,1585,1.1,7.0,1,0,-1.425614757829802,2.032377437742125,0.8,0.85,0.5,6
Grand Slam,Hard,1st Round,1,1,112,10980,499,1.002,34.0,1,1,-1.3927605483842171,1.9397819451355047,0.6,0.8,0.8024475524475524,7
Grand Slam,Hard,2nd Round,1,1,87,10980,603,1.002,34.0,1,1,-1.3872848468099512,1.92455924618851,0.6,0.8,1.0,8
Grand Slam,Hard,4th Round,1,1,43,10980,975,1.01,26.0,1,1,-1.376333443661423,1.8942937481409112,0.8,0.8,1.0,10
Grand Slam,Hard,Quarterfinals,1,1,24,10980,1475,1.02,17.0,1,1,-1.3681198913000294,1.8717520369708045,0.8,0.8,0.5714285714285714,11
Grand Slam,Hard,Semifinals,1,1,10,10980,2610,1.14,5.5,1,1,-1.3653820405128947,1.864268116555156,1.0,0.8,0.9,11
Grand Slam,Hard,The Final,0,1,2,10980,8860,2.2,1.66,1,1,-1.3599063389386323,1.8493452506854744,1.0,0.8,0.46875,10
ATP500,Hard,1st Round,1,1,46,11120,951,1.01,21.0,1,0,-1.299673621621725,1.689151522739331,0.8,0.75,1.0,5
ATP500,Hard,2nd Round,1,1,31,11120,1210,1.04,13.0,1,0,-1.2941979200474627,1.6749482562551787,0.8,0.75,0.5555555555555556,5
ATP500,Hard,Quarterfinals,1,1,30,11120,1265,1.05,11.0,1,0,-1.291460069260328,1.6678691104938912,0.8,0.75,0.8,5
ATP500,Hard,Semifinals,1,1,10,11120,3005,1.1,7.0,1,0,-1.2887222184731968,1.660804956386478,0.8,0.8,0.8888888888888888,6
ATP500,Hard,The Final,1,1,2,11120,10860,1.72,2.1,1,0,-1.2859843676860656,1.65375579393293,0.8,0.8,0.4545454545454545,7
Masters 1000,Hard,2nd Round,1,2,36,11120,1110,1.01,21.0,1,0,-1.2777708153246683,1.6326982564954682,1.0,0.8,1.0,6
Masters 1000,Hard,3rd Round,1,2,17,11120,1885,1.06,10.0,1,0,-1.2750329645375371,1.625709060657381,1.0,0.85,1.0,6
Masters 1000,Hard,Quarterfinals,1,2,42,11120,1050,1.1,7.0,1,0,-1.2722951137504062,1.618734856473159,1.0,0.85,1.0,7
Masters 1000,Hard,Semifinals,1,2,9,11120,3115,1.14,5.5,1,0,-1.2695572629632714,1.611775643942793,1.0,0.85,0.6153846153846154,8
Masters 1000,Hard,The Final,1,2,5,11120,4925,1.33,3.4,1,0,-1.2668194121761402,1.6048314230663014,1.0,0.85,0.9,9
Masters 1000,Hard,2nd Round,1,2,189,11120,262,1.01,23.0,0,0,-1.2230137995820272,1.495762753968067,1.0,0.9,0.8064516129032258,10
Masters 1000,Hard,3rd Round,1,2,16,11120,2070,1.14,5.5,0,0,-1.2175380980077612,1.4823990201003567,1.0,0.9,0.3333333333333333,11
Masters 1000,Hard,Quarterfinals,1,2,8,11120,3240,1.14,5.5,0,0,-1.21480024722063,1.475739640647304,1.0,0.9,0.9090909090909092,11
Masters 1000,Hard,Semifinals,1,2,6,11120,4245,1.28,3.75,0,0,-1.212062396433499,1.4690952528481165,1.0,0.95,0.4615384615384615,12
Masters 1000,Hard,The Final,1,2,3,11120,6600,1.12,6.0,0,0,-1.2093245456463677,1.4624658567027935,1.0,0.95,0.7142857142857143,12
Masters Cup,Hard,Round Robin,1,2,7,10610,3805,1.28,3.75,0,0,-1.2038488440721018,1.4492520393737356,1.0,0.95,0.4814814814814814,11
Masters Cup,Hard,Round Robin,1,2,5,10610,5055,1.28,3.75,0,0,-1.1983731424978394,1.436098188660147,1.0,0.95,0.9090909090909092,11
Masters Cup,Hard,Round Robin,1,2,9,10610,3300,1.06,10.0,0,0,-1.1928974409235735,1.4230043045620109,1.0,0.95,0.9,11
Masters Cup,Hard,Semifinals,1,2,8,10610,3330,1.14,5.5,0,0,-1.1901595901364423,1.4164798499937443,1.0,0.95,0.9166666666666666,11
Masters Cup,Hard,The Final,1,2,1,10610,12030,1.57,2.37,0,0,-1.1874217393493076,1.409970387079335,1.0,0.95,0.4705882352941176,11
Grand Slam,Hard,2nd Round,1,2,98,12260,579,1.002,34.0,1,1,-1.009461438185724,1.0190123951839904,1.0,1.0,0.81,1
Grand Slam,Hard,3rd Round,1,2,49,12260,945,1.01,26.0,1,1,-1.0039857366114582,1.0079873593192523,1.0,1.0,1.0,2
Grand Slam,Hard,4th Round,1,2,16,12260,1930,1.01,26.0,1,1,-0.9985100350371958,0.997022290069982,1.0,1.0,1.0,3
Grand Slam,Hard,Quarterfinals,0,2,8,12260,3890,1.07,9.0,1,1,-0.99303433346293,0.9861171874361656,1.0,1.0,0.9230769230769232,4
ATP500,Hard,1st Round,1,2,54,10580,830,1.02,17.0,1,0,-0.8972095559133066,0.804984987222153,0.8,0.95,1.0,0
ATP500,Hard,2nd Round,1,2,51,10580,885,1.02,17.0,1,0,-0.8944717051261755,0.8000796312713278,0.8,0.95,1.0,1
ATP500,Hard,Semifinals,0,2,8,10580,4305,1.22,4.33,1,0,-0.8889960035519096,0.7903138943312668,0.8,0.95,0.5,2
Masters 1000,Hard,2nd Round,1,2,87,10260,616,1.0166666666666668,34.0,1,0,-0.8616174956805907,0.7423847088628927,0.6,0.9,1.0,3
Masters 1000,Hard,3rd Round,1,2,91,10260,602,1.01,26.0,1,0,-0.8588796448934559,0.7376742444123089,0.6,0.9,0.8092105263157895,4
Masters 1000,Hard,4th Round,1,2,26,10260,1455,1.14,5.5,1,0,-0.8534039433191936,0.7282982904727493,0.8,0.9,1.0,5
Masters 1000,Hard,Quarterfinals,1,2,65,10260,730,1.05,11.0,1,0,-0.8506660925320624,0.7236328009837674,0.8,0.9,0.8333333333333334,6
Masters 1000,Hard,Semifinals,1,2,13,10260,2320,1.14,5.5,1,0,-0.8479282417449276,0.7189823031486444,0.8,0.9,0.5,7
Masters 1000,Hard,The Final,1,2,8,10260,4625,1.53,2.5,1,0,-0.8451903909577965,0.7143467969673929,1.0,0.9,0.4827586206896552,8
Masters 1000,Hard,2nd Round,1,2,48,10900,955,1.02,17.0,1,0,-0.831501137022137,0.6913941408691067,1.0,0.9,1.0,9
Masters 1000,Hard,4th Round,1,2,17,10900,2050,1.04,13.0,1,0,-0.8205497338736087,0.6733018657600501,1.0,0.9,0.8333333333333334,10
Masters 1000,Hard,Quarterfinals,1,2,6,10900,4795,1.28,3.75,1,0,-0.817811883086474,0.6688162761174447,1.0,0.9,0.6470588235294118,11
Masters 1000,Hard,The Final,1,2,1,10900,13130,1.72,2.1,1,0,-0.8068604799379457,0.6510238340856921,1.0,0.9,0.4857142857142857,10
Masters 1000,Clay,2nd Round,1,2,57,11680,810,1.01,21.0,1,0,-0.7630548673438327,0.582252730577114,1.0,0.8,1.0,5
Masters 1000,Clay,3rd Round,1,2,62,11680,730,1.01,26.0,1,0,-0.7575791657695703,0.573926192408118,1.0,0.8,0.8122977346278317,5
Masters 1000,Clay,Quarterfinals,1,2,38,11680,1071,1.01,21.0,1,0,-0.7548413149824391,0.5697854108044179,1.0,0.8,1.0,6
Masters 1000,Clay,Semifinals,0,2,4,11680,5355,1.28,3.75,1,0,-0.7521034641953044,0.5656596208545775,1.0,0.8,0.5,7
Masters 1000,Clay,2nd Round,1,2,43,11030,1005,1.03,15.0,1,0,-0.6863950453041348,0.4711381582180652,0.8,0.75,0.8571428571428571,4
Masters 1000,Clay,3rd Round,1,2,29,11030,1280,1.1,7.0,1,0,-0.6809193437298724,0.4636511526655201,0.8,0.8,0.75,5
Masters 1000,Clay,Quarterfinals,1,2,5,11030,5030,1.33,3.4,1,0,-0.6781814929427377,0.4599301373700405,0.8,0.8,0.7333333333333333,5
Masters 1000,Clay,Semifinals,1,2,10,11030,2625,1.12,6.0,1,0,-0.6754436421556065,0.4562241137284309,0.8,0.8,0.8125,6
Masters 1000,Clay,The Final,1,2,1,11030,12900,2.1,1.72,1,0,-0.6727057913684753,0.4525330817406866,0.8,0.8,0.5,6
Grand Slam,Clay,2nd Round,1,2,42,11850,1060,1.01,21.0,1,1,-0.6453272834971528,0.4164473028258146,1.0,0.8,1.0,6
Grand Slam,Clay,3rd Round,1,2,26,11850,1410,1.02,19.0,1,1,-0.6398515819228905,0.4094100468892254,1.0,0.85,1.0,7
Grand Slam,Clay,4th Round,1,2,14,11850,2315,1.1,7.0,1,1,-0.6343758803486246,0.4024327575680924,1.0,0.85,0.6428571428571429,8
Grand Slam,Clay,Quarterfinals,1,2,9,11850,2975,1.07,9.0,1,1,-0.6289001787743622,0.3955154348624247,1.0,0.85,1.0,9
Grand Slam,Clay,Semifinals,1,2,17,11850,2050,1.1,7.0,1,1,-0.6206866264129651,0.3852518882079077,1.0,0.9,0.8,10
Grand Slam,Clay,The Final,0,2,1,11850,12500,2.2,1.66,1,1,-0.6152109248386992,0.3784844820408876,1.0,0.9,0.5135135135135135,11
Grand Slam,Grass,1st Round,1,2,56,12330,852,1.01,26.0,1,1,-0.5741431630317173,0.3296403716560651,0.8,0.9,1.0,7
Grand Slam,Grass,2nd Round,1,2,38,12330,1085,1.03,15.0,1,1,-0.568667461457455,0.323382681720466,0.8,0.9,0.875,8
Grand Slam,Grass,3rd Round,1,2,44,12330,1005,1.01,21.0,1,1,-0.563191759883189,0.3171849584003237,0.8,0.9,0.8333333333333334,8
Grand Slam,Grass,4th Round,1,2,17,12330,1775,1.08,8.0,1,1,-0.5549782075217955,0.3080008108241051,0.8,0.9,0.6666666666666666,7
Grand Slam,Grass,Quarterfinals,1,2,29,12330,1350,1.08,8.0,1,1,-0.5495025059475296,0.3019530040426147,0.8,0.9,1.0,7
Grand Slam,Grass,Semifinals,1,2,13,12330,2595,1.25,4.0,1,1,-0.5440268043732672,0.2959651638765891,1.0,0.9,0.75,7
Grand Slam,Grass,The Final,1,2,4,12330,4945,1.61,2.4,1,1,-0.5385511027990013,0.2900372903260205,1.0,0.9,0.4838709677419355,8
Masters 1000,Hard,2nd Round,1,1,22,13130,1545,1.07,9.0,1,0,-0.4536777283979063,0.2058234812442844,1.0,0.9,1.0,0
Masters 1000,Hard,3rd Round,0,1,15,13130,1910,1.12,6.0,1,0,-0.4509398776107751,0.2033467732196208,1.0,0.9,0.6875,1
Masters 1000,Hard,2nd Round,1,1,31,12860,1145,1.05,11.0,1,0,-0.4345127728879809,0.1888013498028021,0.8,0.85,0.8571428571428571,2
Masters 1000,Hard,3rd Round,0,1,20,12860,1735,1.1,7.0,1,0,-0.4317749221008498,0.1864295833551948,0.8,0.85,0.8571428571428571,3
Grand Slam,Hard,1st Round,1,1,79,12770,656,1.002,34.0,1,1,-0.3989207126552649,0.1591377349853844,0.6,0.8,0.8136645962732919,4
Grand Slam,Hard,2nd Round,1,1,81,12770,649,1.01,26.0,1,1,-0.393445011080999,0.1547989767445274,0.6,0.8,0.8333333333333334,5
Grand Slam,Hard,3rd Round,1,1,57,12770,820,1.01,21.0,1,1,-0.3879693095067367,0.150520185119134,0.6,0.8,0.8333333333333334,6
Grand Slam,Hard,4th Round,1,1,25,12770,1505,1.04,13.0,1,1,-0.3824936079324708,0.1463013601091986,0.8,0.85,0.8,7
Grand Slam,Hard,Quarterfinals,1,1,9,12770,3150,1.25,4.0,1,1,-0.3742800555710737,0.140085559998286,0.8,0.85,0.6666666666666666,8
Grand Slam,Hard,Semifinals,0,1,11,12770,2680,1.1,7.0,1,1,-0.3688043539968113,0.1360166515270053,1.0,0.85,0.5,8
ATP500,Hard,1st Round,1,1,38,12150,1040,1.04,13.0,1,0,-0.3030959351056417,0.0918671458775633,0.8,0.85,1.0,3
ATP500,Hard,2nd Round,1,1,41,12150,965,1.03,15.0,1,0,-0.3003580843185069,0.0902149788154833,0.8,0.85,0.8141321044546851,4
ATP500,Hard,Quarterfinals,1,1,10,12150,3710,1.16,5.0,1,0,-0.2948823827442446,0.0869556196529231,0.8,0.85,0.8,4
ATP500,Hard,Semifinals,1,1,11,12150,3365,1.3,3.5,1,0,-0.2921445319571134,0.0853484275524408,0.8,0.85,0.6842105263157895,5
ATP500,Hard,The Final,1,1,6,12150,4115,1.14,5.5,1,0,-0.2894066811699787,0.0837562271058217,0.8,0.85,0.8461538461538461,5
Masters 1000,Hard,2nd Round,1,1,39,12150,1024,1.03,15.0,1,0,-0.2811931288085851,0.0790695756891615,1.0,0.85,0.815267175572519,5
Masters 1000,Hard,3rd Round,1,1,85,12150,642,1.02,19.0,1,0,-0.2784552780214504,0.0775373418580032,1.0,0.85,0.8155487804878049,6
Masters 1000,Hard,Quarterfinals,1,1,5,12150,4495,1.1,7.0,1,0,-0.2757174272343192,0.0760200996807121,1.0,0.85,0.75,7
Masters 1000,Hard,Semifinals,0,1,3,12150,8170,1.33,3.4,1,0,-0.272979576447188,0.0745178491572862,1.0,0.85,0.5,8
Masters 1000,Hard,2nd Round,1,1,24,11510,1460,1.14,5.5,0,0,-0.2264361130659402,0.0512733133004112,0.8,0.8,0.8333333333333334,9
Masters 1000,Hard,3rd Round,1,1,21,11510,1735,1.16,5.0,0,0,-0.2209604114916779,0.0488235034465716,0.8,0.8,1.0,10
Masters 1000,Hard,Quarterfinals,1,1,8,11510,4295,1.36,3.25,0,0,-0.2182225607045467,0.0476210860004495,0.8,0.8,0.7,10
Masters 1000,Hard,Semifinals,1,1,7,11510,4355,1.2,4.5,0,0,-0.2154847099174119,0.0464336602081911,0.8,0.85,0.3333333333333333,10
Masters 1000,Hard,The Final,1,1,10,11510,3930,1.16,5.0,0,0,-0.2127468591302808,0.0452612260697995,0.8,0.85,1.0,11
Masters Cup,Hard,Round Robin,1,1,9,10010,4150,1.12,6.0,0,0,-0.1908440528332242,0.0364214525018104,1.0,0.9,1.0,6
Masters Cup,Hard,Round Robin,1,1,4,10010,4895,1.14,5.5,0,0,-0.1853683512589619,0.0343614256484658,1.0,0.9,0.8571428571428571,6
Masters Cup,Hard,Round Robin,1,1,7,10010,4465,1.07,9.0,0,0,-0.1798926496846959,0.0323613654105807,1.0,0.9,0.8571428571428571,7
Masters Cup,Hard,Semifinals,1,1,5,10010,4625,1.07,9.0,0,0,-0.1771547988975648,0.0313838227724366,1.0,0.9,0.5,8
ATP250,Hard,1st Round,1,1,68,11360,711,1.03,15.0,1,0,-0.0347865579666937,0.0012101046151701,1.0,0.9,0.8173652694610778,0
ATP250,Hard,2nd Round,1,1,57,11360,781,1.02,17.0,1,0,-0.0320487071795625,0.0010271196318813,1.0,0.9,1.0,1
ATP250,Hard,Quarterfinals,0,1,27,11360,1320,1.05,11.0,1,0,-0.0293108563924313,0.0008591263024577,1.0,0.95,0.5,2
Grand Slam,Hard,1st Round,1,1,116,11405,487,1.01,26.0,1,1,0.0035433530531534,1.2555350859291898e-05,0.8,0.9,0.8166915052160953,3
Grand Slam,Hard,2nd Round,1,1,88,11405,595,1.01,26.0,1,1,0.0090190546274193,8.134334637237467e-05,0.8,0.9,0.8169642857142857,4
Grand Slam,Hard,3rd Round,1,1,33,11405,1135,1.03,15.0,1,1,0.0144947562016817,0.0002100979573461,0.8,0.9,0.6,5
Grand Slam,Hard,4th Round,1,1,42,11405,964,1.02,17.0,1,1,0.0199704577759476,0.0003988191837809,0.8,0.9,0.8175074183976261,6
Grand Slam,Hard,Quarterfinals,1,1,8,11405,4575,1.11,6.5,1,1,0.0254461593502099,0.0006475070256762,0.8,0.9,1.0,7
Grand Slam,Hard,Semifinals,1,1,4,11405,5370,1.22,4.33,1,1,0.0309218609244759,0.0009561614830326,1.0,0.9,0.8666666666666667,8
Grand Slam,Hard,The Final,1,1,6,11405,4675,1.44,2.75,1,1,0.0363975624987382,0.0013247825558495,1.0,0.9,0.7142857142857143,9
ATP500,Hard,1st Round,1,1,63,13045,785,1.02,15.0,1,0,0.0993681306027767,0.0098740253794904,1.0,0.9,1.0,4
ATP500,Hard,2nd Round,1,1,107,13045,521,1.01,21.0,1,0,0.1021059813899114,0.0104256314355969,1.0,0.95,1.0,5
ATP500,Hard,Quarterfinals,1,1,104,13045,538,1.01,26.0,1,0,0.1048438321770426,0.0109922291455678,1.0,0.95,0.8191176470588235,5
ATP500,Hard,Semifinals,1,1,8,13045,4460,1.11,6.5,1,0,0.1075816829641738,0.011573818509404,1.0,0.95,0.8666666666666667,6
ATP500,Hard,The Final,0,1,2,13045,9205,1.44,2.75,1,0,0.1103195337513049,0.0121703995271053,1.0,0.95,0.4848484848484848,6
Masters 1000,Hard,2nd Round,1,1,61,13205,788,1.02,17.0,1,0,0.1513872955582869,0.0229181132564521,0.8,0.9,1.0,5
Masters 1000,Hard,3rd Round,1,1,68,13205,730,1.01,26.0,1,0,0.1568629971325528,0.0246059998694072,0.8,0.9,0.8187134502923976,6
Masters 1000,Hard,4th Round,1,1,20,13205,1720,1.1,7.0,1,0,0.1623386987068151,0.0263538530978221,0.8,0.9,0.6,7
Masters 1000,Hard,Semifinals,1,1,4,13205,5425,1.3,3.5,1,0,0.167814400281081,0.0281616729416989,0.8,0.9,0.7272727272727273,8
Masters 1000,Hard,The Final,1,1,2,13205,9205,1.5,2.62,1,0,0.1705522510682122,0.0290880703444345,0.8,0.9,0.4705882352941176,9
Masters 1000,Hard,2nd Round,1,1,41,13205,1065,1.02,17.0,1,0,0.1897172065781376,0.0359926184718117,1.0,0.9,0.8197674418604651,7
Masters 1000,Hard,3rd Round,1,1,84,13205,603,1.02,19.0,1,0,0.1924550573652688,0.0370389491054689,1.0,0.9,1.0,7
Masters 1000,Hard,4th Round,1,1,65,13205,760,1.04,13.0,1,0,0.1951929081524035,0.0381002713929926,1.0,0.9,1.0,7
Masters 1000,Hard,Quarterfinals,1,1,7,13205,4580,1.11,6.5,1,0,0.203406460513797,0.0413741881787508,1.0,0.95,0.7647058823529411,8
Masters 1000,Hard,Semifinals,1,1,24,13205,1450,1.14,5.5,1,0,0.2061443113009318,0.0424954770817354,1.0,0.95,0.6666666666666666,9
Masters 1000,Hard,The Final,1,1,4,13205,5695,1.28,3.75,1,0,0.2088821620880629,0.0436317576385838,1.0,0.95,0.7391304347826086,10
Masters 1000,Clay,2nd Round,1,1,67,13205,742,1.02,19.0,1,0,0.2335228191722507,0.0545329070741557,1.0,0.85,1.0,11
Masters 1000,Clay,3rd Round,1,1,52,13205,876,1.01,21.0,1,0,0.2389985207465166,0.0571202929190231,1.0,0.85,0.8215827338129497,11
Masters 1000,Clay,Quarterfinals,1,1,10,13205,3360,1.04,13.0,1,0,0.2417363715336478,0.0584364733222538,1.0,0.85,1.0,11
Masters 1000,Clay,Semifinals,1,1,5,13205,5255,1.4,3.0,1,0,0.2444742223207789,0.0597676453793496,1.0,0.85,0.5,12
Masters 1000,Clay,The Final,1,1,8,13205,4510,1.07,9.0,1,0,0.2472120731079101,0.0611138090903107,1.0,0.9,0.875,12
Masters 1000,Clay,2nd Round,1,1,174,13845,290,1.03,15.0,1,0,0.3101826412119486,0.0962132709092204,1.0,0.9,1.0,5
Masters 1000,Clay,3rd Round,1,1,68,13845,714,1.02,19.0,1,0,0.3156583427862145,0.0996401893705393,1.0,0.9,1.0,6
Masters 1000,Clay,Quarterfinals,1,1,6,13845,5040,1.2,4.5,1,0,0.3183961935733457,0.1013761360819954,1.0,0.9,0.6,6
Masters 1000,Clay,Semifinals,1,1,8,13845,4310,1.12,6.0,1,0,0.3211340443604769,0.1031270744473167,1.0,0.95,0.7777777777777778,7
Masters 1000,Clay,The Final,1,1,2,13845,8645,1.36,3.25,1,0,0.3238718951476116,0.1048930044665055,1.0,0.95,0.4857142857142857,7
Grand Slam,Clay,1st Round,1,1,87,13845,603,1.002,34.0,1,1,0.3485125522317993,0.1214609990631226,1.0,0.95,0.8,5
Grand Slam,Clay,2nd Round,1,1,55,13845,868,1.002,34.0,1,1,0.3539882538060652,0.1253076838326672,1.0,0.95,1.0,6
Grand Slam,Clay,3rd Round,1,1,84,13845,619,1.005,29.0,1,1,0.3594639553803276,0.1292143352176701,1.0,0.95,0.8243626062322946,7
Grand Slam,Clay,4th Round,1,1,21,13845,1625,1.02,19.0,1,1,0.3649396569545935,0.1331809532181364,1.0,0.95,0.9090909090909092,8
Grand Slam,Clay,Quarterfinals,1,1,7,13845,4570,1.33,3.4,1,1,0.3704153585288559,0.1372075378340608,1.0,0.95,0.5128205128205128,9
Grand Slam,Clay,Semifinals,1,1,3,13845,7040,1.16,5.0,1,1,0.3786289108902529,0.1433598521619391,1.0,0.95,0.75,10
Grand Slam,Clay,The Final,0,1,9,13845,3845,1.12,6.0,1,1,0.3813667616773841,0.1454406069122947,1.0,0.95,0.875,11
Grand Slam,Grass,1st Round,1,1,33,13845,1195,1.03,15.0,1,1,0.4415994789942914,0.1950100998480296,0.8,0.9,0.8571428571428571,5
Grand Slam,Grass,2nd Round,1,1,92,13845,564,1.005,34.0,1,1,0.4470751805685538,0.1998762170804049,0.8,0.9,0.8333333333333334,5
Grand Slam,Grass,3rd Round,1,1,26,13845,1355,1.02,17.0,1,1,0.4525508821428197,0.2048023009282442,0.8,0.9,1.0,5
Grand Slam,Grass,4th Round,1,1,14,13845,2090,1.03,15.0,1,1,0.4635022852913479,0.2148343684703021,0.8,0.9,0.8,4
Grand Slam,Grass,Quarterfinals,1,1,9,13845,3540,1.08,7.5,1,1,0.4662401360784791,0.2173798644904787,0.8,0.9,1.0,4
Grand Slam,Grass,Semifinals,1,1,20,13845,1610,1.06,10.0,1,1,0.471715837652745,0.2225158314924309,1.0,0.9,0.9166666666666666,5
Grand Slam,Grass,The Final,1,1,2,13845,9665,1.83,2.0,1,1,0.4771915392270074,0.2277117651098405,1.0,0.95,0.5,6
Masters 1000,Hard,2nd Round,1,1,33,13755,1145,1.01,21.0,1,0,0.5593270628409712,0.3128467632263078,1.0,0.95,1.0,1
Masters 1000,Hard,3rd Round,1,1,35,13755,1115,1.04,13.0,1,0,0.5648027644152371,0.3190021626910939,1.0,0.95,0.8261474269819193,1
Masters 1000,Hard,Semifinals,1,1,49,13755,925,1.04,13.0,1,0,0.5702784659894995,0.3252175287713367,1.0,0.95,1.0,2
Masters 1000,Hard,Quarterfinals,1,1,87,13755,585,1.04,11.0,1,0,0.5702784659894995,0.3252175287713367,1.0,0.95,0.8333333333333334,2
Masters 1000,Hard,The Final,0,1,3,13755,7840,1.44,2.75,1,0,0.5730163167766307,0.3283476992922559,1.0,0.95,0.76,4
Masters 1000,Hard,2nd Round,1,1,42,14265,1000,1.03,15.0,1,0,0.5812298691380278,0.3378281607782089,0.8,0.9,0.8257261410788381,5
Masters 1000,Hard,3rd Round,1,1,14,14265,2090,1.06,10.0,1,0,0.583967719925159,0.3410182979145889,0.8,0.9,1.0,6
Masters 1000,Hard,Quarterfinals,1,1,5,14265,5575,1.25,4.0,1,0,0.5867055707122937,0.3442234267048382,0.8,0.9,0.8235294117647058,7
Masters 1000,Hard,Semifinals,1,1,66,14265,750,1.1,7.0,1,0,0.5894434214994249,0.3474435471489486,0.8,0.9,1.0,8
Masters 1000,Hard,The Final,0,1,3,14265,8065,1.9,1.9,1,0,0.592181272286556,0.3506786592469242,0.8,0.95,0.5135135135135135,9
Grand Slam,Hard,2nd Round,1,1,52,14865,870,1.005,34.0,1,1,0.6222976309450097,0.3872543414797714,0.8,0.9,1.0,11
Grand Slam,Hard,3rd Round,1,1,25,14865,1430,1.01,26.0,1,1,0.6250354817321409,0.3906693534241294,0.8,0.9,1.0,12
Grand Slam,Hard,4th Round,1,1,23,14865,1510,1.005,26.0,1,1,0.6332490340935379,0.4010043391803988,0.8,0.9,1.0,13
Grand Slam,Hard,Quarterfinals,1,1,19,14865,1665,1.02,15.0,1,1,0.6387247356678039,0.4079692879539059,0.8,0.9,1.0,14
Grand Slam,Hard,Semifinals,1,1,9,14865,3550,1.12,6.0,1,1,0.6442004372420662,0.4149942033428693,1.0,0.9,1.0,14
Grand Slam,Hard,The Final,1,1,2,14865,9065,1.66,2.2,1,1,0.6496761388163321,0.422079085347298,1.0,0.9,0.5,14
ATP500,Hard,1st Round,1,1,59,15645,790,1.03,11.0,1,0,0.7126467069203706,0.5078653288844486,1.0,0.9,1.0,4
ATP500,Hard,2nd Round,1,1,219,15645,230,1.002,41.0,1,0,0.7181224084946329,0.5156997935821325,1.0,0.9,0.8274456521739131,4
ATP500,Hard,Quarterfinals,1,1,13,15645,2280,1.08,8.0,1,0,0.7208602592817641,0.5196395134117722,1.0,0.9,0.7142857142857143,5
ATP500,Hard,Semifinals,1,1,7,15645,3945,1.07,9.0,1,0,0.7235981100688988,0.5235942248952823,1.0,0.9,0.7894736842105263,5
ATP500,Hard,The Final,1,1,8,15645,3770,1.1,7.0,1,0,0.72633596085603,0.5275639280326524,1.0,0.9,0.525,6
Masters 1000,Hard,2nd Round,1,1,44,15785,990,1.01,21.0,1,0,0.7345495132174271,0.5395629873679592,1.0,0.9,1.0,5
Masters 1000,Hard,3rd Round,1,1,17,15785,1725,1.03,15.0,1,0,0.7372873640045583,0.5435926571207901,1.0,0.9,1.0,6
Masters 1000,Hard,Quarterfinals,1,1,20,15785,1585,1.01,21.0,1,0,0.7400252147916895,0.5476373185274861,1.0,0.9,1.0,7
Masters 1000,Hard,Semifinals,1,1,2,15785,8640,1.28,3.75,1,0,0.7427630655788207,0.5516969715880474,1.0,0.95,0.7307692307692307,8
Masters 1000,Hard,The Final,1,1,15,15785,1990,1.06,10.0,1,0,0.7455009163659554,0.5557716163024792,1.0,0.95,0.6470588235294118,9
Masters 1000,Hard,2nd Round,1,1,40,15785,1080,1.03,13.0,0,0,0.7893065289600685,0.6230047966589914,1.0,0.95,1.0,10
Masters 1000,Hard,3rd Round,1,1,15,15785,2100,1.04,13.0,0,0,0.7947822305343308,0.6316787939731262,1.0,0.95,0.875,11
Masters 1000,Hard,Quarterfinals,1,1,5,15785,4730,1.1,7.0,0,0,0.7975200813214656,0.6360382801109971,1.0,0.95,0.8823529411764706,11
Masters 1000,Hard,Semifinals,1,1,4,15785,6585,1.12,6.0,0,0,0.8002579321085967,0.6404127579027274,1.0,1.0,0.8333333333333334,12
Masters 1000,Hard,The Final,1,1,3,15785,8070,1.25,4.0,0,0,0.8029957828957279,0.644802227348323,1.0,1.0,0.7407407407407407,12
Masters Cup,Hard,Round Robin,1,1,8,15285,4035,1.05,11.0,0,0,0.8221607384056533,0.675948279775729,1.0,1.0,0.6666666666666666,8
Masters Cup,Hard,Round Robin,0,1,3,15285,7340,1.3,3.5,0,0,0.8276364399799157,0.6849820767826286,1.0,1.0,0.5128205128205128,7
Masters Cup,Hard,Round Robin,1,1,6,15285,4620,1.06,10.0,0,0,0.8331121415541816,0.6940758404049947,0.8,0.95,0.8888888888888888,7
Masters Cup,Hard,Semifinals,1,1,5,15285,4630,1.2,4.5,0,0,0.8385878431284439,0.7032295706428157,0.8,0.95,0.5365853658536586,8
Masters Cup,Hard,The Final,1,1,3,15285,7340,1.44,2.75,0,0,0.8413256939155787,0.70782892324253,0.8,0.95,0.5,9
ATP250,Hard,1st Round,1,1,118,16585,493,1.01,21.0,1,0,0.9590532777622583,0.9197831895865316,0.8,0.95,0.8304635761589404,0
ATP250,Hard,2nd Round,1,1,49,16585,900,1.02,15.0,1,0,0.9645289793365208,0.9303161519799508,0.8,0.95,0.6363636363636364,1
ATP250,Hard,Quarterfinals,1,1,35,16585,1150,1.01,21.0,1,0,0.9672668301236556,0.9356051206574648,1.0,0.95,1.0,2
ATP250,Hard,Semifinals,1,1,6,16585,4620,1.07,9.0,1,0,0.9700046809107868,0.9409090809888372,1.0,0.95,0.8947368421052632,3
ATP250,Hard,The Final,1,1,5,16585,5230,1.14,5.5,1,0,0.972742531697918,0.9462280329740748,1.0,0.95,0.5476190476190477,4
Grand Slam,Hard,1st Round,1,1,52,16790,821,1.002,41.0,1,1,0.9973831887821092,0.9947732252651684,1.0,0.95,0.8315789473684211,5
Grand Slam,Hard,3rd Round,1,1,29,16790,1290,1.01,26.0,1,1,1.0083345919306377,1.0167386492839252,1.0,0.95,1.0,7
Grand Slam,Hard,4th Round,1,1,15,16790,2145,1.01,21.0,1,1,1.0138102935048998,1.027811311216491,1.0,0.95,0.8888888888888888,8
Grand Slam,Hard,Quarterfinals,1,1,7,16790,4235,1.12,6.0,1,1,1.0192859950791655,1.038943939764525,1.0,0.95,0.7142857142857143,9
Grand Slam,Hard,Semifinals,1,1,3,16790,8165,1.3,3.5,1,1,1.024761696653428,1.0501365349280125,1.0,0.95,0.5121951219512195,10
Grand Slam,Hard,The Final,1,1,2,16790,8945,1.2,5.0,1,1,1.0329752490148252,1.06703786507724,1.0,0.95,0.75,11
ATP500,Hard,1st Round,1,1,41,16790,1035,1.02,17.0,1,0,1.0932079663317325,1.1951036576511622,1.0,0.95,0.75,4
ATP500,Hard,2nd Round,1,1,121,16790,486,1.005,34.0,1,0,1.0986836679059948,1.2071058021233705,1.0,0.95,0.8333333333333334,4
Masters 1000,Hard,2nd Round,1,1,149,16540,397,1.005,29.0,1,0,1.150702832861505,1.3241170095554926,1.0,0.95,0.8335500650195059,2
Masters 1000,Hard,3rd Round,1,1,30,16540,1330,1.1,7.0,1,0,1.156178534435771,1.336748803490047,1.0,0.95,0.875,3
Masters 1000,Hard,4th Round,1,1,21,16540,1630,1.07,9.0,1,0,1.158916385222902,1.343087187938118,1.0,0.95,1.0,4
Masters 1000,Hard,Quarterfinals,1,1,9,16540,2950,1.11,6.5,1,0,1.1616542360100333,1.349440564040054,1.0,1.0,0.6666666666666666,5
Masters 1000,Hard,Semifinals,1,1,5,16540,4810,1.14,5.5,1,0,1.1643920867971644,1.3558089317958553,1.0,1.0,0.5581395348837209,6
Masters 1000,Hard,The Final,1,1,14,16540,2410,1.14,5.5,1,0,1.1671299375842992,1.36219229120553,1.0,1.0,1.0,7
Masters 1000,Hard,2nd Round,1,1,87,16540,623,1.01,23.0,1,0,1.1835570423070898,1.4008072723947065,1.0,1.0,0.8348387096774194,6
Masters 1000,Hard,3rd Round,1,1,38,16540,1146,1.01,26.0,1,0,1.186294893094221,1.4072955733814292,1.0,1.0,1.0,7
Masters 1000,Hard,4th Round,1,1,14,16540,2510,1.1,7.0,1,0,1.191770594668487,1.4203171503164789,1.0,1.0,1.0,8
Masters 1000,Hard,Quarterfinals,1,1,7,16540,3810,1.08,8.0,1,0,1.1972462962427493,1.433398693866981,1.0,1.0,0.9,9
Masters 1000,Hard,Semifinals,1,1,15,16540,2290,1.07,9.0,1,0,1.199984147029884,1.4399619531230383,1.0,1.0,1.0,10
Masters 1000,Hard,The Final,1,1,6,16540,4070,1.14,5.5,1,0,1.2054598486041463,1.4531334465967314,1.0,1.0,0.75,11
Masters 1000,Clay,2nd Round,0,1,55,16540,840,1.01,23.0,1,0,1.2328383564754688,1.5198904131971351,1.0,0.9,0.8361075544174136,12
Masters 1000,Clay,2nd Round,1,1,40,15550,1015,1.05,11.0,1,0,1.2903332230052411,1.664959826391094,0.8,0.85,0.8350383631713555,1
Masters 1000,Clay,3rd Round,1,1,17,15550,2015,1.04,13.0,1,0,1.293071073792376,1.6720328018785684,0.8,0.85,0.8352490421455939,2
Masters 1000,Clay,Quarterfinals,1,1,10,15550,2740,1.1,7.0,1,0,1.2958089245795072,1.679120769019899,0.8,0.9,1.0,3
Masters 1000,Clay,Semifinals,1,1,6,15550,4290,1.12,6.0,1,0,1.2985467753666384,1.6862237278150949,0.8,0.9,0.7777777777777778,4
Masters 1000,Clay,The Final,1,1,2,15550,7925,1.25,4.0,1,0,1.3012846261537696,1.693341678264156,0.8,0.9,0.7586206896551724,5
Masters 1000,Clay,2nd Round,1,1,103,16550,558,1.005,34.0,1,0,1.3094981785151667,1.7147854795345394,1.0,0.9,0.8360864040660737,6
Masters 1000,Clay,3rd Round,1,1,37,16550,1080,1.04,13.0,1,0,1.312236029302298,1.7219633965990613,1.0,0.9,1.0,7
Masters 1000,Clay,Quarterfinals,1,1,5,16550,5675,1.36,3.4,1,0,1.3149738800894326,1.7291563053174577,1.0,0.9,0.5681818181818182,8
Masters 1000,Clay,Semifinals,1,1,6,16550,4290,1.14,5.5,1,0,1.3177117308765638,1.7363642056897095,1.0,0.9,0.8,8
Masters 1000,Clay,The Final,0,1,3,16550,7525,1.44,2.75,1,0,1.320449581663695,1.743587097715827,1.0,0.9,0.7666666666666667,9
Grand Slam,Clay,2nd Round,1,1,161,16150,331,1.005,34.0,1,1,1.3505659403221486,1.8240283591582496,0.8,0.85,1.0,11
Grand Slam,Clay,3rd Round,1,1,66,16150,765,1.005,34.0,1,1,1.3560416418964143,1.838848934557124,0.8,0.85,1.0,12
Grand Slam,Clay,4th Round,1,1,16,16150,2015,1.01,21.0,1,1,1.3669930450449428,1.868669985201245,0.8,0.85,1.0,13
Grand Slam,Clay,Quarterfinals,1,1,8,16150,2850,1.06,10.0,1,1,1.369730895832074,1.876162726996936,0.8,0.85,0.9047619047619048,14
Grand Slam,Clay,Semifinals,1,1,15,16150,2430,1.08,8.0,1,1,1.3724687466192051,1.883670460446492,1.0,0.85,1.0,15
Grand Slam,Clay,The Final,1,1,2,16150,8435,1.3,3.5,1,1,1.377944448193471,1.8987309023072092,1.0,0.85,0.7419354838709677,14
Grand Slam,Grass,1st Round,1,1,177,16950,309,1.005,34.0,1,1,1.4381771655103748,2.068353559395456,1.0,0.95,0.83729662077597,5
Grand Slam,Grass,2nd Round,1,1,55,16950,880,1.005,34.0,1,1,1.4436528670846407,2.084133600641703,1.0,0.95,0.8375,5
Grand Slam,Grass,3rd Round,0,1,41,16950,1075,1.01,26.0,1,1,1.4518664194460378,2.107916099915058,1.0,0.95,0.8571428571428571,5
Masters 1000,Hard,2nd Round,1,1,37,15040,1230,1.03,15.0,1,0,1.5203126891243386,2.3113506727124777,0.8,1.0,1.0,3
Masters 1000,Hard,3rd Round,1,1,129,15040,451,1.03,15.0,1,0,1.5257883906986045,2.328030213190637,0.8,1.0,0.8888888888888888,3
Masters 1000,Hard,Quarterfinals,1,1,8,15040,3490,1.1,7.0,1,0,1.5257883906986045,2.328030213190637,0.8,1.0,0.9090909090909092,3
Masters 1000,Hard,The Final,1,1,6,15040,4290,1.11,6.5,1,0,1.5312640922728669,2.344769720284247,0.8,1.0,0.8181818181818182,4
Masters 1000,Hard,Semifinals,1,1,14,15040,2440,1.1,7.0,1,0,1.5312640922728669,2.344769720284247,0.8,1.0,1.0,4
Grand Slam,Hard,1st Round,1,1,247,14840,216,1.01,26.0,1,1,1.613399615886831,2.6030583205437727,1.0,1.0,0.8376703841387856,2
Grand Slam,Hard,4th Round,1,1,84,14840,679,1.06,10.0,1,1,1.6298267206096213,2.6563351392131125,1.0,1.0,1.0,1
Grand Slam,Hard,Semifinals,1,1,12,14840,2835,1.14,5.5,1,1,1.6407781237581496,2.6921528514033137,1.0,1.0,1.0,2
Grand Slam,Hard,The Final,0,1,3,14840,4980,1.33,3.4,1,1,1.6462538253324157,2.710151657421611,1.0,1.0,0.8421052631578947,3
Masters 1000,Hard,2nd Round,1,1,50,13540,885,1.04,13.0,1,0,1.7283893489463793,2.9873297415512887,0.8,0.95,1.0,1
Masters 1000,Hard,3rd Round,1,1,131,13540,456,1.03,15.0,1,0,1.7338650505206417,3.006288013416947,0.8,0.95,1.0,1
Masters 1000,Hard,Quarterfinals,1,1,110,13540,537,1.02,15.0,1,0,1.7366029013077764,3.0157896368305868,0.8,0.95,1.0,2
Masters 1000,Hard,Semifinals,0,1,19,13540,1950,1.14,5.5,1,0,1.7393407520949076,3.025306251898079,0.8,0.95,1.0,3
Masters 1000,Hard,2nd Round,1,1,34,12900,1255,1.08,8.0,0,0,1.788622066263283,3.199168895923936,0.6,0.9,1.0,4
Masters 1000,Hard,3rd Round,1,1,18,12900,2035,1.11,6.5,0,0,1.7913599170504175,3.2089703524148794,0.8,0.9,0.8333333333333334,5
Masters 1000,Hard,Quarterfinals,0,1,10,12900,3100,1.18,4.5,0,0,1.794097767837549,3.218786800559676,0.8,0.9,1.0,6
Masters Cup,Hard,Round Robin,1,2,9,10780,3215,1.12,6.0,0,0,1.8187384249217369,3.3078094582867994,0.6,0.85,1.0,5
Masters Cup,Hard,Round Robin,1,2,4,10780,5050,1.22,4.33,0,0,1.8242141264960023,3.3277571793075738,0.6,0.85,1.0,4
Masters Cup,Hard,Round Robin,1,2,11,10780,2780,1.1,7.0,0,0,1.829689828070265,3.347764866943796,0.8,0.85,1.0,5
Masters Cup,Hard,Semifinals,1,2,5,10780,4705,1.22,4.33,0,0,1.8351655296445308,3.367832521195492,0.8,0.85,0.8333333333333334,6
Masters Cup,Hard,The Final,0,2,1,10780,11185,1.53,2.5,0,0,1.837903380431662,3.3778888358021306,0.8,0.85,0.75,7
ATP250,Hard,1st Round,1,2,63,11780,758,1.03,15.0,1,0,1.9556309642783416,3.824492468444237,0.8,0.8,0.8359659781287971,0
ATP250,Hard,2nd Round,1,2,71,11780,722,1.02,19.0,1,0,1.961106665852608,3.845939354851532,0.8,0.8,0.8361650485436893,1
ATP250,Hard,Quarterfinals,1,2,107,11780,558,1.02,17.0,1,0,1.963844516639739,3.8566852855359697,0.8,0.8,0.9,2
ATP250,Hard,Semifinals,1,2,42,11780,1035,1.08,8.0,1,0,1.96658236742687,3.867446207874273,0.8,0.8,0.6666666666666666,3
ATP250,Hard,The Final,1,2,1,11780,12410,2.3,1.61,1,0,1.9693202182140048,3.878222121866456,0.8,0.8,0.7272727272727273,4
Grand Slam,Hard,1st Round,1,2,40,11780,1105,1.06,10.0,1,1,1.996698726085324,3.9868058027507542,1.0,0.8,0.6923076923076923,5
Grand Slam,Hard,2nd Round,0,2,117,11780,498,1.01,23.0,1,1,2.0021744276595896,4.008702438774005,1.0,0.8,1.0,6
ATP500,Hard,1st Round,1,2,62,9735,775,1.07,9.0,1,0,2.1144263099320035,4.470798620132669,0.8,0.75,1.0,0
ATP500,Hard,2nd Round,1,2,32,9735,1110,1.25,3.75,1,0,2.1171641607191383,4.4823840834335735,0.8,0.8,0.9166666666666666,1
ATP500,Hard,Quarterfinals,0,2,17,9735,2075,1.33,3.25,1,0,2.119902011506269,4.493984538388327,0.8,0.8,0.8365384615384616,2
Masters 1000,Hard,2nd Round,1,2,46,9825,933,1.07,9.0,1,0,2.1472805193775883,4.610813628898486,0.6,0.75,1.0,3
Masters 1000,Hard,4th Round,0,2,16,9825,2255,1.4,3.0,1,0,2.1527562209518543,4.634359346846908,0.8,0.8,0.0,4
Masters 1000,Hard,3rd Round,1,2,35,9825,1155,1.36,3.25,1,0,2.1527562209518543,4.634359346846908,0.6,0.75,0.9230769230769232,4
Masters 1000,Clay,2nd Round,1,2,32,7905,1255,1.08,8.0,1,0,2.2458431477143463,5.043811444135483,0.6,0.85,0.9,0
Masters 1000,Clay,3rd Round,1,2,19,7905,2025,1.12,6.0,1,0,2.2513188492886087,5.068436561162185,0.6,0.85,0.8351254480286738,1
Masters 1000,Clay,Quarterfinals,0,2,13,7905,2705,1.33,3.4,1,0,2.2540567000757434,5.08077160715635,0.8,0.9,1.0,2
Masters 1000,Clay,2nd Round,1,2,76,7085,675,1.14,5.5,1,0,2.3060758650312536,5.317985895279644,0.6,0.9,1.0,3
Masters 1000,Clay,3rd Round,1,2,38,7085,1045,1.14,5.5,1,0,2.308813715818385,5.330620774351098,0.6,0.9,1.0,4
Masters 1000,Clay,Semifinals,0,2,5,7085,4375,2.75,1.44,1,0,2.314289417392647,5.355935507455598,0.8,0.9,0.5777777777777777,5
Masters 1000,Clay,2nd Round,1,2,55,6845,848,1.11,6.5,1,0,2.322502969754044,5.394020044516355,0.6,0.85,1.0,6
Masters 1000,Clay,3rd Round,1,2,20,6845,2110,1.22,4.33,1,0,2.32797867132831,5.419484694159524,0.6,0.85,0.6666666666666666,7
Masters 1000,Clay,Semifinals,1,2,7,6845,4035,1.57,2.37,1,0,2.3334543729025725,5.445009310418138,0.8,0.85,1.0,7
Masters 1000,Clay,Quarterfinals,1,2,34,6845,1125,1.44,2.75,1,0,2.3334543729025725,5.445009310418138,0.8,0.85,0.9285714285714286,7
Masters 1000,Clay,The Final,0,2,17,6845,2300,1.16,5.0,1,0,2.336192223689704,5.457794106028243,0.8,0.85,0.83451536643026,8
Grand Slam,Clay,1st Round,1,2,77,7445,675,1.01,21.0,1,1,2.35809502998676,5.56061217044826,0.8,0.8,1.0,8
Grand Slam,Clay,2nd Round,1,2,59,7445,830,1.01,21.0,1,1,2.363570731561026,5.5864666030919246,0.8,0.8,1.0,9
Grand Slam,Clay,3rd Round,1,2,41,7445,1005,1.05,11.0,1,1,2.3690464331352885,5.612381002351033,0.8,0.85,1.0,10
Grand Slam,Clay,4th Round,1,2,20,7445,2065,1.1,7.0,1,1,2.3745221347095544,5.63835536822562,0.8,0.85,1.0,11
Grand Slam,Clay,Quarterfinals,0,2,7,7445,4145,1.44,2.75,1,1,2.3827356870709515,5.67742935444148,0.8,0.85,1.0,12
ATP250,Grass,2nd Round,1,4,75,5805,671,1.18,4.5,1,0,2.440230553600724,5.954725154726496,0.8,0.9,1.0,5
ATP250,Grass,Quarterfinals,1,4,47,5805,935,1.1,7.0,1,0,2.4429684043878552,5.968094624837343,0.8,0.9,1.0,5
ATP250,Grass,Semifinals,1,4,52,5805,864,1.12,6.0,1,0,2.44570625517499,5.981479086602073,0.8,0.9,0.8337236533957846,6
ATP250,Grass,The Final,1,4,16,5805,2545,1.16,5.0,1,0,2.448444105962121,5.99487854002065,0.8,0.95,1.0,6
Grand Slam,Grass,2nd Round,1,4,136,6055,415,1.01,26.0,1,1,2.4621333598977806,6.062100681921534,0.8,0.95,0.8341121495327103,5
Grand Slam,Grass,3rd Round,1,4,589,6055,50,1.07,9.0,1,1,2.4676090614720465,6.089094480258955,1.0,0.95,0.8571428571428571,5
Grand Slam,Grass,4th Round,1,4,51,6055,896,1.03,15.0,1,1,2.475822613833444,6.129697615169065,1.0,0.95,1.0,6
Grand Slam,Hard,1st Round,1,14,63,2335,816,1.07,8.0,1,1,2.99327641260141,8.95970368223597,1.0,0.75,1.0,0
Grand Slam,Hard,2nd Round,1,14,39,2335,1265,1.25,4.0,1,1,2.998752114175673,8.992514242273069,1.0,0.75,1.0,1
Grand Slam,Hard,3rd Round,1,14,22,2335,1845,1.08,8.0,1,1,3.004227815749939,9.02538476892565,1.0,0.8,1.0,2
Grand Slam,Hard,4th Round,0,14,58,2335,857,1.25,4.0,1,1,3.0097035173242013,9.058315262193668,1.0,0.8,1.0,3
Masters 1000,Hard,2nd Round,0,13,109,2380,539,1.1,7.0,1,0,3.141120355106544,9.866637085264662,0.8,0.75,0.8342989571263036,0
Masters 1000,Hard,2nd Round,0,12,47,2300,1075,1.2,4.33,1,0,3.173974564552129,10.074114536423876,0.6,0.7,1.0,1
Masters 1000,Clay,1st Round,1,13,93,2310,639,1.28,3.5,1,0,3.2396829834432985,10.495545833212072,0.4,0.8,1.0,1
Masters 1000,Clay,2nd Round,1,13,39,2310,1251,1.36,3.0,1,0,3.245158685017561,10.531054890944905,0.4,0.8,1.0,2
Masters 1000,Clay,3rd Round,0,13,7,2310,3665,1.61,2.3,1,0,3.247896535804696,10.548831907292142,0.4,0.8,0.8333333333333334,3
ATP500,Clay,2nd Round,0,12,140,2220,396,1.16,5.0,1,0,3.2643236405274862,10.655808830106622,0.4,0.75,1.0,3
Masters 1000,Clay,1st Round,1,12,20,2220,1835,1.66,2.1,1,0,3.297177849973071,10.871381774353043,0.4,0.7,0.8461538461538461,4
Masters 1000,Clay,2nd Round,0,12,22,2220,1757,1.28,3.5,1,0,3.302653551547337,10.907520481548238,0.6,0.7,1.0,5
Masters 1000,Clay,1st Round,1,18,54,1905,966,1.12,6.0,1,0,3.3163428054829964,10.998129603478832,0.4,0.65,1.0,6
Masters 1000,Clay,2nd Round,1,18,74,1905,767,1.1,7.0,1,0,3.3218185070572623,11.03447819382814,0.4,0.7,0.8302752293577982,7
Masters 1000,Clay,3rd Round,1,18,41,1905,1180,1.16,5.0,1,0,3.324556357844393,11.05267497648358,0.6,0.7,1.0,7
Masters 1000,Clay,Quarterfinals,1,18,24,1905,1665,1.53,2.5,1,0,3.3272942086315247,11.070886750792884,0.8,0.7,0.8571428571428571,8
Masters 1000,Clay,Semifinals,0,18,2,1905,7950,5.0,1.16,1,0,3.3300320594186594,11.089113516756075,0.8,0.75,0.5652173913043478,8
Grand Slam,Clay,1st Round,1,22,134,1665,421,1.06,11.0,1,1,3.354672716502847,11.253829034848591,0.8,0.7,1.0,7
Grand Slam,Clay,2nd Round,1,22,155,1665,356,1.07,9.0,1,1,3.360148418077109,11.290597391506102,0.8,0.7,0.830102622576967,8
Grand Slam,Clay,3rd Round,1,22,13,1665,2120,1.16,5.0,1,1,3.3656241196513754,11.327425714779096,0.8,0.7,0.75,9
Grand Slam,Clay,4th Round,1,22,35,1665,1280,1.22,4.33,1,1,3.371099821225638,11.364314004667529,0.8,0.7,0.7142857142857143,10
Grand Slam,Clay,Quarterfinals,0,22,72,1665,806,1.08,9.0,1,1,3.376575522799904,11.401262261171444,0.8,0.75,0.8306818181818182,11
ATP500,Grass,1st Round,1,22,63,1665,901,1.12,6.0,1,0,3.4149054338197544,11.661579121931686,0.8,0.95,0.8297389330306469,5
ATP500,Grass,2nd Round,1,22,5,1665,4870,1.36,3.0,1,0,3.420381135394017,11.699007111359265,0.8,0.95,0.8571428571428571,6
ATP500,Grass,Quarterfinals,1,22,26,1665,1535,1.08,8.0,1,0,3.423118986181148,11.71774359355385,0.8,0.95,1.0,7
ATP500,Grass,Semifinals,1,22,61,1665,910,1.11,6.5,1,0,3.4258568369682827,11.736495067402329,0.8,0.95,1.0,8
ATP500,Grass,The Final,0,22,6,1665,4860,1.66,2.2,1,0,3.428594687755414,11.755261532904644,0.8,0.95,0.9285714285714286,9
Grand Slam,Grass,1st Round,1,21,57,1715,923,1.03,15.0,1,1,3.4532353448396016,11.92483434684948,0.8,0.9,0.8295711060948081,7
Grand Slam,Grass,2nd Round,1,21,126,1715,438,1.01,23.0,1,1,3.4587110464138675,11.96268210258531,0.8,0.9,1.0,7
Grand Slam,Grass,3rd Round,1,21,17,1715,1950,1.25,4.0,1,1,3.46418674798813,12.000589824936576,0.8,0.9,0.75,7
Grand Slam,Grass,4th Round,1,21,40,1715,1130,1.11,7.0,1,1,3.469662449562396,12.038557513903324,0.8,0.9,0.8301462317210349,8
Grand Slam,Grass,Quarterfinals,1,21,28,1715,1530,1.12,6.0,1,1,3.475138151136658,12.07658516948551,0.8,0.9,0.8666666666666667,9
Grand Slam,Grass,Semifinals,1,21,1,1715,8770,1.9,1.9,1,1,3.4833517034980552,12.133739090262804,1.0,0.9,0.5531914893617021,10
Grand Slam,Grass,The Final,1,21,8,1715,3635,1.16,5.0,1,1,3.4860895542851864,12.152820380496289,1.0,0.9,0.8333333333333334,11
Masters 1000,Hard,1st Round,1,10,84,3355,695,1.04,11.0,1,0,3.549060122389225,12.59582775233342,1.0,0.65,0.8309070548712206,4
Masters 1000,Hard,2nd Round,1,10,121,3355,468,1.06,10.0,1,0,3.55179797317636,12.615268842259695,1.0,0.7,1.0,5
Masters 1000,Hard,3rd Round,0,10,27,3355,1534,1.22,4.0,1,0,3.5545358239634908,12.634724923839812,1.0,0.7,0.8312849162011173,5
Masters 1000,Hard,1st Round,1,10,33,3445,1235,1.14,5.5,1,0,3.56822507789915,12.732230206548396,0.8,0.65,0.8303571428571429,4
Masters 1000,Hard,2nd Round,1,10,28,3445,1410,1.1,7.0,1,0,3.5709629286862814,12.751776238051704,0.8,0.65,1.0,4
Masters 1000,Hard,3rd Round,1,10,5,3445,4700,1.25,3.75,1,0,3.5764386302605478,12.79091327601994,0.8,0.65,0.875,5
Masters 1000,Hard,Quarterfinals,1,10,29,3445,1395,1.36,3.25,1,0,3.5764386302605478,12.79091327601994,0.8,0.65,1.0,5
Masters 1000,Hard,Semifinals,1,10,7,3445,4085,1.44,2.75,1,0,3.5791764810476785,12.810504282484844,0.8,0.65,0.8666666666666667,7
Masters 1000,Hard,The Final,1,10,2,3445,6480,2.1,1.72,1,0,3.5819143318348097,12.830110280603613,1.0,0.7,0.5238095238095238,8
Grand Slam,Hard,1st Round,1,6,41,4445,1072,1.02,19.0,1,1,3.606554988919001,13.007238888096534,1.0,0.7,0.8314855875831486,9
Grand Slam,Hard,2nd Round,1,6,61,4445,876,1.02,17.0,1,1,3.614768541280398,13.066551607030418,1.0,0.7,1.0,10
Grand Slam,Hard,3rd Round,1,6,25,4445,1535,1.08,9.0,1,1,3.620244242854661,13.106168377922314,1.0,0.75,0.9230769230769232,11
Grand Slam,Hard,4th Round,1,6,68,4445,816,1.02,19.0,1,1,3.622982093641792,13.12599925084906,1.0,0.75,1.0,12
Grand Slam,Hard,Quarterfinals,1,6,55,4445,963,1.06,11.0,1,1,3.6311956460031887,13.185581819552514,1.0,0.75,1.0,13
Grand Slam,Hard,Semifinals,1,6,19,4445,1755,1.16,5.0,1,1,3.636671347577455,13.22537849029082,1.0,0.8,0.875,12
Grand Slam,Hard,The Final,1,6,3,4445,5500,1.44,2.75,1,1,3.6394091983645858,13.245299313140755,1.0,0.8,0.9333333333333332,12
Masters 1000,Hard,2nd Round,1,3,41,6445,1100,1.08,8.0,1,0,3.7215447219785496,13.8498951176864,1.0,0.8,1.0,1
Masters 1000,Hard,3rd Round,1,3,21,6445,1768,1.05,12.0,1,0,3.727020423552812,13.890681237579782,1.0,0.8,0.0,1
Masters 1000,Hard,Quarterfinals,1,3,8,6445,3640,1.16,5.0,1,0,3.729758274339943,13.91109678500727,1.0,0.85,0.8571428571428571,2
Masters 1000,Hard,Semifinals,1,3,5,6445,4755,1.33,3.4,1,0,3.732496125127078,13.93152732408865,1.0,0.9,0.0,3
Masters 1000,Hard,The Final,1,3,19,6445,1815,1.12,6.0,1,0,3.735233975914209,13.95197285482387,1.0,0.95,1.0,4
Masters 1000,Hard,2nd Round,1,2,48,7445,1017,1.02,17.0,0,0,3.779039588508322,14.281140211513147,1.0,0.95,1.0,5
Masters 1000,Hard,Quarterfinals,1,2,7,7445,4050,1.14,5.5,0,0,3.787253140869719,14.343286353027551,1.0,0.95,0.875,6
Masters 1000,Hard,Semifinals,1,2,3,7445,6260,1.4,3.0,0,0,3.7899909916568495,14.364031716840076,1.0,1.0,0.5348837209302325,7
Masters 1000,Hard,The Final,0,2,18,7445,1845,1.16,5.0,0,0,3.7927288424439816,14.384792072306464,1.0,1.0,1.0,8
Masters Cup,Hard,Round Robin,1,1,10,8045,3155,1.11,7.0,0,0,3.814631648741038,14.551414615576771,0.8,0.95,0.75,6
Masters Cup,Hard,Round Robin,1,1,5,8045,5085,1.14,5.5,0,0,3.820107350315304,14.593220167933012,0.8,0.95,0.5,5
Masters Cup,Hard,Round Robin,1,1,7,8045,4050,1.2,4.5,0,0,3.8255830518895664,14.635085686904688,0.8,0.95,0.8823529411764706,6
Masters Cup,Hard,Semifinals,1,1,6,8045,4310,1.11,7.0,0,0,3.828320902676701,14.65604093387135,0.8,0.95,0.875,7
Masters Cup,Hard,The Final,0,1,5,8045,5085,1.14,5.5,0,0,3.831058753463832,14.677011172491852,0.8,0.95,0.6666666666666666,8
ATP250,Hard,1st Round,1,1,47,9045,985,1.05,11.0,1,0,3.9515241880976433,15.614543409120738,0.8,0.9,0.8331527627302275,0
ATP250,Hard,2nd Round,1,1,36,9045,1122,1.04,13.0,1,0,3.954262038884778,15.6361882721652,0.8,0.9,1.0,1
ATP250,Hard,Quarterfinals,1,1,21,9045,1795,1.06,10.0,1,0,3.956999889671909,15.657848126863502,0.8,0.9,1.0,2
ATP250,Hard,Semifinals,0,1,24,9045,1605,1.16,5.0,1,0,3.95973774045904,15.679522973215668,0.8,0.9,0.8,3
Grand Slam,Hard,1st Round,1,1,230,9135,216,1.005,29.0,1,1,3.989854099117494,15.91893573224467,0.6,0.85,0.8327939590075513,4
Grand Slam,Hard,2nd Round,1,1,177,9135,290,1.06,10.0,1,1,3.99532980069176,15.962660216295658,0.8,0.85,0.6842105263157895,5
Grand Slam,Hard,3rd Round,1,1,27,9135,1440,1.05,11.0,1,1,4.000805502266022,16.00644466696208,0.8,0.85,0.8331539289558665,6
Grand Slam,Hard,4th Round,1,1,19,9135,1865,1.11,6.5,1,1,4.006281203840288,16.05028908424399,0.8,0.85,1.0,7
Grand Slam,Hard,Semifinals,1,1,31,9135,1245,1.05,11.0,1,1,4.0172326069888165,16.13815781865416,0.8,0.85,0.8335123523093448,8
Grand Slam,Hard,The Final,1,1,2,9135,7480,1.74,2.15,1,1,4.022708308563079,16.182182135782426,1.0,0.85,0.5625,9
Masters 1000,Hard,2nd Round,1,1,128,10955,452,1.02,17.0,1,0,4.137698041622627,17.120545083647727,1.0,0.85,1.0,0
Masters 1000,Hard,3rd Round,0,1,39,10955,1160,1.07,9.0,1,0,4.143173743196893,17.165888666316157,1.0,0.85,0.8888888888888888,1
Masters 1000,Hard,2nd Round,1,1,81,10990,679,1.04,13.0,1,0,4.173290101855343,17.416350274243783,0.8,0.8,1.0,2
Masters 1000,Hard,3rd Round,1,1,83,10990,676,1.04,13.0,1,0,4.176027952642478,17.439209461251327,0.8,0.8,0.8333333333333334,3
Masters 1000,Hard,4th Round,0,1,25,10990,1510,1.2,4.5,1,0,4.1815036542167405,17.484972810227955,0.8,0.8,0.6666666666666666,4
Masters 1000,Clay,2nd Round,1,1,40,11070,1090,1.16,5.0,1,0,4.238998520746517,17.969108458891156,0.6,0.7,0.8,3
Masters 1000,Clay,3rd Round,1,1,65,11070,810,1.07,9.0,1,0,4.244474222320779,18.01556142394558,0.6,0.7,0.832800851970181,4
Masters 1000,Clay,Quarterfinals,0,1,14,11070,2295,1.22,4.33,1,0,4.24721207310791,18.038810393953597,0.8,0.7,1.0,5
Masters 1000,Clay,2nd Round,1,1,57,11160,900,1.1,7.0,1,0,4.296493387276289,18.45985542690888,0.6,0.65,1.0,3
Masters 1000,Clay,3rd Round,1,1,47,11160,970,1.08,8.0,1,0,4.301969088850555,18.506938041425677,0.6,0.7,1.0,4
Masters 1000,Clay,Semifinals,1,1,5,11160,5085,1.8,2.0,1,0,4.307444790424817,18.554080622557898,0.8,0.7,0.7142857142857143,5
Masters 1000,Clay,The Final,1,1,9,11160,3190,1.4,3.0,1,0,4.310182641211949,18.57767440060481,0.8,0.7,0.0,6
Masters 1000,Clay,2nd Round,1,1,22,12115,1470,1.1,7.0,1,0,4.321134044360477,18.672199429331133,0.8,0.75,1.0,7
Masters 1000,Clay,3rd Round,1,1,56,12115,895,1.08,8.0,1,0,4.321134044360477,18.672199429331133,1.0,0.8,0.8181818181818182,7
Masters 1000,Clay,Quarterfinals,1,1,9,12115,3145,1.1,7.0,1,0,4.323871895147612,18.6958681656474,1.0,0.8,0.9375,8
Masters 1000,Clay,Semifinals,1,1,24,12115,1440,1.11,6.5,1,0,4.326609745934743,18.7195518936175,1.0,0.85,1.0,9
Masters 1000,Clay,The Final,0,1,2,12115,7945,2.75,1.44,1,0,4.329347596721874,18.743250613241464,1.0,0.85,0.5714285714285714,9
Grand Slam,Clay,1st Round,1,1,44,12355,1040,1.03,15.0,1,1,4.3512504030189305,18.933380069772404,0.8,0.8,0.8326315789473684,9
Grand Slam,Clay,2nd Round,1,1,104,12355,548,1.005,29.0,1,1,4.359463955380328,19.00492597826029,0.8,0.8,0.832807570977918,10
Grand Slam,Clay,3rd Round,1,1,147,12355,388,1.005,29.0,1,1,4.36493965695459,19.052698208854853,0.8,0.8,0.832983193277311,11
Grand Slam,Clay,4th Round,1,1,45,12355,1035,1.04,13.0,1,1,4.370415358528859,19.100530406064937,0.8,0.85,1.0,12
Grand Slam,Clay,Quarterfinals,1,1,5,12355,4360,1.1,7.0,1,1,4.378628910890249,19.17239113928393,0.8,0.85,0.5,13
Grand Slam,Clay,Semifinals,0,1,4,12355,4685,1.44,2.75,1,1,4.384104612464519,19.22037325303267,1.0,0.85,0.75,13
Grand Slam,Grass,1st Round,1,1,57,12415,885,1.03,15.0,1,1,4.447075180568554,19.776477661628835,0.8,0.9,0.8333333333333334,4
Grand Slam,Grass,2nd Round,1,1,111,12415,520,1.01,26.0,1,1,4.452550882142816,19.82520935807077,0.8,0.95,0.832810867293626,4
Grand Slam,Grass,3rd Round,1,1,48,12415,959,1.01,23.0,1,1,4.458026583717086,19.87400102112823,0.8,0.95,1.0,4
Grand Slam,Grass,4th Round,1,1,66,12415,822,1.02,17.0,1,1,4.466240136078483,19.947300953118344,0.8,0.95,0.8331595411887383,4
Grand Slam,Grass,Quarterfinals,1,1,23,12415,1510,1.08,8.0,1,1,4.471715837652745,19.99624253271439,0.8,0.95,0.8333333333333334,4
Grand Slam,Grass,Semifinals,1,1,22,12415,1600,1.08,8.0,1,1,4.477191539227007,20.0452440789259,1.0,0.95,0.5714285714285714,5
Grand Slam,Grass,The Final,1,1,3,12415,6620,1.55,2.6,1,1,4.48266724080127,20.094305591752867,1.0,0.95,0.5454545454545454,6
Masters 1000,Hard,2nd Round,1,1,45,12325,1035,1.1,7.0,1,0,4.564802764415234,20.83742427801296,1.0,0.8,0.75,1
Masters 1000,Hard,3rd Round,1,1,53,12325,962,1.06,10.0,1,0,4.573016316776631,20.9124782335053,1.0,0.8,1.0,1
Masters 1000,Hard,Quarterfinals,1,1,31,12325,1340,1.04,13.0,1,0,4.575754167563765,20.937526201977168,1.0,0.8,1.0,2
Masters 1000,Hard,Semifinals,0,1,8,12325,3230,1.33,3.4,1,0,4.575754167563765,20.937526201977168,1.0,0.8,0.6666666666666666,2
Grand Slam,Hard,1st Round,1,1,76,11685,787,1.005,34.0,1,1,4.60039482464795,21.16363254264764,0.8,0.75,0.8335056876938987,4
Grand Slam,Hard,2nd Round,1,1,56,11685,970,1.01,26.0,1,1,4.608608377009347,21.239271172640724,0.8,0.8,0.8336776859504132,5
Grand Slam,Hard,3rd Round,1,1,111,11685,491,1.08,8.0,1,1,4.614084078583616,21.289771884238817,0.8,0.8,1.0,6
ATP500,Hard,1st Round,1,1,94,9865,596,1.11,6.5,1,0,4.698957452984708,22.08020114496053,0.8,0.8,0.8340206185567011,0
ATP500,Hard,2nd Round,1,1,133,9865,412,1.04,13.0,1,0,4.701695303771842,22.1059387295102,0.8,0.8,0.8341915550978373,1
ATP500,Hard,Quarterfinals,1,1,24,9865,1520,1.14,5.5,1,0,4.707171005346105,22.15745887357106,1.0,0.85,1.0,2
ATP500,Hard,Semifinals,1,1,15,9865,2055,1.14,5.5,1,0,4.709908856133239,22.18324143308232,1.0,0.85,0.8571428571428571,3
ATP500,Hard,The Final,1,1,80,9865,691,1.05,11.0,1,0,4.712646706920367,22.20903898424738,1.0,0.85,1.0,4
Masters 1000,Hard,2nd Round,1,1,36,10365,1220,1.1,7.0,1,0,4.720860259281764,22.286521587665884,1.0,0.85,1.0,5
Masters 1000,Hard,3rd Round,1,1,17,10365,1895,1.11,6.5,1,0,4.723598110068899,22.312379105446475,1.0,0.85,0.7777777777777778,6
Masters 1000,Hard,Quarterfinals,0,1,7,10365,3630,1.14,5.5,1,0,4.7263359608560265,22.33825161488086,1.0,0.85,0.5,7
Masters 1000,Hard,2nd Round,1,1,97,9545,584,1.03,15.0,0,0,4.778355125811537,22.832677708369385,0.8,0.8,0.8343558282208589,8
Masters 1000,Hard,3rd Round,1,1,75,9545,710,1.1,7.0,0,0,4.781092976598671,22.858850050881145,0.8,0.8,0.8,9
Masters 1000,Hard,Quarterfinals,1,1,7,9545,3830,1.3,3.5,0,0,4.783830827385806,22.885037385046765,0.8,0.85,0.3333333333333333,9
Masters 1000,Hard,Semifinals,1,1,27,9545,1477,1.12,6.0,0,0,4.786568678172934,22.911239710866187,0.8,0.85,0.8888888888888888,9
Masters 1000,Hard,The Final,1,1,28,9545,1460,1.12,6.0,0,0,4.7893065289600685,22.93745702833954,0.8,0.85,1.0,10
Grand Slam,Hard,1st Round,1,2,37,9720,1270,1.01,23.0,1,1,5.002858890356372,25.028597076817785,1.0,0.9,1.0,0
Grand Slam,Hard,2nd Round,1,2,146,9720,362,1.005,29.0,1,1,5.008334591930634,25.08341538472899,1.0,0.9,0.8353658536585366,1
Grand Slam,Hard,3rd Round,1,2,71,9720,797,1.01,23.0,1,1,5.013810293504903,25.138293659255726,1.0,0.9,0.8355329949238579,2
Grand Slam,Hard,4th Round,1,2,14,9720,2130,1.04,13.0,1,1,5.019285995079166,25.19323190039785,1.0,0.9,1.0,3
Grand Slam,Hard,Quarterfinals,1,2,35,9720,1305,1.12,6.0,1,1,5.024761696653428,25.24823010815544,1.0,0.95,1.0,4
Grand Slam,Hard,Semifinals,1,2,3,9720,6590,1.11,6.5,1,1,5.03023739822769,25.303288282528484,1.0,0.95,0.5555555555555556,5
Grand Slam,Hard,The Final,1,2,5,9720,5890,1.25,4.0,1,1,5.038450950589088,25.38598798149208,1.0,0.95,0.6666666666666666,6
ATP500,Hard,2nd Round,1,1,80,9720,704,1.02,19.0,1,0,5.104159369480257,26.052442869053092,1.0,0.95,0.8461538461538461,4
ATP500,Hard,Quarterfinals,1,1,17,9720,2040,1.07,9.0,1,0,5.106897220267392,26.08039921837481,1.0,0.95,0.5,5
ATP500,Hard,Semifinals,1,1,9,9720,2860,1.11,6.5,1,0,5.109635071054527,26.1083705593504,1.0,0.95,1.0,5
ATP500,Hard,The Final,1,1,6,9720,4745,1.3,3.5,1,0,5.112372921841654,26.136356891979773,1.0,0.95,0.5,6
Masters 1000,Hard,3rd Round,1,1,55,10220,923,1.16,5.0,1,0,5.599710361951168,31.35675613774328,1.0,0.95,1.0,0
Masters 1000,Hard,2nd Round,1,1,72,10220,739,1.07,9.0,1,0,5.599710361951168,31.35675613774328,1.0,0.95,1.0,0
Masters 1000,Hard,Quarterfinals,1,1,34,10220,1315,1.14,5.5,1,0,5.602448212738302,31.3874259764146,1.0,0.95,1.0,2
Masters 1000,Hard,Semifinals,1,1,12,10220,2360,1.2,4.5,1,0,5.607923914312565,31.44881062871876,1.0,1.0,0.625,3
Masters 1000,Hard,The Final,1,1,30,10220,1350,1.36,3.2,1,0,5.6106617650997,31.47952544235168,1.0,1.0,1.0,4
Grand Slam,Hard,1st Round,1,1,109,10860,524,1.01,26.0,1,1,5.618875317461097,31.571759833173537,1.0,1.0,1.0,5
Grand Slam,Hard,2nd Round,1,1,44,10860,1050,1.03,15.0,1,1,5.621613168248224,31.60253461342184,1.0,1.0,0.8333333333333334,6
Grand Slam,Hard,3rd Round,1,1,29,10860,1405,1.05,11.0,1,1,5.629826720609621,31.694948904090083,1.0,1.0,1.0,7
Masters 1000,Clay,2nd Round,1,1,87,10860,703,1.04,13.0,1,0,5.659943079268075,32.03495566055458,1.0,0.8,1.0,8
Masters 1000,Clay,3rd Round,1,1,29,10860,1583,1.16,5.0,1,0,5.665418780842337,32.09696996232108,1.0,0.8,0.8386454183266933,9
Masters 1000,Clay,Quarterfinals,1,1,97,10860,652,1.03,15.0,1,0,5.668156631629472,32.127999600685165,1.0,0.85,0.8388059701492537,10
Masters 1000,Clay,Semifinals,1,1,34,10860,1359,1.16,5.0,1,0,5.670894482416607,32.15904423070312,1.0,0.85,0.8389662027833003,11
Masters 1000,Clay,The Final,1,1,15,10860,2265,1.16,5.0,1,0,5.673632333203734,32.190103852374854,1.0,0.85,1.0,12
Grand Slam,Clay,1st Round,1,1,80,11260,763,1.01,23.0,1,1,5.695535139500791,32.439120525288295,1.0,0.9,0.8392857142857143,8
Grand Slam,Clay,3rd Round,1,1,153,11260,379,1.005,34.0,1,1,5.706486542649323,32.56398866143782,1.0,0.9,0.8396039603960396,8
Grand Slam,Clay,4th Round,1,1,16,11260,2200,1.04,13.0,1,1,5.711962244223585,32.626512679435734,1.0,0.9,0.6666666666666666,9
Grand Slam,Clay,Quarterfinals,1,1,18,11260,2130,1.06,10.0,1,1,5.717437945797848,32.68909666404911,1.0,0.9,1.0,9
Grand Slam,Clay,Semifinals,1,1,6,11260,5385,1.33,3.4,1,1,5.722913647372117,32.751740615278024,1.0,0.9,0.6,10
Grand Slam,Clay,The Final,0,1,2,11260,9850,2.1,1.72,1,1,5.728389348946379,32.81444453312233,1.0,0.9,0.56,11
ATP500,Hard,1st Round,1,1,30,11740,1628,1.08,8.0,0,0,5.772194961540492,33.31823467403345,0.8,1.0,1.0,7
ATP500,Hard,2nd Round,1,1,24,11740,1820,1.12,6.0,0,0,5.774932812327627,33.34984898689827,0.8,1.0,1.0,8
ATP500,Hard,Quarterfinals,0,1,42,11740,1253,1.03,15.0,0,0,5.7804085139018895,33.41312258758945,0.8,1.0,0.839724680432645,8
Masters Cup,Hard,Round Robin,1,1,9,11830,3455,1.12,6.0,0,0,5.826951977283137,33.953369345563864,0.6,0.95,1.0,3
Masters Cup,Hard,Round Robin,0,1,4,11830,6970,1.4,2.75,0,0,5.8324276788574,34.01721262910191,0.6,0.95,0.5,4
Masters Cup,Hard,Round Robin,1,1,7,11830,5525,1.33,3.25,0,0,5.837903380431662,34.08111587925543,0.6,0.9,0.6,5
Masters Cup,Hard,Semifinals,0,1,3,11830,9125,1.57,2.25,0,0,5.840641231218797,34.11308999181302,0.6,0.9,0.7,6
Grand Slam,Hard,1st Round,1,1,61,12030,1020,1.01,26.0,1,1,6.056931443402227,36.68641851007459,0.4,0.85,1.0,0
Grand Slam,Hard,3rd Round,1,1,31,12030,1695,1.01,21.0,1,1,6.067882846550759,36.81920223946494,0.6,0.85,1.0,2
Grand Slam,Hard,4th Round,1,1,14,12030,2630,1.44,2.75,1,1,6.073358548125022,36.88568405408327,0.8,0.85,1.0,3
Grand Slam,Hard,Quarterfinals,1,1,7,12030,5615,1.57,2.37,1,1,6.078834249699284,36.95222583531706,0.8,0.85,0.6666666666666666,4
Grand Slam,Hard,Semifinals,1,1,114,12030,642,1.07,9.0,1,1,6.0843099512735535,37.01882758316639,1.0,0.85,0.8383641674780915,5
Grand Slam,Hard,The Final,1,1,4,12030,8715,1.83,2.0,1,1,6.092523503634951,37.11884264234429,1.0,0.85,0.4,6
Masters 1000,Clay,2nd Round,1,1,22,11963,2369,1.33,3.4,1,0,6.234891744565815,38.87387506645494,1.0,0.85,0.8386783284742468,0
Masters 1000,Clay,3rd Round,0,1,33,11963,1825,1.05,11.0,1,0,6.237629595352949,38.908022968823,1.0,0.85,0.8388349514563107,1
ATP250,Clay,2nd Round,1,1,85,11873,910,1.01,21.0,1,0,6.254056700075743,39.1132252077623,0.8,0.85,0.8380213385063046,2
ATP250,Clay,Quarterfinals,1,1,47,11873,1364,1.05,11.0,1,0,6.259532401650006,39.18174588730629,0.8,0.85,0.8381782945736435,3
ATP250,Clay,Semifinals,0,1,28,11873,1946,1.12,6.0,1,0,6.2622702524371405,39.21602871455913,0.8,0.85,1.0,4
Masters 1000,Clay,2nd Round,1,1,31,11463,1830,1.11,6.5,1,0,6.308813715818381,39.80113050089813,0.6,0.8,1.0,5
Masters 1000,Clay,3rd Round,1,1,48,11463,1328,1.16,5.0,1,0,6.314289417392651,39.87025084659682,0.6,0.8,0.8376811594202899,6
Masters 1000,Clay,Semifinals,1,1,33,11463,1817,1.16,5.0,1,0,6.319765118966913,39.93943115891088,0.8,0.85,0.0,6
Masters 1000,Clay,Quarterfinals,1,1,5,11463,7610,1.57,2.37,1,0,6.319765118966913,39.93943115891088,0.8,0.8,0.6666666666666666,6
Masters 1000,Clay,The Final,0,1,3,11463,9630,2.62,1.5,1,0,6.322502969754048,39.97404380254876,0.8,0.85,0.5490196078431373,7
ATP250,Clay,2nd Round,1,1,253,11063,241,1.01,26.0,1,0,6.347143626838232,40.28623221971319,0.8,0.8,0.8373435996150145,5
ATP250,Clay,Quarterfinals,1,1,96,11063,808,1.02,19.0,1,0,6.352619328412494,40.35577233172001,0.8,0.8,0.8375,6
ATP250,Clay,Semifinals,1,1,119,11063,673,1.02,19.0,1,0,6.355357179199629,40.39056487520427,0.8,0.8,0.8376560999039385,7
ATP250,Clay,The Final,1,1,255,11063,237,1.02,19.0,1,0,6.358095029986764,40.42537241034238,0.8,0.8,0.8378119001919386,8
Grand Slam,Clay,2nd Round,1,1,92,11313,846,1.02,19.0,1,1,6.371784283922423,40.59963496084079,1.0,0.8,0.8381226053639846,10
Grand Slam,Clay,Quarterfinals,1,1,9,11313,3958,1.16,5.0,1,1,6.388211388645217,40.80924474601646,1.0,0.8,0.8384321223709369,12
Grand Slam,Clay,Semifinals,1,1,3,11313,9630,3.0,1.4,1,1,6.39368709021948,40.87923460763924,1.0,0.8,0.5384615384615384,12
Grand Slam,Clay,The Final,1,1,5,11313,7500,1.4,3.0,1,1,6.399162791793742,40.94928443587748,1.0,0.8,0.7142857142857143,12
Grand Slam,Grass,1st Round,1,1,253,12113,255,1.01,26.0,1,1,6.440230553600728,41.47656958353233,1.0,0.95,0.8388941849380362,7
Grand Slam,Grass,2nd Round,1,1,102,12113,753,1.02,19.0,1,1,6.44570625517499,41.54712912800199,1.0,0.95,0.8888888888888888,7
Grand Slam,Grass,3rd Round,1,1,114,12113,698,1.02,19.0,1,1,6.451181956749252,41.61774863908711,1.0,0.95,1.0,7
Grand Slam,Grass,4th Round,1,1,20,12113,2440,1.01,21.0,1,1,6.459395509110649,41.72379034311883,1.0,0.95,0.8393536121673004,7
Grand Slam,Grass,Quarterfinals,1,1,48,12113,1344,1.03,15.0,1,1,6.464871210684912,41.7945597707426,1.0,0.95,1.0,7
Grand Slam,Grass,Semifinals,1,1,12,12113,2915,1.08,8.0,1,1,6.470346912259181,41.86538916498192,1.0,0.95,1.0,8
Grand Slam,Grass,The Final,1,1,9,12113,4468,1.22,4.5,1,1,6.475822613833444,41.93627852583661,1.0,1.0,1.0,8
Grand Slam,Hard,1st Round,1,1,145,11113,541,1.01,23.0,1,1,6.618190854764315,43.80045019008601,1.0,0.85,0.8399621212121212,0
Grand Slam,Hard,2nd Round,1,1,121,11113,675,1.01,26.0,1,1,6.623666556338577,43.87295864955814,1.0,0.85,0.8401135288552507,1
Grand Slam,Hard,3rd Round,1,1,56,11113,1208,1.03,15.0,1,1,6.626404407125705,43.909235366774965,1.0,0.85,0.8823529411764706,2
Grand Slam,Hard,4th Round,1,1,99,11113,812,1.03,15.0,1,1,6.634617959487102,44.0181554683488,1.0,0.85,0.8404154863078376,3
Grand Slam,Hard,Quarterfinals,1,1,8,11113,5533,1.1,7.0,1,1,6.640093661061371,44.090843827667406,1.0,0.85,1.0,4
Grand Slam,Hard,Semifinals,1,1,4,11113,8240,1.4,3.0,1,1,6.645569362635634,44.16359215360138,1.0,0.85,0.7142857142857143,5
Grand Slam,Hard,The Final,0,1,2,11113,9980,1.4,3.0,1,1,6.648307213422761,44.19998880404912,1.0,0.85,0.5,6
Masters 1000,Hard,2nd Round,1,1,40,10340,1439,1.08,8.0,0,0,6.787937603566505,46.07609690991218,0.8,0.8,1.0,0
Masters 1000,Hard,Quarterfinals,1,1,26,10340,1890,1.22,4.33,0,0,6.796151155927895,46.18767053422006,0.8,0.8,1.0,1
Masters 1000,Hard,Semifinals,1,1,10,10340,3366,1.16,5.0,0,0,6.798889006715029,46.22489172563048,0.8,0.85,1.0,2
Masters 1000,Hard,The Final,1,1,2,10340,9540,2.0,1.8,0,0,6.801626857502164,46.262127908694765,0.8,0.85,0.4285714285714285,3
Masters Cup,Hard,Round Robin,1,1,8,10940,3760,1.11,6.5,0,0,6.823529663799221,46.56055707274791,0.8,0.9,1.0,4
Masters Cup,Hard,Round Robin,1,1,5,10940,4950,1.22,4.33,0,0,6.829005365373483,46.635314280299816,1.0,0.9,0.8408239700374532,5
Masters Cup,Hard,Round Robin,1,1,12,10940,2945,1.14,5.5,0,0,6.834481066947745,46.7101314544672,1.0,0.95,0.8409728718428437,6
Masters Cup,Hard,Semifinals,0,1,3,10940,6540,1.4,3.0,0,0,6.83721891773488,46.747562529031725,1.0,0.95,0.75,7
ATP500,Hard,1st Round,1,1,58,8875,1010,1.06,10.0,1,0,7.0918390409381615,50.2941809825747,0.8,0.9,0.8403361344537815,0
ATP500,Hard,2nd Round,1,1,26,8875,1770,1.12,6.0,1,0,7.097314742512431,50.37187655428429,0.8,0.9,0.75,1
ATP500,Hard,Quarterfinals,0,1,123,8875,550,1.05,11.0,1,0,7.100052593299559,50.41074682761979,0.8,0.9,0.0,2
Masters 1000,Clay,2nd Round,0,1,46,8420,1095,1.16,5.0,1,0,7.22873158029477,52.25456025995093,0.6,0.85,1.0,0
ATP250,Clay,2nd Round,1,1,50,8340,991,1.14,5.5,1,0,7.250634386591827,52.57169900802784,0.4,0.8,0.8390697674418605,1
ATP250,Clay,Quarterfinals,1,1,38,8340,1211,1.53,2.5,1,0,7.2533722373789615,52.611408813979885,0.6,0.85,1.0,2
ATP250,Clay,Semifinals,1,1,26,8340,1566,1.25,4.0,1,0,7.258847938953224,52.69087340084547,0.6,0.85,0.8,3
ATP250,Clay,The Final,0,1,8,8340,3865,1.4,3.0,1,0,7.261585789740359,52.73062818175911,0.6,0.85,1.0,4
Masters 1000,Clay,2nd Round,1,1,21,8400,1745,1.2,4.5,1,0,7.286226446824543,53.0890958344054,0.6,0.85,1.0,5
Masters 1000,Clay,Quarterfinals,1,1,14,8400,3008,1.3,3.5,1,0,7.29443999918594,53.208854901723775,0.8,0.85,1.0,6
Masters 1000,Clay,Semifinals,0,1,9,8400,3818,1.72,2.1,1,0,7.297177849973075,53.24880457413767,0.8,0.85,0.8390379278445883,7
Masters 1000,Clay,2nd Round,1,1,35,8260,1173,1.08,8.0,1,0,7.305391402334472,53.36874354130242,0.6,0.8,0.5,8
Masters 1000,Clay,3rd Round,1,1,361,8260,119,1.07,9.0,1,0,7.310867103908734,53.44877781101488,0.6,0.8,0.8,9
Masters 1000,Clay,Quarterfinals,1,1,9,8260,3760,1.16,5.0,1,0,7.313604954695862,53.488817433351855,0.8,0.85,0.8385608856088561,9
Masters 1000,Clay,Semifinals,1,1,10,8260,3760,1.2,4.5,1,0,7.316342805482996,53.5288720473428,0.8,0.85,1.0,10
Masters 1000,Clay,The Final,1,1,5,8260,5750,1.44,2.75,1,0,7.319080656270131,53.56894165298761,0.8,0.85,0.75,11
Grand Slam,Clay,1st Round,1,1,99,8660,654,1.01,26.0,1,1,7.340983462567188,53.89003819768494,1.0,0.85,1.0,10
Grand Slam,Clay,2nd Round,1,1,38,8660,1163,1.03,15.0,1,1,7.34645916414145,53.97046225039789,1.0,0.85,1.0,9
Grand Slam,Clay,3rd Round,1,1,195,8660,291,1.01,21.0,1,1,7.351934865715712,54.05094626972631,1.0,0.85,1.0,10
Grand Slam,Clay,4th Round,1,1,16,8660,2505,1.07,9.0,1,1,7.357410567289982,54.13149025567029,1.0,0.85,1.0,11
Grand Slam,Clay,Quarterfinals,0,1,5,8660,5525,1.44,2.75,1,1,7.362886268864244,54.21209420822963,1.0,0.85,0.5471698113207547,12
Grand Slam,Grass,1st Round,1,3,81,6770,698,1.005,34.0,1,1,7.436808240116811,55.3061168002693,0.8,1.0,1.0,2
Grand Slam,Grass,2nd Round,1,3,79,6770,728,1.02,17.0,1,1,7.442283941691073,55.38759026875282,0.8,1.0,1.0,2
Grand Slam,Grass,3rd Round,1,3,30,6770,1306,1.02,17.0,1,1,7.447759643265336,55.4691237038518,0.8,1.0,1.0,2
Grand Slam,Grass,4th Round,1,3,104,6770,546,1.05,11.0,1,1,7.453235344839605,55.55071710556635,0.8,1.0,0.8392694063926941,3
Grand Slam,Grass,Quarterfinals,1,3,13,6770,3185,1.11,6.5,1,1,7.4587110464138675,55.63237047389625,0.8,1.0,1.0,4
Grand Slam,Grass,Semifinals,1,3,12,6770,3200,1.06,10.0,1,1,7.466924598775265,55.75496296379514,1.0,1.0,1.0,5
Grand Slam,Grass,The Final,1,3,40,6770,1070,1.28,3.75,1,1,7.472400300349527,55.8367662486637,1.0,1.0,0.0,6
ATP250,Hard,2nd Round,1,7,115,3570,468,1.03,15.0,0,0,7.694166214107227,59.20019373030914,1.0,0.85,1.0,0
ATP250,Hard,Quarterfinals,1,7,149,3570,363,1.06,10.0,0,0,7.696904064894362,59.24233218418735,1.0,0.85,1.0,1
ATP250,Hard,Semifinals,1,7,104,3570,506,1.06,10.0,0,0,7.6996419156814895,59.28448562971932,1.0,0.85,0.8401453224341507,2
ATP250,Hard,The Final,1,7,16,3570,2345,1.25,4.0,0,0,7.702379766468624,59.326654066905256,1.0,0.85,0.8888888888888888,3
ATP500,Hard,1st Round,1,7,81,3820,640,1.05,11.0,0,0,7.710593318830021,59.45324932838616,1.0,0.85,1.0,4
ATP500,Hard,2nd Round,1,7,34,3820,1233,1.08,8.0,0,0,7.713331169617149,59.49547773218745,1.0,0.85,0.8405797101449275,5
ATP500,Hard,Quarterfinals,1,7,18,3820,1990,1.12,6.0,0,0,7.716069020404284,59.53772112764272,1.0,0.85,0.8333333333333334,6
ATP500,Hard,The Final,1,7,6,3820,4810,1.25,4.0,0,0,7.721544721978546,59.62225289351474,1.0,0.85,0.7777777777777778,7
Masters 1000,Hard,2nd Round,1,7,34,4320,1254,1.06,10.0,0,0,7.784515290082588,60.5986783015296,1.0,0.85,0.8410117434507678,5
Masters 1000,Hard,3rd Round,1,7,19,4320,1945,1.08,8.0,0,0,7.78999099165685,60.68395965009488,1.0,0.9,0.8571428571428571,5
Masters 1000,Hard,Quarterfinals,1,7,23,4320,1746,1.11,6.5,0,0,7.792728842443985,60.72662281185837,1.0,0.9,1.0,6
Masters 1000,Hard,Semifinals,1,7,5,4320,5035,1.2,4.5,0,0,7.795466693231113,60.76930096527562,1.0,0.9,0.8,6
Masters 1000,Hard,The Final,0,7,18,4320,1991,1.25,4.0,0,0,7.798204544018247,60.811994110346845,1.0,0.9,1.0,6
Masters Cup,Hard,Round Robin,1,8,3,3320,5350,1.33,3.4,0,0,7.820107350315304,61.15407897045544,0.8,0.85,0.8181818181818182,5
Masters Cup,Hard,Round Robin,1,8,7,3320,3530,1.3,3.5,0,0,7.825583051889566,61.23975010202122,0.8,0.85,0.5,6
Masters Cup,Hard,Round Robin,1,8,5,3320,4065,1.33,3.4,0,0,7.831058753463836,61.32548120020257,0.8,0.85,0.5,7
Masters Cup,Hard,Semifinals,1,8,9,3320,2955,1.22,4.33,0,0,7.8337966042509635,61.36836923677393,0.8,0.85,1.0,8
Masters Cup,Hard,The Final,1,8,4,3320,5020,1.22,4.33,0,0,7.836534455038098,61.41127226499926,0.8,0.9,1.0,9
ATP250,Hard,1st Round,1,5,65,4820,760,1.03,17.0,1,0,7.956999889671906,63.31384724423872,1.0,0.9,0.8415398388540735,0
ATP250,Hard,2nd Round,1,5,64,4820,767,1.03,15.0,1,0,7.962475591246175,63.40101754119112,1.0,0.9,1.0,1
ATP250,Hard,Quarterfinals,1,5,18,4820,2075,1.14,5.5,1,0,7.965213442033303,63.44462517714801,1.0,0.95,1.0,2
ATP250,Hard,Semifinals,1,5,7,4820,4065,1.53,2.5,1,0,7.967951292820437,63.48824780475888,1.0,0.95,0.5555555555555556,3
ATP250,Hard,The Final,1,5,33,4820,1175,1.14,5.5,1,0,7.970689143607572,63.53188542402361,1.0,0.95,0.8421052631578947,4
Grand Slam,Hard,1st Round,1,5,75,5070,695,1.01,29.0,1,1,7.995329800691756,63.92529862182968,1.0,0.95,1.0,5
Grand Slam,Hard,2nd Round,1,5,191,5070,302,1.01,29.0,1,1,8.000805502266026,64.01288868509032,1.0,0.95,0.8423864648263579,6
Grand Slam,Hard,3rd Round,1,5,28,5070,1395,1.2,4.5,1,1,8.006281203840288,64.10053871496629,1.0,0.95,0.9,7
Grand Slam,Hard,4th Round,1,5,24,5070,1710,1.2,4.5,1,1,8.01175690541455,64.18824871145773,1.0,0.95,0.8426666666666667,8
Grand Slam,Hard,Quarterfinals,1,5,6,5070,3930,1.11,6.5,1,1,8.017232606988813,64.27601867456464,1.0,0.95,0.6666666666666666,9
Grand Slam,Hard,Semifinals,1,5,35,5070,1160,1.05,11.0,1,1,8.022708308563082,64.36384860428711,1.0,0.95,0.8429458740017747,10
Grand Slam,Hard,The Final,1,5,4,5070,5715,1.2,4.8,1,1,8.028184010137345,64.45173850062494,1.0,0.95,0.8333333333333334,11
ATP500,Hard,1st Round,1,1,130,6980,435,1.05,11.0,1,0,8.110319533751309,65.77728293954804,1.0,0.95,0.8432240921169176,1
ATP500,Hard,2nd Round,1,1,39,6980,989,1.06,10.0,1,0,8.113057384538436,65.82170012481365,1.0,0.95,1.0,1
ATP500,Hard,Quarterfinals,1,1,11,6980,3065,1.1,7.0,1,0,8.115795235325571,65.86613230173324,1.0,0.95,1.0,2
ATP500,Hard,Semifinals,0,1,7,6980,3320,1.44,2.75,1,0,8.118533086112706,65.91057947030669,1.0,1.0,0.6,3
Masters 1000,Clay,2nd Round,1,1,198,7160,292,1.02,19.0,1,0,8.225309266810854,67.6557125346845,0.8,0.8,0.8428949691085613,0
Masters 1000,Clay,3rd Round,0,1,21,7160,1840,1.17,5.0,1,0,8.230784968385116,67.74582119579438,0.8,0.8,1.0,1
ATP250,Clay,2nd Round,1,1,87,7240,672,1.06,10.0,1,0,8.24721207310791,68.01650697881688,0.6,0.75,0.8422907488986784,2
ATP250,Clay,Quarterfinals,0,1,70,7240,744,1.08,8.0,1,0,8.252687774682173,68.10685550638858,0.6,0.8,1.0,3
Masters 1000,Clay,2nd Round,1,1,61,6775,826,1.11,6.5,1,0,8.310182641211952,69.05913553030045,0.4,0.75,0.841688654353562,3
Masters 1000,Clay,3rd Round,1,1,33,6775,1125,1.14,5.5,1,0,8.315658342786215,69.15017367394996,0.6,0.75,0.9090909090909092,3
Masters 1000,Clay,4th Round,1,1,13,6775,2680,1.17,5.0,1,0,8.321134044360477,69.24127178421494,0.6,0.75,1.0,4
Masters 1000,Clay,Quarterfinals,0,1,7,6775,3865,1.33,3.4,1,0,8.323871895147612,69.28684332682829,0.8,0.8,0.5,5
Grand Slam,Clay,1st Round,1,3,114,5955,545,1.01,29.0,1,1,8.356726104593193,69.83487118718932,0.6,0.75,0.8413672217353199,4
Grand Slam,Clay,2nd Round,1,3,83,5955,720,1.05,11.0,1,1,8.362201806167462,69.92641904707037,0.8,0.75,1.0,5
Grand Slam,Clay,3rd Round,1,3,34,5955,1115,1.13,6.0,1,1,8.367677507741725,70.01802687356677,0.8,0.8,0.5,6
Grand Slam,Clay,4th Round,1,3,94,5955,661,1.03,15.0,1,1,8.373153209315987,70.1096946666786,0.8,0.8,0.8417832167832168,7
Grand Slam,Clay,Quarterfinals,1,3,11,5955,2945,1.08,8.0,1,1,8.37862891089025,70.20142242640593,0.8,0.8,0.875,8
Grand Slam,Clay,Semifinals,1,3,1,5955,6815,2.63,1.5,1,1,8.386842463251647,70.33912650340095,1.0,0.8,0.0,9
Grand Slam,Clay,The Final,1,3,4,5955,4960,1.2,4.8,1,1,8.392318164825916,70.43100417966703,1.0,0.8,1.0,10
Grand Slam,Grass,1st Round,1,2,68,7595,772,1.01,34.0,1,1,8.452550882142816,71.4456164152133,1.0,1.0,0.8423344947735192,4
Grand Slam,Grass,2nd Round,1,2,70,7595,769,1.03,15.0,1,1,8.458026583717086,71.53821369086491,1.0,1.0,0.8424717145343777,4
Grand Slam,Grass,3rd Round,1,2,88,7595,674,1.04,15.0,1,1,8.463502285291348,71.63087093313187,1.0,1.0,0.8095238095238095,4
Grand Slam,Grass,4th Round,1,2,18,7595,2060,1.05,11.0,1,1,8.471715837652745,71.76996923393635,1.0,1.0,1.0,4
Grand Slam,Grass,Quarterfinals,1,2,7,7595,4255,1.07,9.0,1,1,8.474453688439873,71.81636531751217,1.0,1.0,0.75,5
Grand Slam,Grass,Semifinals,1,2,8,7595,3345,1.2,4.5,1,1,8.48266724080127,71.95564351816303,1.0,1.0,1.0,5
Grand Slam,Grass,The Final,0,2,1,7595,7675,1.53,2.63,1,1,8.48814294237554,72.04857061019968,1.0,1.0,0.5,6
Masters 1000,Hard,3rd Round,1,2,211,8795,297,1.13,6.0,1,0,8.578492018350893,73.59052530890997,0.8,0.95,1.0,0
Masters 1000,Hard,Quarterfinals,1,2,9,8795,3605,1.22,4.33,1,0,8.581229869138028,73.63750606698666,0.8,0.95,1.0,1
Masters 1000,Hard,The Final,1,2,1,8795,9395,1.62,2.3,1,0,8.583967719925162,73.68450181671719,0.8,0.95,0.3333333333333333,2
Masters 1000,Hard,Semifinals,1,2,17,8795,2310,1.29,3.75,1,0,8.583967719925162,73.68450181671719,0.8,0.95,0.6666666666666666,2
Grand Slam,Hard,1st Round,1,2,84,9795,697,1.01,29.0,1,1,8.608608377009347,74.1081381887155,0.8,0.95,0.8429680759275238,4
Grand Slam,Hard,2nd Round,1,2,76,9795,776,1.01,34.0,1,1,8.611346227796481,74.15528385498469,1.0,0.95,0.843103448275862,5
Grand Slam,Hard,3rd Round,1,2,38,9795,1110,1.01,26.0,1,1,8.619559780157878,74.29681080371533,1.0,0.95,1.0,6
Grand Slam,Hard,4th Round,1,2,105,9795,559,1.02,19.0,1,1,8.62503548173214,74.39123706113838,1.0,0.95,0.8433734939759037,7
Grand Slam,Hard,Quarterfinals,1,2,9,9795,3605,1.13,6.0,1,1,8.627773332519276,74.43847267733076,1.0,0.95,1.0,8
Grand Slam,Hard,Semifinals,1,2,47,9795,1015,1.06,10.0,1,1,8.635986884880673,74.58026947583099,1.0,0.95,0.8436426116838488,9
Grand Slam,Hard,The Final,1,2,3,9795,6260,1.44,2.88,1,1,8.641462586454935,74.67487563310041,1.0,0.95,0.5454545454545454,10
Masters 1000,Hard,2nd Round,1,1,31,11045,1380,1.05,11.0,0,0,8.783830827385806,77.15568400413322,1.0,0.95,1.0,0
Masters 1000,Hard,3rd Round,1,1,23,11045,1570,1.1,7.0,0,0,8.786568678172934,77.20378913624965,1.0,0.95,1.0,1
Masters 1000,Hard,Quarterfinals,1,1,7,11045,4280,1.29,3.75,0,0,8.789306528960068,77.25190926002008,1.0,0.95,0.3333333333333333,2
Masters 1000,Hard,Semifinals,1,1,5,11045,4935,1.36,3.2,0,0,8.792044379747203,77.30004437544439,1.0,0.95,0.8,3
Masters 1000,Hard,The Final,1,1,17,11045,2060,1.33,3.4,0,0,8.79478223053433,77.34819448252242,1.0,0.95,0.9166666666666666,4
Masters Cup,Hard,Round Robin,1,1,10,11445,3460,1.2,4.5,0,0,8.81394718604426,77.68566499837752,1.0,0.95,0.5,5
Masters Cup,Hard,Round Robin,0,1,4,11445,5490,1.62,2.3,0,0,8.819422887618522,77.78222007064943,1.0,0.95,1.0,6
Masters Cup,Hard,Round Robin,1,1,11,11445,3245,1.14,5.5,0,0,8.824898589192784,77.8788351095368,0.8,0.9,1.0,7
Masters Cup,Hard,Semifinals,1,1,2,11445,8455,1.62,2.3,0,0,8.830374290767047,77.97551011503963,0.8,0.9,0.5,8
Masters Cup,Hard,The Final,1,1,4,11445,5490,1.53,2.5,0,0,8.833112141554182,78.0238701052719,0.8,0.95,0.75,9
Grand Slam,Hard,1st Round,1,1,187,11055,321,1.01,34.0,1,1,8.986431785633577,80.75595623784548,0.8,0.95,0.8443877551020408,0
Grand Slam,Hard,2nd Round,1,1,43,11055,1052,1.02,19.0,1,1,8.994645337994974,80.90364475631473,0.8,0.95,1.0,1
Grand Slam,Hard,3rd Round,1,1,32,11055,1375,1.05,11.0,1,1,9.000121039569237,81.00217872689684,1.0,0.95,1.0,2
Grand Slam,Hard,4th Round,1,1,19,11055,1765,1.02,19.0,1,1,9.005596741143506,81.10077266409454,1.0,0.95,1.0,3
Grand Slam,Hard,Quarterfinals,1,1,12,11055,2840,1.1,7.0,1,1,9.011072442717769,81.19942656790758,1.0,0.95,1.0,4
Grand Slam,Hard,Semifinals,0,1,4,11055,6490,1.5,2.63,1,1,9.019285995079166,81.34751986103117,1.0,0.95,0.8,5
Masters 1000,Hard,2nd Round,1,1,69,9675,801,1.02,21.0,1,0,9.137013578925846,83.48501714147528,0.8,0.9,0.8443316412859561,0
Masters 1000,Hard,3rd Round,0,1,123,9675,513,1.03,17.0,1,0,9.145227131287244,83.63517928283228,0.8,0.9,0.8444632290786137,1
Masters 1000,Clay,2nd Round,1,1,41,9725,1089,1.14,5.5,1,0,9.221886953326935,85.04319897994158,0.6,0.8,1.0,1
Masters 1000,Clay,3rd Round,1,1,24,9725,1590,1.2,4.5,1,0,9.227362654901206,85.14422156506544,0.6,0.8,0.6666666666666666,2
Masters 1000,Clay,Quarterfinals,1,1,11,9725,3355,1.22,4.33,1,0,9.230100505688334,85.19475534510804,0.6,0.8,1.0,2
Masters 1000,Clay,Semifinals,0,1,10,9725,3465,1.4,3.0,1,0,9.232838356475469,85.24530411680463,0.8,0.8,1.0,3
Masters 1000,Clay,2nd Round,1,1,83,9990,715,1.08,8.0,1,0,9.306760327728036,86.61578779777246,0.6,0.75,1.0,3
Masters 1000,Clay,3rd Round,0,1,32,9990,1320,1.07,9.0,1,0,9.312236029302298,86.71773986543583,0.8,0.8,0.8435660218671153,3
ATP250,Clay,2nd Round,1,1,85,9860,682,1.08,8.0,1,0,9.339614537173617,87.22839970298475,0.6,0.75,0.8428571428571429,2
ATP250,Clay,Quarterfinals,1,1,27,9860,1605,1.14,5.5,1,0,9.342352387960752,87.27954814083596,0.6,0.8,1.0,3
ATP250,Clay,Semifinals,0,1,44,9860,1029,1.14,5.5,1,0,9.345090238747886,87.33071157034102,0.6,0.8,1.0,4
Grand Slam,Clay,1st Round,1,1,142,9960,450,1.02,21.0,1,1,9.356041641896413,87.5355152048997,0.6,0.8,1.0,5
Grand Slam,Clay,2nd Round,1,1,63,9960,816,1.03,17.0,1,1,9.36151734347068,87.63800697210235,0.6,0.8,1.0,6
Grand Slam,Clay,3rd Round,1,1,30,9960,1370,1.2,4.5,1,1,9.366993045044945,87.74055870592034,0.8,0.8,0.75,7
Grand Slam,Clay,4th Round,1,1,27,9960,1590,1.14,5.5,1,1,9.372468746619203,87.84317040635378,0.8,0.8,0.842809364548495,8
Grand Slam,Grass,1st Round,1,2,123,8360,523,1.02,21.0,1,1,9.451866419446034,89.33777881105159,0.8,0.95,0.8429406850459482,1
Grand Slam,Grass,2nd Round,1,2,277,8360,206,1.02,19.0,1,1,9.457342121020304,89.44131999402482,1.0,0.95,0.8430717863105175,1
Grand Slam,Grass,3rd Round,1,2,47,8360,981,1.13,6.0,1,1,9.462817822594566,89.54492114361337,1.0,0.95,1.0,2
Grand Slam,Grass,4th Round,1,2,15,8360,2370,1.3,3.5,1,1,9.468293524168828,89.64858225981737,1.0,0.95,0.6,3
Grand Slam,Grass,Semifinals,1,2,25,8360,1620,1.11,6.5,1,1,9.47924492731736,89.8560843920719,1.0,0.95,0.8,4
Grand Slam,Grass,The Final,0,2,3,8360,8130,2.1,1.8,1,1,9.484720628891624,89.9599254081223,1.0,0.95,0.6,5
Grand Slam,Hard,1st Round,1,2,138,7460,424,1.01,29.0,1,1,9.605186063525435,92.25959931494327,0.8,0.85,0.8428927680798005,0
Grand Slam,Hard,3rd Round,0,2,28,7460,1635,1.13,6.0,1,1,9.616137466673962,92.47009977797072,0.8,0.85,1.0,1
Masters 1000,Hard,2nd Round,1,4,43,5560,1215,1.2,4.5,1,0,9.711962244223583,94.32221063322442,0.6,0.8,0.8423236514522822,0
Masters 1000,Hard,3rd Round,1,4,30,5560,1552,1.1,7.0,1,0,9.720175796584982,94.4818175165165,0.6,0.8,0.8424543946932007,1
Masters 1000,Hard,4th Round,1,4,61,5560,853,1.1,7.0,1,0,9.722913647372115,94.53504979425496,0.6,0.8,1.0,2
Masters 1000,Hard,Quarterfinals,1,4,65,5560,822,1.1,7.0,1,0,9.72838934894638,94.64155932469336,0.8,0.8,0.8427152317880795,3
Masters 1000,Hard,Semifinals,1,4,7,5560,4060,1.4,3.0,1,0,9.731127199733514,94.69483657739342,0.8,0.8,1.0,4
Masters 1000,Hard,The Final,0,4,1,5560,11010,3.0,1.4,1,0,9.733865050520642,94.74812882174722,1.0,0.8,0.6666666666666666,5
ATP250,Hard,1st Round,1,7,73,3910,746,1.04,13.0,1,0,9.95015526270408,99.00558975191768,0.8,0.75,0.8422791081750619,0
ATP250,Hard,2nd Round,1,7,55,3910,1005,1.06,10.0,1,0,9.955630964278342,99.1145878968977,0.8,0.8,1.0,1
ATP250,Hard,Quarterfinals,0,7,293,3910,176,1.05,11.0,1,0,9.958368815065477,99.16910945686858,0.8,0.8,0.8425391591096455,2
Grand Slam,Hard,1st Round,1,7,107,3900,566,1.04,13.0,1,1,9.985747322936795,99.71514959753938,0.6,0.75,0.841845140032949,3
Grand Slam,Hard,2nd Round,1,7,125,3900,481,1.01,23.0,1,1,9.991223024511058,99.82453752551989,0.6,0.75,0.8419753086419753,4
Grand Slam,Hard,3rd Round,1,7,25,3900,1805,1.22,4.33,1,1,9.996698726085327,99.933985420116,0.8,0.75,0.5,5
Grand Slam,Hard,4th Round,1,7,29,3900,1660,1.25,4.0,1,1,10.00217442765959,100.04349328132744,0.8,0.75,0.8422350041084634,6
Grand Slam,Hard,Quarterfinals,1,7,3,3900,7010,2.5,1.53,1,1,10.007650129233852,100.15306110915434,0.8,0.75,0.5,7
ATP500,Hard,1st Round,0,7,35,3900,1430,1.29,3.75,1,0,10.084309951273552,101.6933071933548,1.0,0.75,1.0,2
Masters 1000,Hard,2nd Round,0,7,85,3900,710,1.1,7.0,1,0,10.133591265441927,102.68967193504096,0.8,0.7,1.0,1
Masters 1000,Hard,2nd Round,1,5,86,3860,752,1.08,8.0,1,0,10.169183325674643,103.41228951117922,0.6,0.7,1.0,1
Masters 1000,Hard,3rd Round,1,5,65,3860,870,1.05,11.0,1,0,10.174659027248914,103.52368632077784,0.6,0.7,0.8412438625204582,2
Masters 1000,Hard,4th Round,1,5,16,3860,2650,1.3,3.5,1,0,10.180134728823177,103.63514309699174,0.6,0.75,0.8333333333333334,3
Masters 1000,Hard,Quarterfinals,1,5,25,3860,1860,1.25,4.0,1,0,10.18561043039744,103.7466598398211,0.6,0.75,1.0,4
Masters 1000,Hard,Semifinals,1,5,15,3860,2745,1.22,4.33,1,0,10.188348281184574,103.80244069871668,0.8,0.8,0.9230769230769232,5
Masters 1000,Hard,The Final,0,5,54,3860,1042,1.22,4.33,1,0,10.196561833545973,103.96987322532635,1.0,0.8,1.0,6
Masters 1000,Clay,2nd Round,0,5,32,4510,1575,1.17,5.0,1,0,10.221202490630157,104.47298035446408,0.8,0.85,0.0,6
Masters 1000,Clay,2nd Round,0,5,44,4120,1240,1.3,3.5,1,0,10.267745954011405,105.42660697611754,0.6,0.8,0.8403908794788274,4
ATP250,Clay,2nd Round,1,6,134,4080,443,1.25,4.0,1,0,10.336192223689707,106.83686968506358,0.4,0.75,1.0,1
ATP250,Clay,Quarterfinals,1,6,39,4080,1365,1.29,3.75,1,0,10.338930074476837,106.89347508492158,0.4,0.75,0.0,2
ATP250,Clay,Semifinals,1,6,90,4080,657,1.17,5.0,1,0,10.34166792526397,106.95009547643356,0.4,0.75,1.0,3
ATP250,Clay,The Final,1,6,31,4080,1665,1.36,3.2,1,0,10.344405776051104,107.00673085959944,0.6,0.75,1.0,4
Grand Slam,Clay,1st Round,1,6,98,4230,617,1.02,21.0,1,1,10.352619328412494,107.17672695901996,0.8,0.75,0.8402270884022709,4
Grand Slam,Clay,2nd Round,1,6,73,4230,812,1.07,9.0,1,1,10.358095029986764,107.2901326502365,1.0,0.75,1.0,5
Grand Slam,Clay,3rd Round,1,6,153,4230,374,1.05,11.0,1,1,10.363570731561026,107.40359830806834,1.0,0.75,0.8404858299595142,6
Grand Slam,Clay,4th Round,1,6,81,4230,762,1.08,8.0,1,1,10.369046433135289,107.51712393251564,1.0,0.75,1.0,7
Grand Slam,Clay,Quarterfinals,1,6,3,4230,7285,1.91,1.91,1,1,10.374522134709558,107.63070952357856,1.0,0.75,0.7,8
Grand Slam,Clay,Semifinals,0,6,1,4230,10380,4.33,1.22,1,1,10.37999783628382,107.74435508125678,1.0,0.8,0.5714285714285714,9
Grand Slam,Grass,1st Round,1,6,41,4630,1311,1.02,15.0,1,1,10.448444105962125,109.16998423541466,0.8,0.9,1.0,3
Grand Slam,Grass,2nd Round,1,6,154,4630,375,1.06,9.0,1,1,10.453919807536389,109.2844393424016,0.8,0.9,0.0,3
Grand Slam,Grass,3rd Round,1,6,49,4630,1106,1.04,9.5,1,0,10.45939550911065,109.39895441600402,0.8,0.9,1.0,3
Grand Slam,Grass,4th Round,1,6,11,4630,3085,1.17,5.0,1,1,10.464871210684912,109.51352945622187,0.8,0.9,1.0,3
Grand Slam,Grass,Quarterfinals,1,6,24,4630,2035,1.1,7.0,1,1,10.47034691225918,109.62816446305536,0.8,0.9,1.0,4
Grand Slam,Grass,Semifinals,0,6,1,4630,10430,2.8,1.4,1,1,10.475822613833444,109.74285943650416,1.0,0.9,0.5,5
Grand Slam,Hard,1st Round,1,7,50,4130,1000,1.14,5.5,1,1,10.599025899254386,112.33935001306524,0.8,0.75,0.8401606425702811,0
Grand Slam,Hard,2nd Round,1,7,145,4130,421,1.05,11.0,1,1,10.604501600828648,112.45545420197736,0.8,0.75,0.8402889245585875,1
Grand Slam,Hard,3rd Round,1,7,35,4130,1297,1.08,8.0,1,1,10.612715153190043,112.6297229227496,0.8,0.75,1.0,2
Grand Slam,Hard,4th Round,1,7,144,4130,428,1.14,5.5,1,1,10.618190854764316,112.74597702820051,0.8,0.75,1.0,3
Grand Slam,Hard,Quarterfinals,1,7,4,4130,5575,1.44,2.75,1,1,10.623666556338575,112.86229110026676,0.8,0.8,1.0,4
Grand Slam,Hard,Semifinals,0,7,2,4130,9590,4.0,1.25,1,1,10.62914225791284,112.97866513894846,1.0,0.8,0.5714285714285714,5
Masters 1000,Hard,2nd Round,1,5,94,4830,664,1.08,8.0,1,0,10.70580207995254,114.61419817511614,0.8,0.75,0.8947368421052632,2
Masters 1000,Hard,3rd Round,1,5,150,4830,394,1.08,8.0,1,0,10.711277781526803,114.73147171302976,0.8,0.8,1.0,2
Masters 1000,Hard,4th Round,1,5,41,4830,1138,1.17,5.0,1,0,10.716753483101066,114.84880521755882,0.8,0.8,1.0,2
Masters 1000,Hard,Quarterfinals,1,5,44,4830,1129,1.33,3.4,1,0,10.722229184675328,114.96619868870334,0.8,0.8,0.8405103668261563,3
Masters 1000,Hard,Semifinals,0,5,204,4830,263,1.11,6.5,1,0,10.727704886249596,115.08365212646348,0.8,0.8,0.8406374501992032,4
ATP250,Hard,2nd Round,1,5,89,4580,696,1.2,4.5,0,0,10.793413305140769,116.49777077558974,0.8,0.75,0.0,4
ATP250,Hard,Quarterfinals,1,5,47,4580,1120,1.17,5.0,0,0,10.79888900671503,116.61600377935072,0.8,0.75,0.8400954653937948,4
ATP250,Hard,Semifinals,1,5,117,4580,518,1.2,4.5,0,0,10.801626857502164,116.67514276871208,0.8,0.8,1.0,4
ATP250,Hard,The Final,1,5,9,4580,3685,1.36,3.2,0,0,10.804364708289292,116.73429674972716,0.8,0.85,0.8571428571428571,5
Grand Slam,Hard,1st Round,1,4,71,4780,768,1.02,17.0,1,1,11.001489964962808,121.03278144917736,0.8,0.85,0.8404761904761905,0
Grand Slam,Hard,2nd Round,1,4,141,4780,436,1.01,29.0,1,1,11.009703517324205,121.21357153938096,1.0,0.85,0.8406026962727994,1
Grand Slam,Hard,3rd Round,1,4,75,4780,759,1.06,10.0,1,1,11.015179218898467,121.33417322445264,1.0,0.85,0.5,2
Grand Slam,Hard,Semifinals,1,4,2,4780,11500,10.0,1.06,1,1,11.03160632362126,121.6963380793606,1.0,0.85,0.4444444444444444,3
Grand Slam,Hard,The Final,0,4,1,4780,12050,3.5,1.3,1,1,11.037082025195524,121.81717963089412,1.0,0.85,0.5,4
Masters 1000,Hard,2nd Round,1,3,57,5280,895,1.1,7.0,1,0,11.130168951958012,123.88066089913012,0.8,0.85,0.8403162055335969,0
Masters 1000,Hard,3rd Round,1,3,72,5280,771,1.13,6.0,1,0,11.135644653532282,124.00258184974209,0.8,0.85,1.0,1
Masters 1000,Hard,4th Round,0,3,14,5280,2510,1.67,2.2,1,0,11.143858205893672,124.18557571306371,0.8,0.85,1.0,2
Masters 1000,Clay,2nd Round,0,4,79,4700,740,1.44,2.75,1,0,11.299915700760202,127.68809484428694,0.6,0.75,1.0,0
Grand Slam,Clay,1st Round,1,4,83,4460,710,1.08,8.0,1,1,11.343721313354315,128.68001323504896,0.4,0.75,0.8392434988179669,1
Grand Slam,Clay,2nd Round,1,4,74,4460,773,1.1,7.0,1,1,11.351934865715712,128.86642519545202,0.6,0.75,0.8393700787401575,2
Grand Slam,Clay,3rd Round,0,4,30,4460,1435,1.44,2.75,1,1,11.357410567289982,128.99077479399014,0.6,0.75,0.8394964594807238,3
Grand Slam,Grass,1st Round,1,8,102,3760,634,1.05,11.0,1,1,11.442283941691072,130.92586180228142,0.4,0.85,0.8388364779874213,0
Grand Slam,Grass,2nd Round,1,8,87,3760,700,1.17,5.0,1,1,11.447759643265336,131.0512008499745,0.6,0.85,0.8461538461538461,1
Grand Slam,Grass,3rd Round,1,8,28,3760,1683,1.13,6.0,1,1,11.453235344839603,131.1765998642832,0.8,0.85,0.8390894819466248,2
Grand Slam,Grass,4th Round,1,8,132,3760,458,1.17,5.0,1,1,11.458711046413868,131.3020588452072,0.8,0.85,1.0,3
Grand Slam,Grass,Quarterfinals,1,8,4,3760,4390,1.57,2.38,1,1,11.46418674798813,131.42757779274666,0.8,0.85,1.0,4
Grand Slam,Grass,Semifinals,0,8,1,3760,13450,5.0,1.18,1,1,11.472400300349529,131.61596865145992,1.0,0.85,0.5,5
