dj_pts,dj_rank,dj_odds,opp_pts,opp_rank,opp_odds,dj_win,age_c,age_c_sq,is_outdoor,is_five_sets,5SMA,ATP500,Grand Slam,Masters 1000,Masters Cup,Clay,Grass,2nd Round,3rd Round,4th Round,Quarterfinals,Round Robin,Semifinals,The Final
417,97,5.0,1170,28,1.14,0,-9.817932922655714,96.39180687376698,1,0,1.0,0,0,0,0,1,0,1,0,0,0,0,0,0
440,97,3.5,1385,18,1.28,0,-9.765913757700204,95.37307152283812,1,0,0.5,0,0,1,0,0,0,0,0,0,0,0,0,0
431,97,2.5,825,43,1.5,1,-9.724845995893222,94.57262964384044,1,1,0.3333333333333333,0,1,0,0,0,0,0,0,0,0,0,0,0
431,97,3.5,1230,24,1.28,1,-9.716632443531829,94.41294604269532,1,1,0.5,0,1,0,0,0,0,1,0,0,0,0,0,0
431,97,2.75,770,48,1.39,0,-9.711156741957563,94.30656526686782,1,1,0.6,0,1,0,0,0,0,0,1,0,0,0,0,0
502,76,1.39,567,68,2.75,0,-9.34154688569473,87.26449821763289,1,1,0.4,0,1,0,0,0,0,0,0,0,0,0,0,0
548,72,1.5,710,53,2.5,1,-9.245722108145106,85.48337730104318,0,0,0.6,1,0,0,0,0,0,0,0,0,0,0,0,0
548,72,2.25,815,40,1.57,1,-9.240246406570844,85.38215365414538,0,0,0.8,1,0,0,0,0,0,1,0,0,0,0,0,0
548,72,2.37,1355,23,1.53,0,-9.237508555783709,85.33156431817723,0,0,0.8,1,0,0,0,0,0,0,0,0,1,0,0,0
591,67,1.53,459,88,2.37,0,-9.196440793976727,84.5745232771193,1,0,0.6,0,0,1,0,0,0,0,0,0,0,0,0,0
596,66,2.0,853,37,1.72,1,-9.160848733744011,83.92114952253925,1,0,0.4,0,0,1,0,0,0,0,0,0,0,0,0,0
596,66,1.66,2025,7,2.1,0,-9.15811088295688,83.87099494453324,1,0,0.6,0,0,1,0,0,0,1,0,0,0,0,0,0
606,67,8.5,6810,1,1.05,0,-9.095140314852841,82.72157734686144,1,0,0.4,0,0,1,0,1,0,0,0,0,0,0,0,0
614,66,1.28,225,178,3.25,0,-9.075975359342916,82.37332872339978,1,0,0.2,1,0,0,0,1,0,0,0,0,0,0,0,0
577,71,1.72,1345,21,2.0,1,-9.018480492813143,81.3329903992512,1,0,0.2,0,0,1,0,1,0,0,0,0,0,0,0,0
577,71,2.0,895,34,1.72,0,-9.013004791238878,81.23425536689496,1,0,0.4,0,0,1,0,1,0,1,0,0,0,0,0,0
627,63,4.0,1780,9,1.22,1,-8.971937029431896,80.49565406009123,1,1,0.2,0,1,0,0,1,0,1,0,0,0,0,0,0
627,63,1.61,1250,25,2.2,1,-8.966461327857633,80.39742874396647,1,1,0.4,0,1,0,0,1,0,0,1,0,0,0,0,0
627,63,1.57,1100,28,2.25,1,-8.960985626283367,80.29926339445711,1,1,0.6,0,1,0,0,1,0,0,0,1,0,0,0,0
827,40,1.53,455,89,2.37,1,-8.925393566050651,79.66265030889836,1,0,0.8,0,0,0,0,0,1,0,0,0,0,0,0,0
827,40,1.39,333,128,2.75,0,-8.917180013689254,79.51609939653909,1,0,0.8,0,0,0,0,0,1,1,0,0,0,0,0,0
841,39,1.39,611,65,2.75,1,-8.90075290896646,79.2234023464749,1,1,0.8,0,1,0,0,0,1,0,0,0,0,0,0,0
841,39,1.72,1920,8,2.0,1,-8.895277207392198,79.12595659635113,1,1,0.8,0,1,0,0,0,1,1,0,0,0,0,0,0
841,39,1.44,830,41,2.62,1,-8.892539356605067,79.07725620877005,1,1,0.8,0,1,0,0,0,1,0,1,0,0,0,0,0
841,39,3.0,1885,10,1.36,0,-8.88432580424367,78.93124499594992,1,1,0.8,0,1,0,0,0,1,0,0,1,0,0,0,0
901,36,1.16,537,73,4.5,1,-8.845995893223819,78.25164334293267,1,0,0.6,0,0,0,0,1,0,0,0,0,0,0,0,0
901,36,1.1,355,127,6.5,1,-8.837782340862422,78.10639670445967,1,0,0.8,0,0,0,0,1,0,1,0,0,0,0,0,0
901,36,1.11,481,87,6.0,1,-8.83504449007529,78.05801114160975,1,0,0.8,0,0,0,0,1,0,0,0,0,1,0,0,0
901,36,1.61,890,37,2.2,1,-8.829568788501028,77.96128499087152,1,0,0.8,0,0,0,0,1,0,0,0,0,0,0,0,1
1071,28,1.03,1,1543,10.0,1,-8.824093086926762,77.86461880674868,1,0,0.8,0,0,0,0,1,0,0,0,0,0,0,0,0
1071,28,1.02,43,559,12.0,1,-8.8186173853525,77.76801258924137,1,0,1.0,0,0,0,0,1,0,1,0,0,0,0,0,0
1071,28,1.1,389,110,6.5,1,-8.813141683778234,77.67146633834945,1,0,1.0,0,0,0,0,1,0,0,0,0,1,0,0,0
1071,28,1.66,830,42,2.1,1,-8.813141683778234,77.67146633834945,1,0,1.0,0,0,0,0,1,0,0,0,0,0,0,1,0
1168,24,1.72,1680,15,2.0,1,-8.76659822039699,76.85324435786767,1,0,1.0,0,0,1,0,0,0,0,0,0,0,0,0,0
1168,24,1.28,755,52,3.5,0,-8.763860369609855,76.80524857801818,1,0,1.0,0,0,1,0,0,0,1,0,0,0,0,0,0
1183,23,1.03,40,577,11.0,1,-8.73100616016427,76.23046856882644,1,1,0.8,0,1,0,0,0,0,0,0,0,0,0,0,0
1183,23,1.53,651,60,2.37,1,-8.722792607802873,76.08711087874045,1,1,0.8,0,1,0,0,0,0,1,0,0,0,0,0,0
1183,23,2.1,1515,17,1.66,0,-8.71457905544148,75.9438881135393,1,1,0.8,0,1,0,0,0,0,0,1,0,0,0,0,0
1183,22,1.25,591,67,3.5,1,-8.632443531827516,74.51908133019072,0,0,0.6,0,0,0,0,0,0,0,0,0,0,0,0,0
1183,22,1.19,601,66,4.33,1,-8.62696783025325,74.42457394422446,0,0,0.6,0,0,0,0,0,0,1,0,0,0,0,0,0
1183,22,1.07,149,265,7.5,1,-8.624229979466119,74.37734273872216,0,0,0.8,0,0,0,0,0,0,0,0,0,1,0,0,0
1183,22,1.5,910,35,2.5,1,-8.621492128678987,74.33012652487373,0,0,0.8,0,0,0,0,0,0,0,0,0,0,0,1,0
1183,22,1.33,755,48,3.25,1,-8.618754277891856,74.28292530267917,0,0,0.8,0,0,0,0,0,0,0,0,0,0,0,0,1
1350,16,1.08,310,146,6.5,1,-8.61054072553046,74.1414115860186,0,0,1.0,1,0,0,0,0,0,0,0,0,0,0,0,0
1350,16,1.36,803,44,3.0,0,-8.607802874743328,74.0942703304395,0,0,1.0,1,0,0,0,0,0,1,0,0,0,0,0,0
1360,17,2.25,1045,27,1.57,1,-8.591375770020534,73.81173762169593,0,0,0.8,0,0,1,0,0,0,1,0,0,0,0,0,0
1360,17,2.1,1295,19,1.66,1,-8.588637919233403,73.76470130769387,0,0,0.8,0,0,1,0,0,0,0,1,0,0,0,0,0
1360,17,1.66,1965,10,2.1,0,-8.585900068446271,73.71767998534568,0,0,0.8,0,0,1,0,0,0,0,0,0,1,0,0,0
1380,16,1.08,509,76,6.5,1,-8.383299110198493,70.27970397105484,1,0,0.4,0,0,0,0,0,0,0,0,0,0,1,0,0
1380,16,1.08,194,200,6.5,1,-8.380561259411362,70.23380702274655,1,0,0.6,0,0,0,0,0,0,0,0,0,0,1,0,0
1380,16,1.16,526,70,4.5,1,-8.3750855578371,70.14205810109156,1,0,0.6,0,0,0,0,0,0,0,0,0,1,0,0,0
1380,16,1.57,202,193,2.25,1,-8.372347707049965,70.09620612774481,1,0,0.6,0,0,0,0,0,0,0,0,0,0,0,1,0
1380,16,1.22,287,153,4.0,1,-8.369609856262834,70.05036914605196,1,0,0.8,0,0,0,0,0,0,0,0,0,0,0,0,1
1530,15,1.22,825,43,4.0,1,-8.347707049965777,69.68421299204833,1,1,1.0,0,1,0,0,0,0,0,0,0,0,0,0,0
1530,15,1.14,486,79,5.0,1,-8.342231348391511,69.59282387008605,1,1,1.0,0,1,0,0,0,0,1,0,0,0,0,0,0
1530,15,1.06,417,102,8.0,1,-8.336755646817249,69.50149471473928,1,1,1.0,0,1,0,0,0,0,0,1,0,0,0,0,0
1530,15,9.0,8120,1,1.05,0,-8.331279945242983,69.41022552600792,1,1,1.0,0,1,0,0,0,0,0,0,1,0,0,0,0
1625,14,1.5,1180,22,2.5,0,-8.27104722792608,68.41022224658367,0,0,0.8,0,0,0,0,0,0,0,0,0,0,0,0,0
1625,14,1.16,540,67,4.5,1,-8.251882272416154,68.09356103781599,0,0,0.6,1,0,0,0,0,0,0,0,0,0,0,0,0
1625,14,1.16,374,120,4.5,1,-8.246406570841888,68.00322133162426,0,0,0.6,1,0,0,0,0,0,1,0,0,0,0,0,0
1625,14,1.61,2555,7,2.2,1,-8.240930869267626,67.91294159204806,0,0,0.6,1,0,0,0,0,0,0,0,0,1,0,0,0
1625,14,1.66,1215,22,2.1,0,-8.238193018480494,67.86782420974076,0,0,0.6,1,0,0,0,0,0,0,0,0,0,0,1,0
1665,14,1.25,720,49,3.5,1,-8.229979466119097,67.73256201274198,1,0,0.6,1,0,0,0,0,0,0,0,0,0,0,0,0
1665,14,1.08,443,98,7.0,1,-8.227241615331966,67.68750459705014,1,0,0.8,1,0,0,0,0,0,1,0,0,0,0,0,0
1665,14,9.0,8120,1,1.04,0,-8.224503764544831,67.6424621730121,1,0,0.8,1,0,0,0,0,0,0,0,0,1,0,0,0
1715,13,1.3,765,43,3.39,1,-8.194387405886378,67.14798495774927,1,0,0.6,0,0,1,0,0,0,1,0,0,0,0,0,0
1715,13,1.25,511,71,3.75,1,-8.194387405886378,67.14798495774927,1,0,0.6,0,0,1,0,0,0,0,1,0,0,0,0,0
1715,13,1.22,757,46,4.0,1,-8.188911704312115,67.05827490101996,1,0,0.8,0,0,1,0,0,0,0,0,1,0,0,0,0
1715,13,1.44,1645,15,2.75,1,-8.18343600273785,66.96862481090604,1,0,0.8,0,0,1,0,0,0,0,0,0,1,0,0,0
1715,13,1.72,1700,14,2.1,1,-8.177960301163587,66.87903468740762,1,0,0.8,0,0,1,0,0,0,0,0,0,0,0,1,0
1715,13,3.2,4480,2,1.36,0,-8.177960301163587,66.87903468740762,1,1,1.0,0,0,1,0,0,0,0,0,0,0,0,0,1
2060,10,1.11,485,82,6.0,1,-8.164271047227928,66.65532173260421,1,0,0.8,0,0,1,0,0,0,1,0,0,0,0,0,0
2060,10,1.11,514,76,6.0,1,-8.158795345653662,66.56594149225985,1,0,0.8,0,0,1,0,0,0,0,1,0,0,0,0,0
2060,10,1.14,481,84,5.0,1,-8.150581793292265,66.43198356914735,1,0,0.8,0,0,1,0,0,0,0,0,1,0,0,0,0
2060,10,4.0,4755,2,1.25,1,-8.147843942505133,66.3873609114176,1,0,0.8,0,0,1,0,0,0,0,0,0,1,0,0,0
2060,10,1.61,1905,12,2.25,1,-8.145106091718002,66.34275324534171,1,0,0.8,0,0,1,0,0,0,0,0,0,0,0,1,0
2060,10,1.61,652,55,2.25,1,-8.139630390143736,66.25358288815147,1,1,1.0,0,0,1,0,0,0,0,0,0,0,0,0,1
2540,7,1.19,740,45,4.33,1,-8.093086926762492,65.49805600413396,1,0,1.0,0,0,1,0,1,0,1,0,0,0,0,0,0
2540,7,1.5,1615,16,2.5,0,-8.090349075975361,65.45374817113537,1,0,1.0,0,0,1,0,1,0,0,1,0,0,0,0,0
2595,5,1.3,230,177,3.39,1,-8.060232717316907,64.9673514573059,1,0,0.8,0,0,0,0,1,0,0,0,0,0,0,0,0
2595,5,1.08,164,232,7.0,1,-8.054757015742641,64.8791105826553,1,0,0.8,0,0,0,0,1,0,1,0,0,0,0,0,0
2595,5,1.14,609,62,5.0,1,-8.049281314168379,64.79092967462023,1,0,0.8,0,0,0,0,1,0,0,0,0,1,0,0,0
2595,5,1.72,2445,7,2.0,1,-8.046543463381244,64.74686170808343,1,0,0.8,0,0,0,0,1,0,0,0,0,0,0,1,0
2595,5,1.66,1745,15,2.2,1,-8.043805612594113,64.70280873320056,1,0,0.8,0,0,0,0,1,0,0,0,0,0,0,0,1
2720,5,1.28,1053,27,3.5,1,-8.035592060232716,64.57073975847507,1,0,1.0,0,0,1,0,1,0,1,0,0,0,0,0,0
2720,5,1.28,1335,18,3.5,1,-8.032854209445585,64.52674675020765,1,0,1.0,0,0,1,0,1,0,0,1,0,0,0,0,0
2720,5,8.0,4875,2,1.07,0,-8.030116358658454,64.4827687335941,1,0,1.0,0,0,1,0,1,0,0,0,0,1,0,0,0
2735,6,1.07,822,38,7.5,1,-8.01368925393566,64.21921545864387,1,0,0.8,0,0,1,0,1,0,1,0,0,0,0,0,0
2735,6,1.2,1170,23,4.33,1,-8.01368925393566,64.21921545864387,1,0,0.8,0,0,1,0,1,0,0,1,0,0,0,0,0
2735,6,1.33,860,36,3.4,0,-8.010951403148528,64.17534238360737,1,0,0.8,0,0,1,0,1,0,0,0,0,1,0,0,0
2810,6,1.03,341,123,11.0,1,-7.9780971937029435,63.65003483217078,1,1,0.6,0,1,0,0,1,0,0,0,0,0,0,0,0
2810,6,1.01,115,306,13.0,1,-7.975359342915812,63.60635664863454,1,1,0.6,0,1,0,0,1,0,1,0,0,0,0,0,0
2810,6,1.05,337,129,9.0,1,-7.969883641341546,63.51904525652358,1,1,0.8,0,1,0,0,1,0,0,1,0,0,0,0,0
2810,6,1.36,695,51,3.0,1,-7.964407939767284,63.43179383102815,1,1,0.8,0,1,0,0,1,0,0,0,1,0,0,0,0
2810,6,1.53,340,125,2.5,1,-7.958932238193018,63.344602372148124,1,1,0.8,0,1,0,0,1,0,0,0,0,1,0,0,0
2810,6,8.5,5225,2,1.06,0,-7.953456536618756,63.25747087988361,1,1,1.0,0,1,0,0,1,0,0,0,0,0,0,1,0
3010,4,1.1,481,86,6.5,1,-7.939767282683093,63.03990450316486,1,0,0.8,0,0,0,0,0,1,1,0,0,0,0,0,0
3010,4,1.14,745,43,5.0,0,-7.93429158110883,62.952982894054465,1,0,0.8,0,0,0,0,0,1,0,1,0,0,0,0,0
3010,5,1.03,716,47,11.0,1,-7.904175222450377,62.47598594719846,1,1,0.6,0,1,0,0,0,1,0,0,0,0,0,0,0
3010,5,1.04,560,67,9.0,1,-7.898699520876111,62.389454121088505,1,1,0.6,0,1,0,0,0,1,1,0,0,0,0,0,0
3010,5,1.16,6,1065,4.5,1,-7.88227241615332,62.1302184424515,1,1,0.6,0,1,0,0,0,1,0,1,0,0,0,0,0
3010,5,2.1,1330,19,1.72,1,-7.879534565366189,62.08706496680054,1,1,0.8,0,1,0,0,0,1,0,0,1,0,0,0,0
3010,5,1.57,1570,16,2.37,1,-7.876796714579054,62.043926482803386,1,1,0.8,0,1,0,0,0,1,0,0,0,1,0,0,0
3245,3,1.03,223,182,11.0,1,-7.83025325119781,61.31286597789387,1,0,1.0,0,0,0,0,1,0,0,0,0,0,0,0,0
3245,3,1.01,230,176,13.0,0,-7.824777549623544,61.227143701092636,1,0,1.0,0,0,0,0,1,0,1,0,0,0,0,0,0
3200,4,1.25,150,254,3.75,1,-7.789185489390828,60.67141058813664,1,0,0.8,0,0,1,0,0,0,1,0,0,0,0,0,0
3200,4,1.36,1115,26,3.0,1,-7.783709787816566,60.586138060951406,1,0,0.8,0,0,1,0,0,0,0,1,0,0,0,0,0
3200,4,1.66,3290,3,2.2,1,-7.780971937029431,60.543524284839535,1,0,0.8,0,0,1,0,0,0,0,0,0,1,0,0,0
3200,4,2.2,5455,2,1.66,1,-7.775496235455169,60.4583417075775,1,0,0.8,0,0,1,0,0,0,0,0,0,0,0,1,0
3200,4,4.33,7290,1,1.22,1,-7.772758384668034,60.41577290642722,1,0,0.8,0,0,1,0,0,0,0,0,0,0,0,0,1
3700,3,1.16,1325,19,4.5,0,-7.767282683093772,60.33068027908838,1,0,1.0,0,0,1,0,0,0,1,0,0,0,0,0,0
3670,3,1.02,437,95,12.0,1,-7.731690622861056,59.77903988763758,1,1,0.8,0,1,0,0,0,0,0,0,0,0,0,0,0
3670,3,1.08,850,35,7.0,1,-7.7234770704996585,59.65209805853399,1,1,0.8,0,1,0,0,0,0,1,0,0,0,0,0,0
3670,3,1.16,595,57,4.5,1,-7.718001368925393,59.56754513073423,1,1,0.8,0,1,0,0,0,0,0,1,0,0,0,0,0
3670,3,1.08,1175,23,7.0,1,-7.71252566735113,59.48305216955,1,1,0.8,0,1,0,0,0,0,0,0,1,0,0,0,0
3670,3,1.19,1445,17,4.5,1,-7.704312114989733,59.356425165177576,1,1,0.8,0,1,0,0,0,0,0,0,0,1,0,0,0
3670,3,1.3,1565,15,3.5,1,-7.701574264202602,59.31424614702785,1,1,1.0,0,1,0,0,0,0,0,0,0,0,0,1,0
3670,3,4.5,7605,1,1.2,0,-7.698836413415467,59.272082120531934,1,1,1.0,0,1,0,0,0,0,0,0,0,0,0,0,1
4145,3,1.08,535,70,7.0,1,-7.616700889801507,58.014132444703066,0,0,0.8,1,0,0,0,0,0,0,0,0,0,0,0,0
4145,3,1.01,345,126,13.0,1,-7.611225188227241,57.9307488659048,0,0,0.8,1,0,0,0,0,0,1,0,0,0,0,0,0
4145,3,1.11,1465,16,6.0,1,-7.60848733744011,57.88907956398649,0,0,0.8,1,0,0,0,0,0,0,0,0,1,0,0,0
4145,3,1.11,529,73,6.0,1,-7.605749486652979,57.84742525372205,0,0,0.8,1,0,0,0,0,0,0,0,0,0,0,1,0
4145,3,1.22,745,41,4.33,1,-7.603011635865844,57.805785935111416,0,0,0.8,1,0,0,0,0,0,0,0,0,0,0,0,1
4370,3,1.19,905,32,4.33,1,-7.59479808350445,57.680957929202876,0,0,1.0,0,0,1,0,0,0,1,0,0,0,0,0,0
4370,3,1.16,1285,23,4.5,1,-7.592060232717316,57.6393785772077,0,0,1.0,0,0,1,0,0,0,0,1,0,0,0,0,0
4370,3,1.3,675,49,3.5,1,-7.5893223819301845,57.597814216866446,0,0,1.0,0,0,1,0,0,0,0,0,0,1,0,0,0
4370,3,1.4,1160,25,3.0,0,-7.586584531143053,57.55626484817906,0,0,1.0,0,0,1,0,0,0,0,0,0,0,0,1,0
4470,3,1.33,2250,6,3.25,0,-7.526351813826146,56.645971625484115,0,0,0.6,0,0,0,1,0,0,0,0,0,0,1,0,0
4470,3,1.4,1830,8,2.75,0,-7.520876112251884,56.56357749584101,0,0,0.4,0,0,0,1,0,0,0,0,0,0,1,0,0
4470,3,4.5,5535,2,1.16,0,-7.515400410677618,56.48124333281331,0,0,0.2,0,0,0,1,0,0,0,0,0,0,1,0,0
4315,3,1.03,496,81,11.0,1,-7.348391512662559,53.99885782337113,1,1,0.0,0,1,0,0,0,0,0,0,0,0,0,0,0
4315,3,1.005,541,70,17.0,1,-7.342915811088297,53.9184126087305,1,1,0.2,0,1,0,0,0,0,1,0,0,0,0,0,0
4315,3,1.03,588,62,11.0,1,-7.337440109514031,53.83802736070527,1,1,0.4,0,1,0,0,0,0,0,1,0,0,0,0,0
4315,3,1.16,1385,22,4.5,1,-7.331964407939768,53.757702079295555,1,1,0.6,0,1,0,0,0,0,0,0,1,0,0,0,0
4315,3,1.36,2615,5,3.2,1,-7.326488706365502,53.67743676450125,1,1,0.8,0,1,0,0,0,0,0,0,0,1,0,0,0
4315,3,3.4,7180,1,1.33,1,-7.32101300479124,53.59723141632246,1,1,1.0,0,1,0,0,0,0,0,0,0,0,0,1,0
4315,3,1.33,789,38,3.4,1,-7.315537303216974,53.51708603475908,1,1,1.0,0,1,0,0,0,0,0,0,0,0,0,0,1
5165,3,1.02,125,296,12.0,1,-7.26899383983573,52.83827144356979,0,0,1.0,0,0,0,0,0,0,0,0,0,0,0,0,0
5165,3,1.16,1025,30,4.5,0,-7.266255989048595,52.798476098384576,0,0,1.0,0,0,0,0,0,0,1,0,0,0,0,0,0
5010,3,1.14,752,45,5.0,1,-7.2142368240930885,52.045212954100734,1,0,0.8,1,0,0,0,0,0,0,0,0,0,0,0,0
5010,3,1.1,705,47,6.5,1,-7.211498973305954,52.00571744199283,1,0,0.8,1,0,0,0,0,0,1,0,0,0,0,0,0
5010,3,1.12,945,34,5.5,1,-7.208761122518823,51.96623692153884,1,0,0.8,1,0,0,0,0,0,0,0,0,1,0,0,0
5010,3,1.38,2140,6,2.87,0,-7.206023271731691,51.92677139273871,1,0,0.8,1,0,0,0,0,0,0,0,0,0,0,1,0
5130,3,1.07,794,40,7.5,1,-7.184120465434635,51.61158686187675,1,0,0.6,0,0,1,0,0,0,1,0,0,0,0,0,0
5130,3,1.14,1155,27,5.0,1,-7.175906913073238,51.49364002509228,1,0,0.8,0,0,1,0,0,0,0,1,0,0,0,0,0
5130,3,1.14,1468,16,5.0,1,-7.173169062286107,51.45435439613854,1,0,0.8,0,0,1,0,0,0,0,0,1,0,0,0,0
5130,3,1.1,955,35,7.0,1,-7.170431211498972,51.41508375883861,1,0,0.8,0,0,1,0,0,0,0,0,0,1,0,0,0
5130,3,1.57,5980,2,2.37,1,-7.1649555099247095,51.33658745920045,1,0,0.8,0,0,1,0,0,0,0,0,0,0,0,1,0
5130,3,1.19,445,98,4.5,1,-7.162217659137578,51.29736179686217,1,0,1.0,0,0,1,0,0,0,0,0,0,0,0,0,1
5280,3,1.05,370,122,9.0,0,-7.148528405201915,51.101458359978636,1,0,1.0,0,0,1,0,0,0,1,0,0,0,0,0,0
4725,3,1.12,1070,29,5.5,1,-7.0800821355236145,50.127563045760624,1,0,0.8,0,0,1,0,1,0,1,0,0,0,0,0,0
4725,3,1.33,1330,20,3.25,1,-7.074606433949349,50.05005619527752,1,0,0.8,0,0,1,0,1,0,0,1,0,0,0,0,0
4725,3,1.05,710,50,10.0,1,-7.0718685831622174,50.01132525751679,1,0,0.8,0,0,1,0,1,0,0,0,0,1,0,0,0
4935,3,1.07,713,49,7.5,1,-7.039014373716633,49.54772335338936,1,0,0.8,0,0,1,0,1,0,1,0,0,0,0,0,0
4935,3,1.14,1155,26,5.0,1,-7.0362765229295015,49.509187307128876,1,0,0.8,0,0,1,0,1,0,0,1,0,0,0,0,0
4935,3,1.25,1090,24,4.0,1,-7.028062970568104,49.393669118270566,1,0,1.0,0,0,1,0,1,0,0,0,0,0,0,0,1
5125,3,1.12,805,39,5.5,1,-7.019849418206707,49.278285854297046,1,0,1.0,0,0,1,0,1,0,1,0,0,0,0,0,0
5125,3,1.1,1265,24,6.5,1,-7.017111567419576,49.23985474961362,1,0,1.0,0,0,1,0,1,0,0,1,0,0,0,0,0
5125,3,1.07,511,78,8.0,1,-7.014373716632445,49.20143863658406,1,0,1.0,0,0,1,0,1,0,0,0,0,1,0,0,0
5125,3,2.87,5435,2,1.4,0,-7.01163586584531,49.16303751520831,1,0,1.0,0,0,1,0,1,0,0,0,0,0,0,1,0
5225,3,1.01,578,64,13.0,1,-6.989733059548254,48.85636824374179,1,1,0.8,0,1,0,0,1,0,0,0,0,0,0,0,0
5225,3,1.01,140,264,15.0,1,-6.9815195071868565,48.74161462923061,1,1,0.8,0,1,0,0,1,0,1,0,0,0,0,0,0
5225,3,1.01,433,106,15.0,1,-6.976043805612594,48.66518717782584,1,1,0.8,0,1,0,0,1,0,0,1,0,0,0,0,0
5225,3,1.07,1270,19,7.5,1,-6.970568104038328,48.58881969303649,1,1,0.8,0,1,0,0,1,0,0,0,1,0,0,0,0
5225,3,1.07,512,80,8.0,1,-6.965092402464066,48.51251217486266,1,1,0.8,0,1,0,0,1,0,0,0,0,1,0,0,0
5225,3,4.5,5585,2,1.2,0,-6.956878850102669,48.39816333500583,1,1,1.0,0,1,0,0,1,0,0,0,0,0,0,1,0
5225,3,1.03,417,112,11.0,1,-6.943189596167009,48.2078817683218,1,0,0.8,0,0,0,0,0,1,1,0,0,0,0,0,0
5225,3,1.11,888,39,6.0,1,-6.940451745379878,48.1698704299466,1,0,0.8,0,0,0,0,0,1,0,1,0,0,0,0,0
5225,3,1.38,1010,30,2.87,1,-6.9377138945927435,48.13187408322521,1,0,0.8,0,0,0,0,0,1,0,0,0,1,0,0,0
5225,3,1.28,2000,8,3.5,1,-6.934976043805612,48.09389272815774,1,0,0.8,0,0,0,0,0,1,0,0,0,0,0,1,0
5225,3,1.7,5585,2,2.15,0,-6.932238193018481,48.05592636474414,1,0,0.8,0,0,0,0,0,1,0,0,0,0,0,0,1
5360,3,1.01,478,91,15.0,1,-6.9103353867214246,47.75273515697434,1,1,0.8,0,1,0,0,0,1,0,0,0,0,0,0,0
5360,3,1.05,530,75,9.0,0,-6.904859685147159,47.67708727157052,1,1,0.8,0,1,0,0,0,1,1,0,0,0,0,0,0
4945,3,1.07,519,82,7.5,1,-6.828199863107461,46.62431337054075,1,0,0.6,0,0,1,0,0,0,1,0,0,0,0,0,0
4945,3,1.11,815,49,6.0,1,-6.82546201232033,46.58693168162788,1,0,0.6,0,0,1,0,0,0,0,1,0,0,0,0,0
4945,3,1.12,1730,9,6.0,0,-6.819986310746064,46.5122132787637,1,0,0.6,0,0,1,0,0,0,0,0,0,1,0,0,0
5055,3,1.07,815,50,7.5,1,-6.809034907597535,46.362956372881776,1,0,0.6,0,0,1,0,0,0,1,0,0,0,0,0,0
5055,3,1.1,895,39,6.5,1,-6.806297056810404,46.32567962554597,1,0,0.6,0,0,1,0,0,0,0,1,0,0,0,0,0
5055,3,1.2,782,53,4.5,1,-6.803559206023273,46.28841786986403,1,0,0.8,0,0,1,0,0,0,0,0,0,1,0,0,0
5055,3,2.75,6305,2,1.44,1,-6.798083504449007,46.213939333461695,1,0,0.8,0,0,1,0,0,0,0,0,0,0,0,1,0
5055,3,1.33,1835,9,3.4,0,-6.798083504449007,46.213939333461695,1,0,0.8,0,0,1,0,0,0,0,0,0,0,0,0,1
5105,3,1.01,555,78,13.0,1,-6.7323750855578375,45.3248742926399,1,1,0.8,0,1,0,0,0,0,0,0,0,0,0,0,0
5105,3,1.01,433,113,13.0,1,-6.726899383983572,45.25117532223855,1,1,0.8,0,1,0,0,0,0,1,0,0,0,0,0,0
5105,3,1.12,1145,24,5.5,1,-6.718685831622178,45.1407393040406,1,1,0.8,0,1,0,0,0,0,0,1,0,0,0,0,0
5105,3,1.07,1360,15,7.5,1,-6.715947980835043,45.1039572812823,1,1,0.8,0,1,0,0,0,0,0,0,1,0,0,0,0
5105,3,1.61,1845,8,2.25,1,-6.70773442847365,44.99370116293072,1,1,0.8,0,1,0,0,0,0,0,0,0,1,0,0,0
5105,3,2.1,5930,2,1.72,0,-6.704996577686515,44.95697910678788,1,1,1.0,0,1,0,0,0,0,0,0,0,0,0,1,0
4855,3,1.02,317,141,12.0,1,-6.652977412731005,44.26210845430894,0,0,0.8,0,0,0,0,0,0,1,0,0,0,0,0,0
4855,3,1.2,965,34,4.33,1,-6.650239561943874,44.225686231243444,0,0,0.8,0,0,0,0,0,0,0,0,0,1,0,0,0
4855,3,1.16,1065,27,4.5,1,-6.6475017111567425,44.18927899983182,0,0,0.8,0,0,0,0,0,0,0,0,0,0,0,1,0
4855,3,1.28,1250,20,3.75,0,-6.644763860369611,44.15288676007406,0,0,0.8,0,0,0,0,0,0,0,0,0,0,0,0,1
4725,3,1.22,1215,21,4.0,0,-6.595482546201232,43.50039001724509,0,0,0.6,0,0,1,0,0,0,0,1,0,0,0,0,0
4645,3,1.4,1845,8,2.75,1,-6.529774127310063,42.63795015368789,0,0,0.4,0,0,0,1,0,0,0,0,0,0,1,0,0
4645,3,1.44,2315,5,2.75,1,-6.524298425735797,42.5664699480586,0,0,0.4,0,0,0,1,0,0,0,0,0,0,1,0,0
4645,3,1.44,1950,7,2.62,0,-6.518822724161534,42.49504970904481,0,0,0.4,0,0,0,1,0,0,0,0,0,0,1,0,0
4645,3,1.38,1780,9,3.0,1,-6.5133470225872685,42.423689436646434,0,0,0.4,0,0,0,1,0,0,0,0,0,0,0,1,0
4645,3,2.0,2315,5,1.8,1,-6.510609171800137,42.38803178792807,0,0,0.6,0,0,0,1,0,0,0,0,0,0,0,0,1
10590,3,1.16,1408,53,4.5,0,-6.370978781656401,40.589370636316076,1,0,0.8,0,0,0,0,0,0,0,0,0,0,0,0,0
10590,3,1.2,2000,29,4.33,1,-6.349075975359344,40.31076574088521,1,0,0.6,0,0,0,0,0,0,1,0,0,0,0,0,0
10590,3,1.2,1800,35,4.33,1,-6.34633812457221,40.27600759139871,1,0,0.6,0,0,0,0,0,0,0,0,0,1,0,0,0
10590,3,1.11,1600,40,6.0,0,-6.3436002737850785,40.24126443356612,1,0,0.8,0,0,0,0,0,0,0,0,0,0,0,1,0
10650,3,1.03,1163,68,11.0,1,-6.329911019849419,40.067773519211116,1,1,0.6,0,1,0,0,0,0,1,0,0,0,0,0,0
10650,3,1.01,728,127,13.0,1,-6.324435318275153,39.998482095046135,1,1,0.6,0,1,0,0,0,0,0,1,0,0,0,0,0
10650,3,1.25,950,97,3.75,1,-6.318959616700891,39.92925063749667,1,1,0.8,0,1,0,0,0,0,0,0,1,0,0,0,0
9010,3,1.12,1268,55,5.5,1,-6.253251197809718,39.103150542908665,0,0,0.8,0,0,0,0,0,0,0,0,0,0,0,0,0
9010,3,1.03,1132,68,11.0,1,-6.250513347022586,39.0689171013075,0,0,0.8,0,0,0,0,0,0,1,0,0,0,0,0,0
9010,3,1.05,1085,76,9.0,1,-6.247775496235455,39.03469865136019,0,0,1.0,0,0,0,0,0,0,0,0,0,1,0,0,0
9010,3,1.61,3200,12,2.2,0,-6.245037645448324,39.00049519306675,0,0,1.0,0,0,0,0,0,0,0,0,0,0,0,1,0
9010,3,1.02,726,125,12.0,1,-6.236824093086927,38.89797476810957,1,0,0.8,1,0,0,0,0,0,0,0,0,0,0,0,0
9010,3,1.03,1132,66,11.0,1,-6.234086242299796,38.86383127643159,1,0,0.8,1,0,0,0,0,0,1,0,0,0,0,0,0
9010,3,1.38,2500,19,2.75,1,-6.231348391512661,38.82970277640743,1,0,0.8,1,0,0,0,0,0,0,0,0,1,0,0,0
9010,3,1.44,3945,8,2.62,1,-6.22861054072553,38.795589268037176,1,0,0.8,1,0,0,0,0,0,0,0,0,0,0,1,0
9010,3,1.4,2875,14,2.87,1,-6.225872689938399,38.76149075132079,1,0,0.8,1,0,0,0,0,0,0,0,0,0,0,0,1
9240,3,1.01,1238,54,15.0,1,-6.184804928131417,38.25181199903866,1,0,1.0,0,0,1,0,0,0,1,0,0,0,0,0,0
9240,3,1.1,1105,64,6.5,1,-6.179329226557151,38.1841096901834,1,0,1.0,0,0,1,0,0,0,0,1,0,0,0,0,0
9240,3,1.1,2660,16,6.5,1,-6.17659137577002,38.15028102323659,1,0,1.0,0,0,1,0,0,0,0,0,1,0,0,0,0
9240,3,1.57,4060,7,2.37,0,-6.171115674195757,38.082668664304556,1,0,1.0,0,0,1,0,0,0,0,0,0,1,0,0,0
8420,3,1.06,736,117,8.0,1,-6.151950718685832,37.846497645139124,1,0,0.8,0,0,1,0,0,0,1,0,0,0,0,0,0
8420,3,1.1,1630,33,6.0,1,-6.143737166324435,37.7455063688762,1,0,0.8,0,0,1,0,0,0,0,1,0,0,0,0,0
8420,3,1.2,2230,22,4.33,1,-6.140999315537304,37.71187259342963,1,0,0.8,0,0,1,0,0,0,0,0,1,0,0,0,0
8420,3,1.61,3195,11,2.25,1,-6.1382614647501725,37.678253809636935,1,0,0.8,0,0,1,0,0,0,0,0,0,1,0,0,0
8420,3,3.2,10910,2,1.36,1,-6.132785763175907,37.61106121701309,1,0,0.8,0,0,1,0,0,0,0,0,0,0,0,1,0
8420,3,1.4,7850,4,2.87,0,-6.127310061601644,37.54392859100474,1,0,1.0,0,0,1,0,0,0,0,0,0,0,0,0,1
9010,3,1.05,1084,65,9.0,1,-6.102669404517453,37.2425738608334,1,0,0.8,0,0,1,0,1,0,1,0,0,0,0,0,0
9010,3,1.08,1549,36,7.0,1,-6.097193702943191,37.1757710512101,1,0,0.8,0,0,1,0,1,0,0,1,0,0,0,0,0
9010,3,1.8,3760,8,1.9,1,-6.094455852156056,37.1423921338792,1,0,0.8,0,0,1,0,1,0,0,0,0,1,0,0,0
9010,3,1.3,2620,16,3.5,1,-6.091718001368925,37.109028208202204,1,0,0.8,0,0,1,0,1,0,0,0,0,0,0,1,0
9010,3,8.0,14470,1,1.07,0,-6.0889801505817935,37.07567927417908,1,0,0.8,0,0,1,0,1,0,0,0,0,0,0,0,1
9160,3,1.06,1609,33,8.0,1,-6.064339493497606,36.776213492394795,1,0,0.8,0,0,1,0,1,0,1,0,0,0,0,0,0
9160,3,1.16,2510,17,4.5,1,-6.05886379192334,36.709830449079675,1,0,0.8,0,0,1,0,1,0,0,1,0,0,0,0,0
9160,3,1.22,4580,5,4.33,1,-6.056125941136209,36.67666141490293,1,0,0.8,0,0,1,0,1,0,0,0,0,1,0,0,0
9160,3,1.72,10060,2,2.1,1,-6.0533880903490775,36.64350737238005,1,0,0.8,0,0,1,0,1,0,0,0,0,0,0,1,0
9160,3,6.5,14890,1,1.11,0,-6.050650239561943,36.610368321511,1,0,0.8,0,0,1,0,1,0,0,0,0,0,0,0,1
9670,3,1.06,1045,63,8.0,1,-6.042436687200549,36.51104111882715,1,0,0.8,0,0,0,0,1,0,1,0,0,0,0,0,0
9670,3,1.06,1460,38,8.0,1,-6.036960985626283,36.44489794197386,1,0,0.8,0,0,0,0,1,0,0,0,0,1,0,0,0
9670,3,1.05,1470,36,9.0,1,-6.034223134839152,36.411848841028046,1,0,0.8,0,0,0,0,1,0,0,0,0,0,0,1,0
9670,3,1.01,423,179,15.0,1,-6.0314852840520174,36.37881473173604,1,0,0.8,0,0,0,0,1,0,0,0,0,0,0,0,1
8920,4,1.03,1023,65,11.0,1,-6.023271731690624,36.27980235378337,1,0,0.8,0,0,1,0,1,0,1,0,0,0,0,0,0
8920,4,1.04,1490,36,11.0,1,-6.020533880903489,36.24682821110683,1,0,1.0,0,0,1,0,1,0,0,1,0,0,0,0,0
8920,4,1.07,1181,54,8.0,1,-6.017796030116358,36.2138690600842,1,0,1.0,0,0,1,0,1,0,0,0,0,1,0,0,0
8920,4,6.5,15360,1,1.11,0,-6.015058179329227,36.18092490071543,1,0,1.0,0,0,1,0,1,0,0,0,0,0,0,1,0
8830,4,1.005,732,110,21.0,1,-5.979466119096511,35.75401506942309,1,1,0.8,0,1,0,0,1,0,1,0,0,0,0,0,0
8830,4,1.04,1590,31,10.0,0,-5.976728268309376,35.72128079320839,1,1,0.8,0,1,0,0,1,0,0,1,0,0,0,0,0
8020,4,1.06,951,66,8.0,1,-5.949349760438057,35.39476257202437,1,0,0.6,0,0,0,0,0,1,0,0,0,0,0,0,0
8020,4,1.02,1056,56,12.0,1,-5.943874058863791,35.32963882763392,1,0,0.6,0,0,0,0,0,1,1,0,0,0,0,0,0
8020,4,1.11,1675,28,6.0,1,-5.94113620807666,35.29709944291952,1,0,0.6,0,0,0,0,0,1,0,0,0,1,0,0,0
8020,4,1.05,563,136,9.0,1,-5.938398357289529,35.264575049858976,1,0,0.8,0,0,0,0,0,1,0,0,0,0,0,1,0
8020,4,1.33,1195,41,3.4,0,-5.935660506502394,35.232065648452256,1,0,0.8,0,0,0,0,0,1,0,0,0,0,0,0,1
7860,4,1.04,845,81,10.0,1,-5.913757700205338,34.97253013673792,1,1,0.8,0,1,0,0,0,1,0,0,0,0,0,0,0
7860,4,1.01,692,106,15.0,1,-5.908281998631075,34.90779617534801,1,1,0.8,0,1,0,0,0,1,1,0,0,0,0,0,0
7860,4,1.25,1735,25,3.75,1,-5.902806297056809,34.84312218057352,1,1,0.8,0,1,0,0,0,1,0,1,0,0,0,0,0
7860,4,1.03,1162,46,11.0,1,-5.894592744695416,34.74622362581584,1,1,0.8,0,1,0,0,0,1,0,0,1,0,0,0,0
7860,4,1.36,1405,34,3.2,0,-5.88911704312115,34.681699547579996,1,1,0.8,0,1,0,0,0,1,0,0,0,1,0,0,0
7380,4,1.03,256,225,11.0,1,-5.7768651608487325,33.37217108662785,1,0,0.8,0,0,1,0,0,0,1,0,0,0,0,0,0
7380,4,1.14,850,65,5.0,1,-5.77138945927447,33.30893629062446,1,0,0.8,0,0,1,0,0,0,0,1,0,0,0,0,0
7380,4,1.9,5530,5,1.8,0,-5.768651608487339,33.277341380103564,1,0,0.8,0,0,1,0,0,0,0,0,0,1,0,0,0
7150,4,1.11,906,54,6.0,1,-5.754962354551676,33.11959170230697,1,0,0.6,0,0,1,0,0,0,1,0,0,0,0,0,0
7150,4,1.14,1222,35,5.0,1,-5.752224503764545,33.08808674170926,1,0,0.6,0,0,1,0,0,0,0,1,0,0,0,0,0
7150,4,1.28,3320,9,3.4,1,-5.749486652977414,33.056596772765424,1,0,0.8,0,0,1,0,0,0,0,0,0,1,0,0,0
7150,4,2.37,8665,3,1.57,1,-5.746748802190282,33.02512179547544,1,0,0.8,0,0,1,0,0,0,0,0,0,0,0,1,0
7150,4,2.75,11040,1,1.44,0,-5.744010951403148,32.993661809839296,1,0,0.8,0,0,1,0,0,0,0,0,0,0,0,0,1
7660,4,1.04,976,51,10.0,1,-5.71937029431896,32.711196563538145,1,1,0.8,0,1,0,0,0,0,0,0,0,0,0,0,0
7660,4,1.01,402,155,15.0,1,-5.713894592744694,32.64859141699705,1,1,0.8,0,1,0,0,0,0,1,0,0,0,0,0,0
7660,4,1.01,197,276,15.0,1,-5.708418891170432,32.58604623707146,1,1,0.8,0,1,0,0,0,0,0,1,0,0,0,0,0
7660,4,1.16,2000,16,4.5,1,-5.700205338809035,32.49234090458702,1,1,0.8,0,1,0,0,0,0,0,0,1,0,0,0,0
7660,4,1.33,3220,10,3.4,1,-5.697467488021903,32.461135777066616,1,1,0.8,0,1,0,0,0,0,0,0,0,1,0,0,0
7660,4,4.33,12040,1,1.22,0,-5.686516084873375,32.33646518352362,1,1,1.0,0,1,0,0,0,0,0,0,0,0,0,1,0
7330,4,1.08,1286,27,7.0,1,-5.626283367556468,31.655064532042548,1,0,0.8,1,0,0,0,0,0,0,0,0,0,0,0,0
7330,4,1.12,1245,28,5.5,1,-5.6208076659822055,31.59347881796433,1,0,0.8,1,0,0,0,0,0,1,0,0,0,0,0,0
7330,4,1.36,3460,9,3.0,1,-5.61533196440794,31.53195307050153,1,0,0.8,1,0,0,0,0,0,0,0,0,1,0,0,0
7330,4,1.44,3020,11,2.62,1,-5.612594113620808,31.501212684250948,1,0,0.8,1,0,0,0,0,0,0,0,0,0,0,1,0
7330,4,1.36,2195,15,3.2,1,-5.609856262833677,31.47048728965423,1,0,0.8,1,0,0,0,0,0,0,0,0,0,0,0,1
7740,4,1.03,720,66,11.0,1,-5.60164271047228,31.378401055787233,1,0,1.0,0,0,1,0,0,0,1,0,0,0,0,0,0
7740,4,1.02,545,99,12.0,1,-5.598904859685145,31.34773562780594,1,0,1.0,0,0,1,0,0,0,0,1,0,0,0,0,0
7740,4,1.2,3285,10,4.33,1,-5.596167008898014,31.317085191478547,1,0,1.0,0,0,1,0,0,0,0,0,0,1,0,0,0
7740,4,1.36,3710,8,3.0,0,-5.593429158110883,31.286449746805022,1,0,1.0,0,0,1,0,0,0,0,0,0,0,0,1,0
8300,3,1.08,1150,30,7.0,1,-5.524982888432579,30.5254359174728,0,0,0.8,0,0,1,0,0,0,1,0,0,0,0,0,0
8300,3,1.07,552,93,7.5,1,-5.5222450376454475,30.49519025579977,0,0,0.8,0,0,1,0,0,0,0,1,0,0,0,0,0
8300,3,1.33,2935,10,3.25,1,-5.519507186858316,30.464959585780605,0,0,0.8,0,0,1,0,0,0,0,0,0,1,0,0,0
8300,3,1.8,8845,2,2.0,1,-5.516769336071185,30.434743907415307,0,0,0.8,0,0,1,0,0,0,0,0,0,0,0,1,0
8300,3,1.22,2055,16,4.33,1,-5.51403148528405,30.404543220703832,0,0,0.8,0,0,1,0,0,0,0,0,0,0,0,0,1
7910,3,1.4,3630,7,3.0,1,-5.492128678986994,30.163477426551424,0,0,1.0,0,0,0,1,0,0,0,0,0,0,1,0,0
7910,3,1.4,3010,9,3.0,0,-5.4866529774127315,30.10336089455199,0,0,1.0,0,0,0,1,0,0,0,0,0,0,1,0,0
7910,3,1.4,9205,2,2.87,1,-5.481177275838466,30.043304329167984,0,0,0.8,0,0,0,1,0,0,0,0,0,0,1,0,0
8310,3,1.01,613,74,15.0,1,-5.336071184120467,28.473655682000803,1,1,0.8,0,1,0,0,0,0,0,0,0,0,0,0,0
8310,3,1.02,775,58,12.0,1,-5.330595482546201,28.415248198541967,1,1,0.8,0,1,0,0,0,0,1,0,0,0,0,0,0
8310,3,1.01,515,103,15.0,1,-5.325119780971939,28.356900681698626,1,1,0.8,0,1,0,0,0,0,0,1,0,0,0,0,0
8310,3,1.01,573,86,13.0,1,-5.319644079397673,28.298613131470713,1,1,0.8,0,1,0,0,0,0,0,0,1,0,0,0,0
8310,3,1.4,2875,10,3.0,0,-5.31416837782341,28.240385547858295,1,1,1.0,0,1,0,0,0,0,0,0,0,1,0,0,0
8310,2,1.05,781,54,9.0,1,-5.273100616016428,27.805590106632838,0,0,0.8,1,0,0,0,0,0,1,0,0,0,0,0,0
8310,2,1.14,1770,20,5.0,0,-5.2676249144421625,27.7478722392518,0,0,0.8,1,0,0,0,0,0,0,0,0,0,0,1,0
8310,2,1.03,894,47,11.0,1,-5.242984257357975,27.488883922903554,1,0,0.6,1,0,0,0,0,0,0,0,0,0,0,0,0
8310,2,1.08,1110,35,7.0,1,-5.237508555783709,27.43149587190755,1,0,0.6,1,0,0,0,0,0,1,0,0,0,0,0,0
8310,2,1.14,1450,26,5.0,1,-5.234770704996578,27.40282433389037,1,0,0.6,1,0,0,0,0,0,0,0,0,1,0,0,0
8310,2,1.25,1100,37,3.75,1,-5.2320328542094465,27.374167787527046,1,0,0.8,1,0,0,0,0,0,0,0,0,0,0,1,0
8310,2,1.36,1975,15,3.25,1,-5.226557152635181,27.316899669761966,1,0,0.8,1,0,0,0,0,0,0,0,0,0,0,0,1
8310,2,1.12,490,106,5.5,1,-5.188227241615333,26.91770191063945,1,0,1.0,0,0,1,0,0,0,1,0,0,0,0,0,0
8310,2,1.2,1275,31,4.33,1,-5.185489390828199,26.889300222391803,1,0,1.0,0,0,1,0,0,0,0,1,0,0,0,0,0
8310,2,1.28,1520,26,3.5,0,-5.180013689253936,26.832541820858175,1,0,1.0,0,0,1,0,0,0,0,0,1,0,0,0,0
8220,2,1.05,754,59,9.0,0,-5.155373032169745,26.57787110082307,1,0,0.8,0,0,1,0,0,0,1,0,0,0,0,0,0
7630,2,1.16,710,67,4.5,1,-5.1033538672142384,26.044220694010523,1,0,0.6,0,0,1,0,1,0,1,0,0,0,0,0,0
7630,2,1.36,1780,20,3.0,1,-5.100616016427104,26.016283747032695,1,0,0.6,0,0,1,0,1,0,0,1,0,0,0,0,0
7630,2,1.4,335,151,2.75,1,-5.0978781656399725,25.988361791708773,1,0,0.6,0,0,1,0,1,0,0,0,0,1,0,0,0
7630,2,1.4,2725,12,3.0,0,-5.095140314852841,25.96045482803871,1,0,0.6,0,0,1,0,1,0,0,0,0,0,0,1,0
7390,2,1.08,920,46,7.0,1,-5.067761806981519,25.68220973230059,1,0,0.6,0,0,1,0,1,0,1,0,0,0,0,0,0
7390,2,1.14,1402,28,5.0,1,-5.0622861054072565,25.62674061299937,1,0,0.8,0,0,1,0,1,0,0,1,0,0,0,0,0
7390,2,1.44,3555,9,2.62,0,-5.059548254620122,25.599028540829522,1,0,0.8,0,0,1,0,1,0,0,0,0,1,0,0,0
6970,2,1.03,630,80,11.0,1,-5.043121149897331,25.43307093254178,1,0,0.6,0,0,0,0,1,0,1,0,0,0,0,0,0
6405,3,1.02,655,73,12.0,1,-4.993839835728952,24.938436304913367,1,1,0.6,0,1,0,0,1,0,0,0,0,0,0,0,0
6405,3,1.04,190,246,10.0,1,-4.982888432580424,24.829177131543794,1,1,0.8,0,1,0,0,1,0,1,0,0,0,0,0,0
6405,3,1.1,1160,37,6.5,1,-4.980150581793293,24.80189981733607,1,1,0.8,0,1,0,0,1,0,0,1,0,0,0,0,0
6405,3,1.05,538,98,9.0,1,-4.974674880219027,24.747390163882187,1,1,0.8,0,1,0,0,1,0,0,0,1,0,0,0,0
6405,3,1.2,1495,27,4.5,0,-4.9691991786447645,24.692940477043802,1,1,1.0,0,1,0,0,1,0,0,0,0,1,0,0,0
6675,3,1.03,560,96,11.0,1,-4.950034223134839,24.50283881020613,1,0,0.8,0,0,0,0,0,1,1,0,0,0,0,0,0
6675,3,1.16,649,74,4.5,0,-4.947296372347708,24.47574139584479,1,0,0.8,0,0,0,0,0,1,0,1,0,0,0,0,0
6545,3,1.11,730,68,6.0,1,-4.917180013689254,24.178659287025056,1,1,0.6,0,1,0,0,0,1,0,0,0,0,0,0,0
6545,3,1.14,551,97,5.0,1,-4.911704312114988,24.12483924964897,1,1,0.6,0,1,0,0,0,1,1,0,0,0,0,0,0
6545,3,1.03,1405,31,11.0,1,-4.906228610540726,24.071079178888382,1,1,0.6,0,1,0,0,0,1,0,1,0,0,0,0,0
6545,3,1.8,1565,26,1.9,1,-4.898015058179329,23.990551510151455,1,1,0.8,0,1,0,0,0,1,0,0,1,0,0,0,0
6545,3,1.12,626,82,6.0,1,-4.892539356605067,23.93694135592952,1,1,0.8,0,1,0,0,0,1,0,0,0,1,0,0,0
6545,3,1.8,2825,13,2.0,0,-4.887063655030801,23.88339116832301,1,1,1.0,0,1,0,0,0,1,0,0,0,0,0,1,0
6905,2,1.08,1229,33,7.0,1,-4.777549623545518,22.82498040543992,1,0,0.8,0,0,1,0,0,0,1,0,0,0,0,0,0
6905,2,1.16,870,54,4.5,1,-4.774811772758383,22.798827465272055,1,0,0.8,0,0,1,0,0,0,0,1,0,0,0,0,0
6905,2,1.2,695,72,4.33,1,-4.769336071184121,22.746566559897985,1,0,0.8,0,0,1,0,0,0,0,0,0,1,0,0,0
6905,2,2.25,6795,3,1.61,0,-4.76659822039699,22.72045859469175,1,0,0.8,0,0,1,0,0,0,0,0,0,0,0,1,0
7085,3,1.14,945,47,5.0,1,-4.758384668035593,22.642224648996198,1,0,0.6,0,0,1,0,0,0,1,0,0,0,0,0,0
7085,3,1.57,1145,37,2.25,1,-4.755646817248461,22.61617665040542,1,0,0.8,0,0,1,0,0,0,0,1,0,0,0,0,0
7085,3,1.5,2875,13,2.5,0,-4.752908966461327,22.590143643468476,1,0,0.8,0,0,1,0,0,0,0,0,0,1,0,0,0
6665,3,1.08,980,47,7.0,1,-4.722792607802873,22.304770016317462,1,1,0.6,0,1,0,0,0,0,0,0,0,0,0,0,0
6665,3,1.1,910,52,6.5,1,-4.7145790554414795,22.227255670007473,1,1,0.6,0,1,0,0,0,0,1,0,0,0,0,0,0
6665,3,1.1,495,108,6.5,1,-4.711841204654345,22.201447537878508,1,1,0.8,0,1,0,0,0,0,0,1,0,0,0,0,0
6665,3,1.28,1751,21,3.5,1,-4.706365503080082,22.14987624858224,1,1,0.8,0,1,0,0,0,0,0,0,1,0,0,0,0
6665,3,1.22,2070,19,4.33,1,-4.7008898015058165,22.098364925901393,1,1,0.8,0,1,0,0,0,0,0,0,0,1,0,0,0
6665,3,3.5,7215,2,1.3,1,-4.692676249144423,22.02121037928417,1,1,1.0,0,1,0,0,0,0,0,0,0,0,0,1,0
6665,3,3.25,10745,1,1.36,0,-4.689938398357288,21.995522180386125,1,1,1.0,0,1,0,0,0,0,0,0,0,0,0,0,1
7145,2,1.005,111,356,21.0,1,-4.62696783025325,21.408831302198465,1,0,0.8,1,0,0,0,0,0,0,0,0,0,0,0,0
7145,2,1.2,1055,43,4.33,1,-4.618754277891856,21.33289107954432,1,0,0.8,1,0,0,0,0,0,0,0,0,1,0,0,0
7145,2,1.22,1715,22,4.0,1,-4.6160164271047215,21.30760765530064,1,0,0.8,1,0,0,0,0,0,0,0,0,0,0,1,0
7145,2,1.25,3135,11,4.0,1,-4.61327857631759,21.282339222710853,1,0,0.8,1,0,0,0,0,0,0,0,0,0,0,0,1
7145,2,1.12,2190,17,5.5,1,-4.605065023956193,21.206623874864654,1,0,0.8,0,0,1,0,0,0,1,0,0,0,0,0,0
7145,2,1.14,1305,31,5.0,1,-4.602327173169062,21.18141540889033,1,0,1.0,0,0,1,0,0,0,0,1,0,0,0,0,0
7145,2,1.06,1175,35,8.0,1,-4.599589322381931,21.15622193456987,1,0,1.0,0,0,1,0,0,0,0,0,0,1,0,0,0
7145,2,2.2,6735,3,1.66,0,-4.5968514715948,21.131043451903274,1,0,1.0,0,0,1,0,0,0,0,0,0,0,0,1,0
7145,3,1.11,1415,26,6.0,1,-4.550308008213552,20.705302969612383,0,0,0.8,1,0,0,0,0,0,0,0,0,0,0,0,0
7145,3,1.16,1070,41,4.5,1,-4.5448323066392895,20.655500695472206,0,0,0.8,1,0,0,0,0,0,1,0,0,0,0,0,0
7145,3,1.07,743,66,7.5,1,-4.542094455852155,20.63062204588288,0,0,0.8,1,0,0,0,0,0,0,0,0,1,0,0,0
7145,3,1.2,1225,32,4.33,1,-4.539356605065024,20.605758387947457,0,0,0.8,1,0,0,0,0,0,0,0,0,0,0,1,0
7145,3,2.75,7495,2,1.44,0,-4.536618754277892,20.580909721665897,0,0,0.8,1,0,0,0,0,0,0,0,0,0,0,0,1
6945,3,1.12,1480,24,5.5,1,-4.528405201916495,20.506453672744374,0,0,0.8,0,0,1,0,0,0,1,0,0,0,0,0,0
6945,3,1.14,1215,34,5.0,0,-4.525667351129364,20.481664973078274,0,0,0.8,0,0,1,0,0,0,0,1,0,0,0,0,0
5635,3,1.2,3755,6,4.5,1,-4.4955509924709105,20.20997872590619,0,0,0.6,0,0,0,1,0,0,0,0,0,0,1,0,0
5635,3,1.9,11450,1,1.9,0,-4.490075290896645,20.160776117920587,0,0,0.6,0,0,0,1,0,0,0,0,0,0,1,0,0
5635,3,1.38,3665,8,3.0,1,-4.484599589322382,20.11163347655048,0,0,0.4,0,0,0,1,0,0,0,0,0,0,1,0,0
5635,3,3.0,7645,2,1.38,0,-4.481861738535251,20.087084643346223,0,0,0.6,0,0,0,1,0,0,0,0,0,0,0,1,0
6240,3,1.01,993,42,15.0,1,-4.342231348391511,18.85497308295396,1,1,0.4,0,1,0,0,0,0,0,0,0,0,0,0,0
6240,3,1.01,606,81,15.0,1,-4.336755646817249,18.807449540201294,1,1,0.6,0,1,0,0,0,0,1,0,0,0,0,0,0
6240,3,1.06,2160,14,8.0,1,-4.3258042436687205,18.71258235454231,1,1,0.6,0,1,0,0,0,0,0,0,1,0,0,0,0
6240,3,1.28,3955,6,3.75,1,-4.320328542094455,18.665238711635997,1,1,0.8,0,1,0,0,0,0,0,0,0,1,0,0,0
6240,3,2.87,9245,2,1.4,1,-4.314852840520192,18.617955035345172,1,1,0.8,0,1,0,0,0,0,0,0,0,0,0,1,0
6240,3,1.61,5760,5,2.4,1,-4.306639288158795,18.547141958312896,1,1,1.0,0,1,0,0,0,0,0,0,0,0,0,0,1
7880,3,1.07,1370,27,7.5,1,-4.243668720054757,18.008724205571177,1,0,1.0,1,0,0,0,0,0,0,0,0,0,0,0,0
7880,3,1.04,1060,41,10.0,1,-4.2409308692676255,17.985494637907056,1,0,1.0,1,0,0,0,0,0,1,0,0,0,0,0,0
7880,3,1.04,1098,38,10.0,1,-4.238193018480494,17.962280061896802,1,0,1.0,1,0,0,0,0,0,0,0,0,1,0,0,0
7880,3,2.5,7965,2,1.53,1,-4.232717316906228,17.915895884837862,1,0,1.0,1,0,0,0,0,0,0,0,0,0,0,0,1
7800,3,1.03,1090,39,11.0,1,-4.188911704312115,17.54698126652303,1,0,1.0,0,0,1,0,0,0,1,0,0,0,0,0,0
7800,3,1.06,1210,34,8.0,1,-4.186173853524984,17.524051531936216,1,0,1.0,0,0,1,0,0,0,0,1,0,0,0,0,0
7800,3,1.08,1710,18,7.0,1,-4.183436002737849,17.501136789003237,1,0,1.0,0,0,1,0,0,0,0,0,1,0,0,0,0
7800,3,1.07,1495,21,7.5,1,-4.177960301163587,17.455352278098932,1,0,1.0,0,0,1,0,0,0,0,0,0,1,0,0,0
7800,3,1.61,7965,2,2.25,1,-4.175222450376456,17.432482510127578,1,0,1.0,0,0,1,0,0,0,0,0,0,0,0,1,0
7800,3,1.72,12390,1,2.1,1,-4.172484599589321,17.40962773381006,1,0,1.0,0,0,1,0,0,0,0,0,0,0,0,0,1
8710,2,1.03,896,54,11.0,1,-4.158795345653662,17.29557872703056,1,0,1.0,0,0,1,0,0,0,1,0,0,0,0,0,0
8710,2,1.01,335,173,15.0,1,-4.150581793292265,17.22732922280923,1,0,1.0,0,0,1,0,0,0,0,1,0,0,0,0,0
8710,2,1.04,1710,17,10.0,1,-4.145106091718002,17.18190451159769,1,0,1.0,0,0,1,0,0,0,0,0,1,0,0,0,0
8710,2,1.02,1058,40,12.0,1,-4.1423682409308675,17.15921464347269,1,0,1.0,0,0,1,0,0,0,0,0,0,1,0,0,0
8710,2,1.07,2106,15,8.0,1,-4.139630390143736,17.136539767001583,1,0,1.0,0,0,1,0,0,0,0,0,0,0,0,1,0
8710,2,2.0,12630,1,1.8,1,-4.134154688569474,17.091234989020965,1,0,1.0,0,0,1,0,0,0,0,0,0,0,0,0,1
9640,2,1.01,327,182,15.0,1,-4.068446269678301,16.55225504925928,1,0,1.0,0,0,0,0,1,0,1,0,0,0,0,0,0
9640,2,1.005,599,85,21.0,1,-4.0629705681040384,16.50772983727965,1,0,1.0,0,0,0,0,1,0,0,0,0,1,0,0,0
9640,2,1.04,1095,37,11.0,1,-4.0574948665297725,16.463264591915458,1,0,1.0,0,0,0,0,1,0,0,0,0,0,0,0,1
9710,2,1.02,1150,35,12.0,1,-4.049281314168379,16.396679161273195,1,0,1.0,0,0,1,0,1,0,1,0,0,0,0,0,0
9710,2,1.05,1285,29,9.0,1,-4.046543463381244,16.374514001033475,1,0,1.0,0,0,1,0,1,0,0,1,0,0,0,0,0
9710,2,1.3,4330,6,3.5,1,-4.043805612594113,16.35236383244765,1,0,1.0,0,0,1,0,1,0,0,0,0,1,0,0,0
9710,2,1.08,1115,36,7.5,1,-4.041067761806982,16.33022865551569,1,0,1.0,0,0,1,0,1,0,0,0,0,0,0,1,0
9710,2,3.6,11915,1,1.28,1,-4.038329911019851,16.308108470237595,1,0,1.0,0,0,1,0,1,0,0,0,0,0,0,0,1
10665,2,1.01,418,141,21.0,1,-4.030116358658454,16.241837864326474,1,0,1.0,0,0,1,0,1,0,1,0,0,0,0,0,0
10665,2,1.05,1920,14,9.0,1,-4.0273785078713225,16.21977764566384,1,0,1.0,0,0,1,0,1,0,0,1,0,0,0,0,0
10665,2,1.16,5265,5,5.0,1,-4.024640657084188,16.197732418655043,1,0,1.0,0,0,1,0,1,0,0,0,0,1,0,0,0
10665,2,1.16,5905,4,5.0,1,-4.0219028062970565,16.17570218330014,1,0,1.0,0,0,1,0,1,0,0,0,0,0,0,1,0
10665,2,2.75,12470,1,1.44,1,-4.019164955509925,16.1536869395991,1,0,1.0,0,0,1,0,1,0,0,0,0,0,0,0,1
11665,2,1.01,710,71,21.0,1,-3.997262149212869,15.978104689529884,1,1,1.0,0,1,0,0,1,0,0,0,0,0,0,0,0
11665,2,1.12,1355,26,5.5,1,-3.983572895277206,15.86885301198722,1,1,1.0,0,1,0,0,1,0,0,1,0,0,0,0,0
11665,2,1.04,1755,16,10.0,1,-3.9808350444900746,15.847047651440295,1,1,1.0,0,1,0,0,1,0,0,0,1,0,0,0,0
11665,2,1.33,8390,3,3.4,0,-3.967145790554415,15.738245723513616,1,1,1.0,0,1,0,0,1,0,0,0,0,0,0,1,0
12005,2,1.01,930,54,15.0,1,-3.917864476386036,15.349662055327629,1,1,0.8,0,1,0,0,0,1,0,0,0,0,0,0,0
12005,2,1.01,1185,36,15.0,1,-3.912388774811774,15.306785925273173,1,1,0.8,0,1,0,0,0,1,1,0,0,0,0,0,0
12005,2,1.02,1295,30,12.0,1,-3.906913073237508,15.263969761834149,1,1,0.8,0,1,0,0,0,1,0,1,0,0,0,0,0
12005,2,1.06,1195,35,9.0,1,-3.9014373716632456,15.221213565010613,1,1,0.8,0,1,0,0,0,1,0,0,1,0,0,0,0
12005,2,1.07,357,158,8.0,1,-3.8959616700889796,15.178517334802512,1,1,0.8,0,1,0,0,0,1,0,0,0,1,0,0,0
12005,2,1.44,1585,19,2.75,1,-3.8904859685147173,15.135881071209898,1,1,1.0,0,1,0,0,0,1,0,0,0,0,0,1,0
12005,2,2.3,12070,1,1.66,1,-3.8877481177275826,15.114585426894362,1,1,1.0,0,1,0,0,0,1,0,0,0,0,0,0,1
12860,1,1.05,1295,30,11.0,1,-3.780971937029431,14.295748788604088,1,0,1.0,0,0,1,0,0,0,1,0,0,0,0,0,0
12860,1,1.1,1295,29,7.0,1,-3.7782340862423,14.275052810443187,1,0,1.0,0,0,1,0,0,0,0,1,0,0,0,0,0
12860,1,1.07,2905,7,9.0,1,-3.772758384668034,14.233705829082952,1,0,1.0,0,0,1,0,0,0,0,0,0,1,0,0,0
12860,1,1.07,2505,8,9.0,1,-3.7700205338809027,14.213054825883647,1,0,1.0,0,0,1,0,0,0,0,0,0,0,0,0,1
13500,1,1.03,667,78,15.0,1,-3.7590691307323745,14.13060072962505,1,0,1.0,0,0,1,0,0,0,1,0,0,0,0,0,0
13500,1,1.05,1338,29,11.0,1,-3.7590691307323745,14.13060072962505,1,0,1.0,0,0,1,0,0,0,0,1,0,0,0,0,0
13500,1,1.06,2995,8,10.0,1,-3.753593429158112,14.089463631418955,1,0,1.0,0,0,1,0,0,0,0,0,0,1,0,0,0
13920,1,1.002,672,74,34.0,1,-3.7180013689253926,13.823534179331093,1,1,1.0,0,1,0,0,0,0,1,0,0,0,0,0,0
13920,1,1.02,1115,39,17.0,1,-3.71252566735113,13.782846830740954,1,1,1.0,0,1,0,0,0,0,0,1,0,0,0,0,0
13920,1,1.02,1530,23,19.0,1,-3.709787816563999,13.762525643926683,1,1,1.0,0,1,0,0,0,0,0,0,1,0,0,0,0
13920,1,1.53,8380,3,2.5,1,-3.696098562628336,13.661144584663251,1,1,1.0,0,1,0,0,0,0,0,0,0,0,0,1,0
13920,1,1.57,11420,2,2.37,1,-3.6906228610540737,13.620697102534956,1,1,1.0,0,1,0,0,0,0,0,0,0,0,0,0,1
13860,1,1.04,910,47,13.0,1,-3.5537303216974685,12.628999199351993,0,0,1.0,1,0,0,0,0,0,0,0,0,0,0,0,0
13860,1,1.02,747,64,17.0,1,-3.5482546201232026,12.590110849225653,0,0,1.0,1,0,0,0,0,0,1,0,0,0,0,0,0
13860,1,1.05,805,59,11.0,1,-3.5455167693360714,12.570689161643292,0,0,1.0,1,0,0,0,0,0,0,0,0,1,0,0,0
13860,1,1.05,1225,32,11.0,0,-3.5427789185489402,12.551282465714799,0,0,1.0,1,0,0,0,0,0,0,0,0,0,0,1,0
13785,1,1.25,1035,39,3.75,1,-3.531827515400412,12.473805598539448,0,0,0.8,0,0,1,0,0,0,1,0,0,0,0,0,0
13785,1,1.22,1730,19,4.0,1,-3.529089664613277,12.454473860880254,0,0,0.8,0,0,1,0,0,0,0,1,0,0,0,0,0
13475,1,1.3,3300,7,3.4,1,-3.498973305954827,12.242814195784453,0,0,0.8,0,0,0,1,0,0,0,0,0,0,1,0,0
13475,1,1.28,4480,5,3.6,0,-3.4934976043805612,12.20452551181272,0,0,0.8,0,0,0,1,0,0,0,0,0,0,1,0,0
13475,1,1.3,2395,9,3.5,0,-3.4880219028062953,12.166296794456448,0,0,0.6,0,0,0,1,0,0,0,0,0,0,1,0,0
13630,1,1.002,845,56,34.0,1,-3.3374401095140307,11.138506484593025,1,1,0.6,0,1,0,0,0,0,1,0,0,0,0,0,0
13630,1,1.002,653,81,34.0,1,-3.3319644079397683,11.10198681577741,1,1,0.6,0,1,0,0,0,0,0,1,0,0,0,0,0
13630,1,1.01,265,181,21.0,1,-3.3264887063655024,11.065527113577234,1,1,0.6,0,1,0,0,0,0,0,0,1,0,0,0,0
13630,1,1.1,4925,5,8.0,1,-3.32101300479124,11.029127377992541,1,1,0.6,0,1,0,0,0,0,0,0,0,1,0,0,0
13630,1,1.36,7380,4,3.3,1,-3.315537303216974,10.992787609023285,1,1,0.8,0,1,0,0,0,0,0,0,0,0,0,1,0
13630,1,1.66,9595,2,2.3,1,-3.310061601642712,10.956507806669514,1,1,1.0,0,1,0,0,0,0,0,0,0,0,0,0,1
13130,1,1.01,678,72,26.0,1,-3.230663928815879,10.437189420952052,1,0,1.0,1,0,0,0,0,0,0,0,0,0,0,0,0
13130,1,1.01,665,74,26.0,1,-3.225188227241617,10.401839101137924,1,0,1.0,1,0,0,0,0,0,1,0,0,0,0,0,0
13130,1,1.1,2710,9,7.0,1,-3.222450376454482,10.384186428711633,1,0,1.0,1,0,0,0,0,0,0,0,0,1,0,0,0
13130,1,1.33,7150,4,3.4,0,-3.219712525667351,10.366548747939232,1,0,1.0,1,0,0,0,0,0,0,0,0,0,0,1,0
13310,1,1.01,372,145,23.0,1,-3.1978097193702943,10.22598700129912,1,0,0.8,0,0,1,0,0,0,1,0,0,0,0,0,0
13310,1,1.04,1270,30,13.0,1,-3.1923340177960284,10.190996481177734,1,0,0.8,0,0,1,0,0,0,0,1,0,0,0,0,0
13310,1,1.01,1000,45,26.0,1,-3.186858316221766,10.15606592767183,1,0,0.8,0,0,1,0,0,0,0,0,1,0,0,0,0
13310,1,1.08,2070,12,8.0,1,-3.184120465434635,10.138623138399677,1,0,0.8,0,0,1,0,0,0,0,0,0,1,0,0,0
13310,1,1.1,2120,11,7.0,0,-3.178644763860369,10.103782534816942,1,0,0.8,0,0,1,0,0,0,0,0,0,0,0,1,0
12670,1,1.07,1010,42,9.0,1,-3.1567419575633124,9.965019786640655,1,0,0.8,0,0,1,0,0,0,1,0,0,0,0,0,0
12670,1,1.03,1340,27,15.0,1,-3.1540041067761813,9.947741905561017,1,0,0.8,0,0,1,0,0,0,0,1,0,0,0,0,0
12670,1,1.05,1595,17,11.0,1,-3.15126625598905,9.930479016135246,1,0,0.8,0,0,1,0,0,0,0,0,1,0,0,0,0
12670,1,1.22,4700,5,4.33,1,-3.143052703627653,9.878780297781098,1,0,0.8,0,0,1,0,0,0,0,0,0,1,0,0,0
12670,1,1.05,1495,21,11.0,1,-3.140314852840522,9.861577374970787,1,0,0.8,0,0,1,0,0,0,0,0,0,0,0,1,0
12670,1,1.41,7450,4,2.9,1,-3.137577002053387,9.84438944381432,1,0,1.0,0,0,1,0,0,0,0,0,0,0,0,0,1
12670,1,1.01,980,44,21.0,1,-3.091033538672143,9.554488337196029,1,0,1.0,0,0,1,0,1,0,1,0,0,0,0,0,0
12670,1,1.08,1495,21,8.0,1,-3.0882956878850116,9.537570255809158,1,0,1.0,0,0,1,0,1,0,0,1,0,0,0,0,0
12670,1,1.04,821,55,13.0,1,-3.085557837097877,9.520667166076128,1,0,1.0,0,0,1,0,1,0,0,0,0,1,0,0,0
12670,1,1.28,3810,7,3.75,1,-3.0828199863107457,9.503779067996986,1,0,1.0,0,0,1,0,1,0,0,0,0,0,0,1,0
12670,1,2.1,9215,2,1.72,0,-3.0800821355236145,9.48690596157171,1,0,1.0,0,0,1,0,1,0,0,0,0,0,0,0,1
12020,1,1.01,399,137,26.0,1,-3.0362765229295015,9.218975123692863,1,0,0.8,0,0,1,0,1,0,1,0,0,0,0,0,0
12020,1,1.16,1505,21,5.0,1,-3.0308008213552355,9.18575361872757,1,0,0.8,0,0,1,0,1,0,0,1,0,0,0,0,0
12020,1,1.1,2820,8,7.0,0,-3.0280629705681044,9.169165353725733,1,0,0.8,0,0,1,0,1,0,0,0,0,1,0,0,0
11200,1,1.03,1215,32,15.0,1,-3.017111567419576,9.102962210257012,1,0,0.6,0,0,1,0,1,0,1,0,0,0,0,0,0
11200,1,1.08,1925,15,8.0,1,-3.01163586584531,9.069950588445831,1,0,0.6,0,0,1,0,1,0,0,1,0,0,0,0,0
11200,1,1.16,4930,5,5.0,1,-3.008898015058179,9.05346726502105,1,0,0.8,0,0,1,0,1,0,0,0,0,1,0,0,0
11200,1,1.85,9430,2,1.95,1,-3.006160164271048,9.036998933250134,1,0,0.8,0,0,1,0,1,0,0,0,0,0,0,1,0
11200,1,2.25,9105,3,1.61,0,-3.000684462696782,9.004107244669875,1,0,0.8,0,0,1,0,1,0,0,0,0,0,0,0,1
11800,1,1.002,558,97,34.0,1,-2.9815195071868565,8.889458571735755,1,1,0.8,0,1,0,0,1,0,0,0,0,0,0,0,0
11800,1,1.02,1355,25,19.0,1,-2.965092402464066,8.791772955150126,1,1,0.8,0,1,0,0,1,0,0,0,1,0,0,0,0
11800,1,1.16,4965,5,5.0,1,-2.9596167008898,8.759331016185824,1,1,0.8,0,1,0,0,1,0,0,0,0,1,0,0,0
11800,1,1.53,9790,3,2.5,1,-2.9514031485284065,8.710780545143392,1,1,0.8,0,1,0,0,1,0,0,0,0,0,0,1,0
11800,1,4.33,10060,2,1.25,0,-2.9459274469541405,8.67848852271774,1,1,0.8,0,1,0,0,1,0,0,0,0,0,0,0,1
12280,1,1.01,1035,38,23.0,1,-2.9048596851471586,8.43820979039325,1,1,0.8,0,1,0,0,0,1,0,0,0,0,0,0,0
12280,1,1.01,871,48,21.0,1,-2.8993839835728963,8.406427484199037,1,1,0.8,0,1,0,0,0,1,1,0,0,0,0,0,0
12280,1,1.01,1340,27,23.0,1,-2.8939082819986304,8.374705144620265,1,1,0.8,0,1,0,0,0,1,0,1,0,0,0,0,0
12280,1,1.02,1190,34,19.0,1,-2.8856947296372333,8.327234072656104,1,1,0.8,0,1,0,0,0,1,0,0,1,0,0,0,0
12280,1,1.02,1230,29,17.0,1,-2.880219028062971,8.295661649616004,1,1,0.8,0,1,0,0,0,1,0,0,0,1,0,0,0
12280,1,1.44,9435,3,2.87,0,-2.874743326488705,8.264149193191345,1,1,1.0,0,1,0,0,0,1,0,0,0,0,0,1,0
11270,2,1.07,880,49,9.0,1,-2.7816563997262165,7.737612326137817,1,0,0.8,0,0,1,0,0,0,1,0,0,0,0,0,0
11270,2,1.1,1189,35,7.0,1,-2.7789185489390817,7.722388301637691,1,0,0.8,0,0,1,0,0,0,0,1,0,0,0,0,0
11270,2,1.1,1418,25,7.0,1,-2.7761806981519506,7.707179268791451,1,0,0.8,0,0,1,0,0,0,0,0,0,1,0,0,0
11270,2,1.16,3320,9,5.0,1,-2.7734428473648194,7.691985227599077,1,0,0.8,0,0,1,0,0,0,0,0,0,0,0,1,0
11270,2,1.11,1600,21,6.5,1,-2.770704996577688,7.676806178060567,1,0,0.8,0,0,1,0,0,0,0,0,0,0,0,0,1
11270,2,1.04,1355,27,13.0,1,-2.7652292950034223,7.6464930539451235,1,0,1.0,0,0,1,0,0,0,1,0,0,0,0,0,0
11270,2,1.08,2015,15,8.0,1,-2.7597535934291564,7.616239896445141,1,0,1.0,0,0,1,0,0,0,0,0,0,1,0,0,0
11270,2,1.25,3305,9,4.0,1,-2.757015742642025,7.601135805175958,1,0,1.0,0,0,1,0,0,0,0,0,0,0,0,1,0
11270,2,1.53,11345,1,2.5,0,-2.754277891854894,7.586046705560639,1,0,1.0,0,0,1,0,0,0,0,0,0,0,0,0,1
11270,2,1.002,674,69,34.0,1,-2.7268993839835716,7.435980250369982,1,1,0.8,0,1,0,0,0,0,0,0,0,0,0,0,0
11270,2,1.01,1075,35,21.0,1,-2.7159479808350433,7.376373434601948,1,1,0.8,0,1,0,0,0,0,0,1,0,0,0,0,0
11270,2,1.12,3620,8,6.0,1,-2.702258726899384,7.302202227103879,1,1,0.8,0,1,0,0,0,0,0,0,0,1,0,0,0
11270,2,1.07,5375,5,9.0,1,-2.6967830253251215,7.272638685681715,1,1,0.8,0,1,0,0,0,0,0,0,0,0,0,1,0
11270,2,1.44,7290,4,2.87,0,-2.6940451745379868,7.257879402451412,1,1,0.8,0,1,0,0,0,0,0,0,0,0,0,0,1
10470,2,1.01,466,123,26.0,1,-2.633812457221083,6.936968059812959,1,0,0.8,1,0,0,0,0,0,0,0,0,0,0,0,0
10470,2,1.01,880,50,26.0,1,-2.6310746064339483,6.922553584621556,1,0,0.8,1,0,0,0,0,0,1,0,0,0,0,0,0
10470,2,1.02,997,37,17.0,1,-2.625598904859686,6.893769609200382,1,0,0.8,1,0,0,0,0,0,0,0,0,1,0,0,0
10470,2,1.02,1295,29,17.0,1,-2.6228610540725548,6.879400108970593,1,0,0.8,1,0,0,0,0,0,0,0,0,0,0,1,0
10470,2,1.18,4520,7,4.5,1,-2.62012320328542,6.865045600394651,1,0,0.8,1,0,0,0,0,0,0,0,0,0,0,0,1
10970,2,1.02,751,56,17.0,1,-2.611909650924023,6.822072024590051,1,0,1.0,0,0,1,0,0,0,1,0,0,0,0,0,0
10970,2,1.02,1355,29,17.0,1,-2.6091718001368918,6.8077774826295885,1,0,1.0,0,0,1,0,0,0,0,1,0,0,0,0,0
10970,2,1.06,1553,21,10.0,1,-2.6064339493497606,6.793497932322991,1,0,1.0,0,0,1,0,0,0,0,0,0,1,0,0,0
10970,2,1.14,4570,7,5.5,1,-2.6036960985626294,6.779233373670258,1,0,1.0,0,0,1,0,0,0,0,0,0,0,0,1,0
10970,2,1.57,8090,3,2.37,1,-2.6009582477754947,6.7649838066713714,1,0,1.0,0,0,1,0,0,0,0,0,0,0,0,0,1
11970,2,1.08,1560,23,8.0,0,-2.5544147843942504,6.525034890731924,0,0,1.0,0,0,1,0,0,0,1,0,0,0,0,0,0
11420,1,1.25,3490,8,4.0,1,-2.540725530458591,6.455286221124088,0,0,0.8,0,0,0,1,0,0,0,0,0,0,1,0,0
11420,1,1.8,7600,3,2.0,1,-2.535249828884325,6.427491694857999,0,0,0.8,0,0,0,1,0,0,0,0,0,0,1,0,0
11420,1,1.18,4405,6,4.5,1,-2.5297741273100627,6.399757135207389,0,0,0.8,0,0,0,1,0,0,0,0,0,0,1,0,0
11420,1,1.16,4080,7,5.0,1,-2.5242984257357968,6.372082542172222,0,0,0.8,0,0,0,1,0,0,0,0,0,0,0,1,0
11420,1,1.61,9465,2,2.3,1,-2.5215605749486656,6.358267733135445,0,0,0.8,0,0,0,1,0,0,0,0,0,0,0,0,1
12920,1,1.002,763,60,29.0,1,-2.3490759753593444,5.5181579380104555,1,1,1.0,0,1,0,0,0,0,0,0,0,0,0,0,0
12920,1,1.002,754,62,34.0,1,-2.3436002737850785,5.492462243285495,1,1,1.0,0,1,0,0,0,0,1,0,0,0,0,0,0
12920,1,1.02,1900,17,19.0,1,-2.3326488706365502,5.441250753681973,1,1,1.0,0,1,0,0,0,0,0,0,1,0,0,0,0
12920,1,1.16,4680,6,5.0,1,-2.3271731690622843,5.415734958803395,1,1,1.0,0,1,0,0,0,0,0,0,0,1,0,0,0
12920,1,1.08,6505,5,8.0,1,-2.321697467488022,5.390279130540295,1,1,1.0,0,1,0,0,0,0,0,0,0,0,0,1,0
12920,1,1.53,8000,3,2.62,1,-2.313483915126625,5.352207825549616,1,1,1.0,0,1,0,0,0,0,0,0,0,0,0,0,1
12960,1,1.02,925,44,19.0,1,-2.231348391512661,4.97891564430614,1,0,1.0,1,0,0,0,0,0,0,0,0,0,0,0,0
12960,1,1.01,788,55,26.0,1,-2.22861054072553,4.966704942232939,1,0,1.0,1,0,0,0,0,0,1,0,0,0,0,0,0
12960,1,1.02,1730,20,17.0,1,-2.2258726899383987,4.954509231813603,1,0,1.0,1,0,0,0,0,0,0,0,0,1,0,0,0
12960,1,1.1,4410,7,7.0,1,-2.2231348391512675,4.942328513048132,1,0,1.0,1,0,0,0,0,0,0,0,0,0,0,1,0
12960,1,1.11,4545,6,6.5,1,-2.220396988364133,4.930162785936511,1,0,1.0,1,0,0,0,0,0,0,0,0,0,0,0,1
13280,1,1.002,1065,36,29.0,1,-2.195756331279945,4.821345866355964,1,0,1.0,0,0,1,0,0,0,1,0,0,0,0,0,0
13280,1,1.02,1137,31,17.0,1,-2.193018480492814,4.80933005578301,1,0,1.0,0,0,1,0,0,0,0,1,0,0,0,0,0
13280,1,1.04,1695,23,13.0,1,-2.187542778918548,4.785343409598683,1,0,1.0,0,0,1,0,0,0,0,0,1,0,0,0,0
13280,1,1.08,3660,8,8.0,1,-2.184804928131417,4.773372573987325,1,0,1.0,0,0,1,0,0,0,0,0,0,1,0,0,0
13280,1,1.11,4410,7,6.5,0,-2.1820670773442856,4.761416730029833,1,0,1.0,0,0,1,0,0,0,0,0,0,0,0,1,0
13280,1,1.01,749,64,26.0,1,-2.1629021218343603,4.678145588635577,1,0,0.8,0,0,1,0,0,0,1,0,0,0,0,0,0
13280,1,1.002,182,254,34.0,1,-2.160164271047229,4.666309677909006,1,0,0.8,0,0,1,0,0,0,0,1,0,0,0,0,0
13280,1,1.05,1925,18,11.0,0,-2.151950718685832,4.630891895652469,1,0,0.8,0,0,1,0,0,0,0,0,1,0,0,0,0
12500,1,1.06,1220,27,10.0,1,-2.094455852156056,4.38674531663075,1,0,0.6,0,0,1,0,1,0,1,0,0,0,0,0,0
12500,1,1.1,1740,20,7.0,1,-2.0917180013689247,4.375284197250809,1,0,0.6,0,0,1,0,1,0,0,1,0,0,0,0,0
12500,1,1.11,860,49,6.5,1,-2.0889801505817935,4.363838069524733,1,0,0.8,0,0,1,0,1,0,0,0,0,1,0,0,0
12500,1,1.12,1135,32,6.0,1,-2.0862422997946624,4.352406933452522,1,0,0.8,0,0,1,0,1,0,0,0,0,0,0,1,0
12500,1,2.87,6385,5,1.4,1,-2.0835044490075276,4.340990789034161,1,0,0.8,0,0,1,0,1,0,0,0,0,0,0,0,1
12900,1,1.05,1272,28,11.0,0,-2.0396988364134145,4.160371343266237,1,0,1.0,0,0,1,0,1,0,1,0,0,0,0,0,0
12730,1,1.01,573,89,21.0,1,-2.020533880903489,4.082557163878915,1,0,0.8,0,0,1,0,1,0,1,0,0,0,0,0,0
12730,1,1.06,1420,23,10.0,1,-2.015058179329227,4.0604594660816185,1,0,0.8,0,0,1,0,1,0,0,1,0,0,0,0,0
12730,1,1.12,4520,6,6.0,0,-2.0123203285420956,4.049433104663768,1,0,0.8,0,0,1,0,1,0,0,0,0,1,0,0,0
12310,1,1.002,797,58,29.0,1,-1.982203969883642,3.9291325782224704,1,1,0.6,0,1,0,0,1,0,0,0,0,0,0,0,0
12310,1,1.07,1355,28,9.0,1,-1.9712525667351137,3.885836681859774,1,1,0.6,0,1,0,0,1,0,0,1,0,0,0,0,0
12310,1,1.03,1750,19,15.0,1,-1.9657768651608478,3.86427868360161,1,1,0.8,0,1,0,0,1,0,0,0,1,0,0,0,0
12310,1,1.08,2340,14,8.0,1,-1.9603011635865855,3.842780651958921,1,1,0.8,0,1,0,0,1,0,0,0,0,1,0,0,0
12310,1,2.3,6895,4,1.61,0,-1.9548254620123195,3.8213425869316784,1,1,0.8,0,1,0,0,1,0,0,0,0,0,0,1,0
11830,1,1.01,1175,34,26.0,1,-1.905544147843944,3.6310984993823032,1,1,0.8,0,1,0,0,0,1,0,0,0,0,0,0,0
11830,1,1.002,346,156,29.0,1,-1.9000684462696782,3.610260100509669,1,1,0.8,0,1,0,0,0,1,1,0,0,0,0,0,0
11830,1,1.02,1441,25,19.0,1,-1.8945927446954158,3.589481668252509,1,0,0.8,0,1,0,0,0,1,0,1,0,0,0,0,0
11830,1,1.1,2425,13,7.0,1,-1.88911704312115,3.5687632026107967,1,1,0.8,0,1,0,0,0,1,0,0,1,0,0,0,0
11830,1,1.1,4515,6,7.0,1,-1.883641341546884,3.5481047035845448,1,1,0.8,0,1,0,0,0,1,0,0,0,1,0,0,0
11830,1,1.16,3960,8,5.0,1,-1.8781656399726216,3.5275061711737674,1,1,1.0,0,1,0,0,0,1,0,0,0,0,0,1,0
11830,1,1.57,8560,2,2.5,0,-1.8726899383983557,3.5069676053784375,1,1,1.0,0,1,0,0,0,1,0,0,0,0,0,0,1
12040,1,1.03,905,50,15.0,1,-1.7878165639972607,3.1962880665029716,1,0,0.8,0,0,1,0,0,0,1,0,0,0,0,0,0
12040,1,1.02,720,66,17.0,1,-1.7823408624229984,3.1767389498627576,1,0,0.8,0,0,1,0,0,0,0,1,0,0,0,0,0
12040,1,1.11,3045,9,6.5,1,-1.7823408624229984,3.1767389498627576,1,0,0.8,0,0,1,0,0,0,0,0,0,1,0,0,0
12040,1,1.4,6860,4,3.0,0,-1.7768651608487325,3.157249799837992,1,0,0.8,0,0,1,0,0,0,0,0,0,0,0,1,0
11400,1,1.03,1240,32,15.0,1,-1.768651608487339,3.128128512204851,1,0,0.6,0,0,1,0,0,0,1,0,0,0,0,0,0
11400,1,1.02,631,80,19.0,1,-1.7659137577002042,3.1184513996348553,1,0,0.8,0,0,1,0,0,0,0,1,0,0,0,0,0
11400,1,1.1,1585,22,7.0,0,-1.763175906913073,3.1087892787187377,1,0,0.8,0,0,1,0,0,0,0,0,0,1,0,0,0
10980,1,1.002,499,112,34.0,1,-1.7303216974674882,2.99401317672677,1,1,0.6,0,1,0,0,0,0,0,0,0,0,0,0,0
10980,1,1.002,603,87,34.0,1,-1.7248459958932223,2.9750937095488816,1,1,0.6,0,1,0,0,0,0,1,0,0,0,0,0,0
10980,1,1.01,975,43,26.0,1,-1.713894592744694,2.9374346750395004,1,1,0.8,0,1,0,0,0,0,0,0,1,0,0,0,0
10980,1,1.02,1475,24,17.0,1,-1.7056810403833005,2.9093478115230584,1,1,0.8,0,1,0,0,0,0,0,0,0,1,0,0,0
10980,1,1.14,2610,10,5.5,1,-1.7029431895961658,2.9000155069919624,1,1,0.8,0,1,0,0,0,0,0,0,0,0,0,1,0
10980,1,2.2,8860,2,1.66,0,-1.6974674880219034,2.8813958728913907,1,1,1.0,0,1,0,0,0,0,0,0,0,0,0,0,1
11120,1,1.01,951,46,21.0,1,-1.6372347707049961,2.6805376944054413,1,0,0.8,1,0,0,0,0,0,0,0,0,0,0,0,0
11120,1,1.04,1210,31,13.0,1,-1.6317590691307338,2.662637659690399,1,0,0.8,1,0,0,0,0,0,1,0,0,0,0,0,0
11120,1,1.05,1265,30,11.0,1,-1.629021218343599,2.6537101298136636,1,0,0.8,1,0,0,0,0,0,0,0,0,1,0,0,0
11120,1,1.1,3005,10,7.0,1,-1.6262833675564679,2.6447975915908053,1,0,0.8,1,0,0,0,0,0,0,0,0,0,0,1,0
11120,1,1.72,10860,2,2.1,1,-1.6235455167693367,2.6359000450218124,1,0,0.8,1,0,0,0,0,0,0,0,0,0,0,0,1
11120,2,1.01,1110,36,21.0,1,-1.6153319644079396,2.609297355238013,1,0,1.0,0,0,1,0,0,0,1,0,0,0,0,0,0
11120,2,1.06,1885,17,10.0,1,-1.6125941136208084,2.600459775284481,1,0,1.0,0,0,1,0,0,0,0,1,0,0,0,0,0
11120,2,1.1,1050,42,7.0,1,-1.6098562628336772,2.591637186984814,1,0,1.0,0,0,1,0,0,0,0,0,0,1,0,0,0
11120,2,1.14,3115,9,5.5,1,-1.6071184120465425,2.582829590339,1,0,1.0,0,0,1,0,0,0,0,0,0,0,0,1,0
11120,2,1.33,4925,5,3.4,1,-1.6043805612594113,2.5740369853470635,1,0,1.0,0,0,1,0,0,0,0,0,0,0,0,0,1
11120,2,1.01,262,189,23.0,1,-1.5605749486652982,2.435394170401698,0,0,1.0,0,0,1,0,0,0,1,0,0,0,0,0,0
11120,2,1.14,2070,16,5.5,1,-1.5550992470910323,2.4183336683030956,0,0,1.0,0,0,1,0,0,0,0,1,0,0,0,0,0
11120,2,1.14,3240,8,5.5,1,-1.5523613963039011,2.4098259047345976,0,0,1.0,0,0,1,0,0,0,0,0,0,1,0,0,0
11120,2,1.28,4245,6,3.75,1,-1.54962354551677,2.401333132819965,0,0,1.0,0,0,1,0,0,0,0,0,0,0,0,1,0
11120,2,1.12,6600,3,6.0,1,-1.5468856947296388,2.3928553525591973,0,0,1.0,0,0,1,0,0,0,0,0,0,0,0,0,1
10610,2,1.28,3805,7,3.75,1,-1.5414099931553729,2.3759447669992464,0,0,1.0,0,0,0,1,0,0,0,0,0,0,1,0,0
10610,2,1.28,5055,5,3.75,1,-1.5359342915811105,2.359094148054768,0,0,1.0,0,0,0,1,0,0,0,0,0,0,1,0,0
10610,2,1.06,3300,9,10.0,1,-1.5304585900068446,2.342303495725739,0,0,1.0,0,0,0,1,0,0,0,0,0,0,1,0,0
10610,2,1.14,3330,8,5.5,1,-1.5277207392197134,2.3339306570420275,0,0,1.0,0,0,0,1,0,0,0,0,0,0,0,1,0
10610,2,1.57,12030,1,2.37,1,-1.5249828884325787,2.325572810012171,0,0,1.0,0,0,0,1,0,0,0,0,0,0,0,0,1
12260,2,1.002,579,98,34.0,1,-1.3470225872689952,1.8144698506128576,1,1,1.0,0,1,0,0,0,0,1,0,0,0,0,0,0
12260,2,1.01,945,49,26.0,1,-1.3415468856947292,1.7997480465172269,1,1,1.0,0,1,0,0,0,0,0,1,0,0,0,0,0
12260,2,1.01,1930,16,26.0,1,-1.3360711841204669,1.7850862090370665,1,1,1.0,0,1,0,0,0,0,0,0,1,0,0,0,0
12260,2,1.07,3890,8,9.0,0,-1.330595482546201,1.7704843381723574,1,1,1.0,0,1,0,0,0,0,0,0,0,1,0,0,0
10580,2,1.02,830,54,17.0,1,-1.2347707049965777,1.5246586939177456,1,0,0.8,1,0,0,0,0,0,0,0,0,0,0,0,0
10580,2,1.02,885,51,17.0,1,-1.2320328542094465,1.5179049538514753,1,0,0.8,1,0,0,0,0,0,1,0,0,0,0,0,0
10580,2,1.22,4305,8,4.33,0,-1.2265571526351806,1.5044424486805217,1,0,0.8,1,0,0,0,0,0,0,0,0,0,0,1,0
10260,2,1.0166666666666668,616,87,34.0,1,-1.1991786447638617,1.4380294220576921,1,0,0.6,0,0,1,0,0,0,1,0,0,0,0,0,0
10260,2,1.01,602,91,26.0,1,-1.196440793976727,1.4314705734916608,1,0,0.6,0,0,1,0,0,0,0,1,0,0,0,0,0
10260,2,1.14,1455,26,5.5,1,-1.1909650924024646,1.418397851321211,1,0,0.8,0,0,1,0,0,0,0,0,1,0,0,0,0
10260,2,1.05,730,65,11.0,1,-1.1882272416153334,1.411883977716784,1,0,0.8,0,0,1,0,0,0,0,0,0,1,0,0,0
10260,2,1.14,2320,13,5.5,1,-1.1854893908281987,1.4053850957662137,1,0,0.8,0,0,1,0,0,0,0,0,0,0,0,1,0
10260,2,1.53,4625,8,2.5,1,-1.1827515400410675,1.398901205469517,1,0,1.0,0,0,1,0,0,0,0,0,0,0,0,0,1
10900,2,1.02,955,48,17.0,1,-1.169062286105408,1.366706628794003,1,0,1.0,0,0,1,0,0,0,1,0,0,0,0,0,0
10900,2,1.04,2050,17,13.0,1,-1.1581108829568798,1.3412208172231637,1,0,1.0,0,0,1,0,0,0,0,0,1,0,0,0,0
10900,2,1.28,4795,6,3.75,1,-1.155373032169745,1.3348868434651109,1,0,1.0,0,0,1,0,0,0,0,0,0,1,0,0,0
10900,2,1.72,13130,1,2.1,1,-1.1444216290212168,1.3097008649715756,1,0,1.0,0,0,1,0,0,0,0,0,0,0,0,0,1
11680,2,1.01,810,57,21.0,1,-1.1006160164271037,1.2113556156158667,1,0,1.0,0,0,1,0,1,0,1,0,0,0,0,0,0
11680,2,1.01,730,62,26.0,1,-1.0951403148528414,1.1993323092159804,1,0,1.0,0,0,1,0,1,0,0,1,0,0,0,0,0
11680,2,1.01,1071,38,21.0,1,-1.0924024640657102,1.1933431434968351,1,0,1.0,0,0,1,0,1,0,0,0,0,1,0,0,0
11680,2,1.28,5355,4,3.75,0,-1.0896646132785754,1.1873689694315475,1,0,1.0,0,0,1,0,1,0,0,0,0,0,0,1,0
11030,2,1.03,1005,43,15.0,1,-1.0239561943874058,1.0484862880243389,1,0,0.8,0,0,1,0,1,0,1,0,0,0,0,0,0
11030,2,1.1,1280,29,7.0,1,-1.0184804928131435,1.0373025142409036,1,0,0.8,0,0,1,0,1,0,0,1,0,0,0,0,0
11030,2,1.33,5030,5,3.4,1,-1.0157426420260087,1.0317331148299764,1,0,0.8,0,0,1,0,1,0,0,0,0,1,0,0,0
11030,2,1.12,2625,10,6.0,1,-1.0130047912388775,1.0261787070729218,1,0,0.8,0,0,1,0,1,0,0,0,0,0,0,1,0
11030,2,2.1,12900,1,1.72,1,-1.0102669404517464,1.0206392909697324,1,0,0.8,0,0,1,0,1,0,0,0,0,0,0,0,1
11850,2,1.01,1060,42,21.0,1,-0.9828884325804239,0.9660696709004025,1,1,1.0,0,1,0,0,1,0,1,0,0,0,0,0,0
11850,2,1.02,1410,26,19.0,1,-0.9774127310061616,0.9553356467329231,1,1,1.0,0,1,0,0,1,0,0,1,0,0,0,0,0
11850,2,1.1,2315,14,7.0,1,-0.9719370294318956,0.9446615891808976,1,1,1.0,0,1,0,0,1,0,0,0,1,0,0,0,0
11850,2,1.07,2975,9,9.0,1,-0.9664613278576333,0.9340474982443397,1,1,1.0,0,1,0,0,1,0,0,0,0,1,0,0,0
11850,2,1.1,2050,17,7.0,1,-0.9582477754962362,0.9182387992434851,1,1,1.0,0,1,0,0,1,0,0,0,0,0,0,1,0
11850,2,2.2,12500,1,1.66,0,-0.9527720739219703,0.9077746248455724,1,1,1.0,0,1,0,0,1,0,0,0,0,0,0,0,1
12330,2,1.01,852,56,26.0,1,-0.9117043121149884,0.8312047527290641,1,1,0.8,0,1,0,0,0,1,0,0,0,0,0,0,0
12330,2,1.03,1085,38,15.0,1,-0.906228610540726,0.8212502945625748,1,1,0.8,0,1,0,0,0,1,1,0,0,0,0,0,0
12330,2,1.01,1005,44,21.0,1,-0.9007529089664601,0.81135580301154,1,1,0.8,0,1,0,0,0,1,0,1,0,0,0,0,0
12330,2,1.08,1775,17,8.0,1,-0.8925393566050666,0.7966265030889862,1,1,0.8,0,1,0,0,0,1,0,0,1,0,0,0,0
12330,2,1.08,1350,29,8.0,1,-0.8870636550308006,0.7868819280766033,1,1,0.8,0,1,0,0,0,1,0,0,0,1,0,0,0
12330,2,1.25,2595,13,4.0,1,-0.8815879534565383,0.7771973196796875,1,1,1.0,0,1,0,0,0,1,0,0,0,0,0,1,0
12330,2,1.61,4945,4,2.4,1,-0.8761122518822724,0.7675726778982263,1,1,1.0,0,1,0,0,0,1,0,0,0,0,0,0,1
13130,1,1.07,1545,22,9.0,1,-0.7912388774811774,0.6260589612376737,1,0,1.0,0,0,1,0,0,0,1,0,0,0,0,0,0
13130,1,1.12,1910,15,6.0,0,-0.7885010266940462,0.621733869097565,1,0,1.0,0,0,1,0,0,0,0,1,0,0,0,0,0
12860,1,1.05,1145,31,11.0,1,-0.772073921971252,0.5960981409880709,1,0,0.8,0,0,1,0,0,0,1,0,0,0,0,0,0
12860,1,1.1,1735,20,7.0,0,-0.7693360711841208,0.5918779904250187,1,0,0.8,0,0,1,0,0,0,0,1,0,0,0,0,0
12770,1,1.002,656,79,34.0,1,-0.736481861738536,0.5424055326698601,1,1,0.6,0,1,0,0,0,0,0,0,0,0,0,0,0
12770,1,1.01,649,81,26.0,1,-0.7310061601642701,0.5343700061981105,1,1,0.6,0,1,0,0,0,0,1,0,0,0,0,0,0
12770,1,1.01,820,57,21.0,1,-0.7255304585900078,0.526394446341827,1,1,0.6,0,1,0,0,0,0,0,1,0,0,0,0,0
12770,1,1.04,1505,25,13.0,1,-0.7200547570157418,0.5184788531009991,1,1,0.8,0,1,0,0,0,0,0,0,1,0,0,0,0
12770,1,1.25,3150,9,4.0,1,-0.7118412046543448,0.5067179006437488,1,1,0.8,0,1,0,0,0,0,0,0,0,1,0,0,0
12770,1,1.1,2680,11,7.0,0,-0.7063655030800824,0.4989522239415779,1,1,1.0,0,1,0,0,0,0,0,0,0,0,0,1,0
12150,1,1.04,1040,38,13.0,1,-0.6406570841889128,0.41044149952143966,1,0,0.8,1,0,0,0,0,0,0,0,0,0,0,0,0
12150,1,1.03,965,41,15.0,1,-0.637919233401778,0.40694094834391215,1,0,0.8,1,0,0,0,0,0,1,0,0,0,0,0,0
12150,1,1.16,3710,10,5.0,1,-0.6324435318275157,0.39998482095046184,1,0,0.8,1,0,0,0,0,0,0,0,0,1,0,0,0
12150,1,1.3,3365,11,3.5,1,-0.6297056810403845,0.39652924473453444,1,0,0.8,1,0,0,0,0,0,0,0,0,0,0,1,0
12150,1,1.14,4115,6,5.5,1,-0.6269678302532498,0.3930886601724678,1,0,0.8,1,0,0,0,0,0,0,0,0,0,0,0,1
12150,1,1.03,1024,39,15.0,1,-0.6187542778918562,0.3828568564094724,1,0,1.0,0,0,1,0,0,0,1,0,0,0,0,0,0
12150,1,1.02,642,85,19.0,1,-0.6160164271047215,0.37947623846286666,1,0,1.0,0,0,1,0,0,0,0,1,0,0,0,0,0
12150,1,1.1,4495,5,7.0,1,-0.6132785763175903,0.3761106121701304,1,0,1.0,0,0,1,0,0,0,0,0,0,1,0,0,0
12150,1,1.33,8170,3,3.4,0,-0.6105407255304591,0.37275997753125945,1,0,1.0,0,0,1,0,0,0,0,0,0,0,0,1,0
11510,1,1.14,1460,24,5.5,1,-0.5639972621492113,0.3180929117118062,0,0,0.8,0,0,1,0,0,0,1,0,0,0,0,0,0
11510,1,1.16,1735,21,5.0,1,-0.558521560574949,0.31194633362707636,0,0,0.8,0,0,1,0,0,0,0,1,0,0,0,0,0
11510,1,1.36,4295,8,3.25,1,-0.5557837097878178,0.30889553206550924,0,0,0.8,0,0,1,0,0,0,0,0,0,1,0,0,0
11510,1,1.2,4355,7,4.5,1,-0.553045859000683,0.3058597221578034,0,0,0.8,0,0,1,0,0,0,0,0,0,0,0,1,0
11510,1,1.16,3930,10,5.0,1,-0.5503080082135519,0.30283890390396667,0,0,0.8,0,0,1,0,0,0,0,0,0,0,0,0,1
10010,1,1.12,4150,9,6.0,1,-0.5284052019164953,0.2792120574124122,0,0,1.0,0,0,0,1,0,0,0,0,0,0,1,0,0
10010,1,1.14,4895,4,5.5,1,-0.522929500342233,0.2734552623281774,0,0,1.0,0,0,0,1,0,0,0,0,0,0,1,0,0
10010,1,1.07,4465,7,9.0,1,-0.517453798767967,0.26775843385939974,0,0,1.0,0,0,0,1,0,0,0,0,0,0,1,0,0
10010,1,1.07,4625,5,9.0,1,-0.5147159479808359,0.2649325071058105,0,0,1.0,0,0,0,1,0,0,0,0,0,0,0,1,0
11360,1,1.03,711,68,15.0,1,-0.3723477070499648,0.1386428149453664,1,0,1.0,0,0,0,0,0,0,0,0,0,0,0,0,0
11360,1,1.02,781,57,17.0,1,-0.3696098562628336,0.1366114458466325,1,0,1.0,0,0,0,0,0,0,1,0,0,0,0,0,0
11360,1,1.05,1320,27,11.0,0,-0.3668720054757024,0.13459506840176383,1,0,1.0,0,0,0,0,0,0,0,0,0,1,0,0,0
11405,1,1.01,487,116,26.0,1,-0.3340177960301176,0.11156788806481725,1,1,0.8,0,1,0,0,0,0,0,0,0,0,0,0,0
11405,1,1.01,595,88,26.0,1,-0.3285420944558517,0.10793990782943778,1,1,0.8,0,1,0,0,0,0,1,0,0,0,0,0,0
11405,1,1.03,1135,33,15.0,1,-0.32306639288158934,0.10437189420952143,1,1,0.8,0,1,0,0,0,0,0,1,0,0,0,0,0
11405,1,1.02,964,42,17.0,1,-0.3175906913073234,0.1008638472050636,1,1,0.8,0,1,0,0,0,0,0,0,1,0,0,0,0
11405,1,1.11,4575,8,6.5,1,-0.31211498973306107,0.09741576681606881,1,1,0.8,0,1,0,0,0,0,0,0,0,1,0,0,0
11405,1,1.22,5370,4,4.33,1,-0.30663928815879515,0.0940276530425326,1,1,1.0,0,1,0,0,0,0,0,0,0,0,0,1,0
11405,1,1.44,4675,6,2.75,1,-0.3011635865845328,0.09069950588445938,1,1,1.0,0,1,0,0,0,0,0,0,0,0,0,0,1
13045,1,1.02,785,63,15.0,1,-0.23819301848049435,0.05673591405284912,1,0,1.0,1,0,0,0,0,0,0,0,0,0,0,0,0
13045,1,1.01,521,107,21.0,1,-0.2354551676933596,0.055439135993508096,1,0,1.0,1,0,0,0,0,0,1,0,0,0,0,0,0
13045,1,1.01,538,104,26.0,1,-0.23271731690622843,0.054157349588033955,1,0,1.0,1,0,0,0,0,0,0,0,0,1,0,0,0
13045,1,1.11,4460,8,6.5,1,-0.22997946611909725,0.052890554836425,1,0,1.0,1,0,0,0,0,0,0,0,0,0,0,1,0
13045,1,1.44,9205,2,2.75,0,-0.22724161533196607,0.05163875173868124,1,0,1.0,1,0,0,0,0,0,0,0,0,0,0,0,1
13205,1,1.02,788,61,17.0,1,-0.18617385352498417,0.03466070373634226,1,0,0.8,0,0,1,0,0,0,1,0,0,0,0,0,0
13205,1,1.01,730,68,26.0,1,-0.18069815195071826,0.032651822118404866,1,0,0.8,0,0,1,0,0,0,0,1,0,0,0,0,0
13205,1,1.1,1720,20,7.0,1,-0.1752224503764559,0.03070290711592955,1,0,0.8,0,0,1,0,0,0,0,0,1,0,0,0,0
13205,1,1.3,5425,4,3.5,1,-0.16974674880218998,0.028813958728913788,1,0,0.8,0,0,1,0,0,0,0,0,0,0,0,1,0
13205,1,1.5,9205,2,2.62,1,-0.1670088980150588,0.027891972016204313,1,0,0.8,0,0,1,0,0,0,0,0,0,0,0,0,1
13205,1,1.02,1065,41,17.0,1,-0.14784394250513344,0.0218578313354612,1,0,1.0,0,0,1,0,0,0,1,0,0,0,0,0,0
13205,1,1.02,603,84,19.0,1,-0.14510609171800226,0.021055777853673286,1,0,1.0,0,0,1,0,0,0,0,1,0,0,0,0,0
13205,1,1.04,760,65,13.0,1,-0.14236824093086753,0.020268716025749544,1,0,1.0,0,0,1,0,0,0,0,0,1,0,0,0,0
13205,1,1.11,4580,7,6.5,1,-0.134154688569474,0.017997480465172556,1,0,1.0,0,0,1,0,0,0,0,0,0,1,0,0,0
13205,1,1.14,1450,24,5.5,1,-0.13141683778233926,0.017270385252709672,1,0,1.0,0,0,1,0,0,0,0,0,0,0,0,1,0
13205,1,1.28,5695,4,3.75,1,-0.12867898699520808,0.016558281694112928,1,0,1.0,0,0,1,0,0,0,0,0,0,0,0,0,1
13205,1,1.02,742,67,19.0,1,-0.10403832991102036,0.010823974090674312,1,0,1.0,0,0,1,0,1,0,1,0,0,0,0,0,0
13205,1,1.01,876,52,21.0,1,-0.09856262833675444,0.00971459170464919,1,0,1.0,0,0,1,0,1,0,0,1,0,0,0,0,0
13205,1,1.04,3360,10,13.0,1,-0.09582477754962326,0.009182387992434782,1,0,1.0,0,0,1,0,1,0,0,0,0,1,0,0,0
13205,1,1.4,5255,5,3.0,1,-0.09308692676249208,0.008665175934085565,1,0,1.0,0,0,1,0,1,0,0,0,0,0,0,1,0
13205,1,1.07,4510,8,9.0,1,-0.0903490759753609,0.008162955529601537,1,0,1.0,0,0,1,0,1,0,0,0,0,0,0,0,1
13845,1,1.03,290,174,15.0,1,-0.027378507871322455,0.0007495826932600656,1,0,1.0,0,0,1,0,1,0,1,0,0,0,0,0,0
13845,1,1.02,714,68,19.0,1,-0.021902806297056543,0.00047973292368637974,1,0,1.0,0,0,1,0,1,0,0,1,0,0,0,0,0
13845,1,1.2,5040,6,4.5,1,-0.019164955509925363,0.0003672955196974185,1,0,1.0,0,0,1,0,1,0,0,0,0,1,0,0,0
13845,1,1.12,4310,8,6.0,1,-0.016427104722794184,0.00026984976957364695,1,0,1.0,0,0,1,0,1,0,0,0,0,0,0,1,0
13845,1,1.36,8645,2,3.25,1,-0.013689253935659451,0.00018739567331496778,1,0,1.0,0,0,1,0,1,0,0,0,0,0,0,0,1
13845,1,1.002,603,87,34.0,1,0.010951403148528271,0.00011993323092159493,1,1,1.0,0,1,0,0,1,0,0,0,0,0,0,0,0
13845,1,1.002,868,55,34.0,1,0.016427104722794184,0.00026984976957364695,1,1,1.0,0,1,0,0,1,0,1,0,0,0,0,0,0
13845,1,1.005,619,84,29.0,1,0.021902806297056543,0.00047973292368637974,1,1,1.0,0,1,0,0,1,0,0,1,0,0,0,0,0
13845,1,1.02,1625,21,19.0,1,0.027378507871322455,0.0007495826932600656,1,1,1.0,0,1,0,0,1,0,0,0,1,0,0,0,0
13845,1,1.33,4570,7,3.4,1,0.032854209445584814,0.0010793990782943545,1,1,1.0,0,1,0,0,1,0,0,0,0,1,0,0,0
13845,1,1.16,7040,3,5.0,1,0.041067761806981906,0.0016865610598350018,1,1,1.0,0,1,0,0,1,0,0,0,0,0,0,1,0
13845,1,1.12,3845,9,6.0,0,0.043805612594113086,0.001918931694745519,1,1,1.0,0,1,0,0,1,0,0,0,0,0,0,0,1
13845,1,1.03,1195,33,15.0,1,0.10403832991102036,0.010823974090674312,1,1,0.8,0,1,0,0,0,1,0,0,0,0,0,0,0
13845,1,1.005,564,92,34.0,1,0.10951403148528271,0.011993323092159494,1,1,0.8,0,1,0,0,0,1,1,0,0,0,0,0,0
13845,1,1.02,1355,26,17.0,1,0.11498973305954863,0.01322263870910625,1,1,0.8,0,1,0,0,0,1,0,1,0,0,0,0,0
13845,1,1.03,2090,14,15.0,1,0.1259411362080769,0.015861169789381378,1,1,0.8,0,1,0,0,0,1,0,0,1,0,0,0,0
13845,1,1.08,3540,9,7.5,1,0.12867898699520808,0.016558281694112928,1,1,0.8,0,1,0,0,0,1,0,0,0,1,0,0,0
13845,1,1.06,1610,20,10.0,1,0.134154688569474,0.017997480465172556,1,1,1.0,0,1,0,0,0,1,0,0,0,0,0,1,0
13845,1,1.83,9665,2,2.0,1,0.13963039014373635,0.019496645851692026,1,1,1.0,0,1,0,0,0,1,0,0,0,0,0,0,1
13755,1,1.01,1145,33,21.0,1,0.22176591375770016,0.049180120504787705,1,0,1.0,0,0,1,0,0,0,1,0,0,0,0,0,0
13755,1,1.04,1115,35,13.0,1,0.22724161533196607,0.05163875173868124,1,0,1.0,0,0,1,0,0,0,0,1,0,0,0,0,0
13755,1,1.04,585,87,11.0,1,0.23271731690622843,0.054157349588033955,1,0,1.0,0,0,1,0,0,0,0,0,0,1,0,0,0
13755,1,1.04,925,49,13.0,1,0.23271731690622843,0.054157349588033955,1,0,1.0,0,0,1,0,0,0,0,0,0,0,0,1,0
13755,1,1.44,7840,3,2.75,0,0.2354551676933596,0.055439135993508096,1,0,1.0,0,0,1,0,0,0,0,0,0,0,0,0,1
14265,1,1.03,1000,42,15.0,1,0.2436687200547567,0.05937444513312339,1,0,0.8,0,0,1,0,0,0,1,0,0,0,0,0,0
14265,1,1.06,2090,14,10.0,1,0.24640657084188788,0.060716198154058314,1,0,0.8,0,0,1,0,0,0,0,1,0,0,0,0,0
14265,1,1.25,5575,5,4.0,1,0.24914442162902262,0.062072942828860195,1,0,0.8,0,0,1,0,0,0,0,0,0,1,0,0,0
14265,1,1.1,750,66,7.0,1,0.2518822724161538,0.06344467915752551,1,0,0.8,0,0,1,0,0,0,0,0,0,0,0,1,0
14265,1,1.9,8065,3,1.9,0,0.254620123203285,0.06483140714005602,1,0,0.8,0,0,1,0,0,0,0,0,0,0,0,0,1
14865,1,1.005,870,52,34.0,1,0.2847364818617386,0.0810748641030002,1,1,0.8,0,1,0,0,0,0,1,0,0,0,0,0,0
14865,1,1.01,1430,25,26.0,1,0.2874743326488698,0.08264149193191304,1,1,0.8,0,1,0,0,0,0,0,1,0,0,0,0,0
14865,1,1.005,1510,23,26.0,1,0.2956878850102669,0.0874313253418448,1,1,0.8,0,1,0,0,0,0,0,0,1,0,0,0,0
14865,1,1.02,1665,19,15.0,1,0.3011635865845328,0.09069950588445938,1,1,0.8,0,1,0,0,0,0,0,0,0,1,0,0,0
14865,1,1.12,3550,9,6.0,1,0.30663928815879515,0.0940276530425326,1,1,0.8,0,1,0,0,0,0,0,0,0,0,0,1,0
14865,1,1.66,9065,2,2.2,1,0.31211498973306107,0.09741576681606881,1,1,1.0,0,1,0,0,0,0,0,0,0,0,0,0,1
15645,1,1.03,790,59,11.0,1,0.3750855578370995,0.14068917569796813,1,0,1.0,1,0,0,0,0,0,0,0,0,0,0,0,0
15645,1,1.002,230,219,41.0,1,0.3805612594113619,0.14482687216476187,1,0,1.0,1,0,0,0,0,0,1,0,0,0,0,0,0
15645,1,1.08,2280,13,8.0,1,0.38329911019849305,0.1469182078789565,1,0,1.0,1,0,0,0,0,0,0,0,0,1,0,0,0
15645,1,1.07,3945,7,9.0,1,0.3860369609856278,0.1490245352470191,1,0,1.0,1,0,0,0,0,0,0,0,0,0,0,1,0
15645,1,1.1,3770,8,7.0,1,0.38877481177275897,0.15114585426894417,1,0,1.0,1,0,0,0,0,0,0,0,0,0,0,0,1
15785,1,1.01,990,44,21.0,1,0.39698836413415606,0.15759976125791328,1,0,1.0,0,0,1,0,0,0,1,0,0,0,0,0,0
15785,1,1.03,1725,17,15.0,1,0.39972621492128724,0.15978104689529912,1,0,1.0,0,0,1,0,0,0,0,1,0,0,0,0,0
15785,1,1.01,1585,20,21.0,1,0.4024640657084184,0.16197732418655014,1,0,1.0,0,0,1,0,0,0,0,0,0,1,0,0,0
15785,1,1.28,8640,2,3.75,1,0.4052019164955496,0.16418859313166634,1,0,1.0,0,0,1,0,0,0,0,0,0,0,0,1,0
15785,1,1.06,1990,15,10.0,1,0.40793976728268433,0.16641485373065065,1,0,1.0,0,0,1,0,0,0,0,0,0,0,0,0,1
15785,1,1.03,1080,40,13.0,1,0.4517453798767974,0.204073888240032,0,0,1.0,0,0,1,0,0,0,1,0,0,0,0,0,0
15785,1,1.04,2100,15,13.0,1,0.4572210814510598,0.20905111732327664,0,0,1.0,0,0,1,0,0,0,0,1,0,0,0,0,0
15785,1,1.1,4730,5,7.0,1,0.4599589322381945,0.2115622193457,0,0,1.0,0,0,1,0,0,0,0,0,0,1,0,0,0
15785,1,1.12,6585,4,6.0,1,0.4626967830253257,0.2140883130219853,0,0,1.0,0,0,1,0,0,0,0,0,0,0,0,1,0
15785,1,1.25,8070,3,4.0,1,0.46543463381245687,0.21662939835213582,0,0,1.0,0,0,1,0,0,0,0,0,0,0,0,0,1
15285,1,1.05,4035,8,11.0,1,0.48459958932238223,0.2348367619714215,0,0,1.0,0,0,0,1,0,0,0,0,0,0,1,0,0
15285,1,1.3,7340,3,3.5,0,0.4900752908966446,0.2401737907474308,0,0,1.0,0,0,0,1,0,0,0,0,0,0,1,0,0
15285,1,1.06,4620,6,10.0,1,0.4955509924709105,0.2455707861389044,0,0,0.8,0,0,0,1,0,0,0,0,0,0,1,0,0
15285,1,1.2,4630,5,4.5,1,0.5010266940451729,0.25102774814583523,0,0,0.8,0,0,0,1,0,0,0,0,0,0,0,1,0
15285,1,1.44,7340,3,2.75,1,0.5037645448323076,0.25377871663010204,0,0,0.8,0,0,0,1,0,0,0,0,0,0,0,0,1
16585,1,1.01,493,118,21.0,1,0.6214921286789874,0.386252466009939,1,0,0.8,0,0,0,0,0,0,0,0,0,0,0,0,0
16585,1,1.02,900,49,15.0,1,0.6269678302532498,0.3930886601724678,1,0,0.8,0,0,0,0,0,0,1,0,0,0,0,0,0
16585,1,1.01,1150,35,21.0,1,0.6297056810403845,0.39652924473453444,1,0,1.0,0,0,0,0,0,0,0,0,0,1,0,0,0
16585,1,1.07,4620,6,9.0,1,0.6324435318275157,0.39998482095046184,1,0,1.0,0,0,0,0,0,0,0,0,0,0,0,1,0
16585,1,1.14,5230,5,5.5,1,0.6351813826146469,0.4034553888202544,1,0,1.0,0,0,0,0,0,0,0,0,0,0,0,0,1
16790,1,1.002,821,52,41.0,1,0.6598220396988381,0.43536512407233513,1,1,1.0,0,1,0,0,0,0,0,0,0,0,0,0,0
16790,1,1.01,1290,29,26.0,1,0.6707734428473664,0.4499370116293091,1,1,1.0,0,1,0,0,0,0,0,1,0,0,0,0,0
16790,1,1.01,2145,15,21.0,1,0.6762491444216288,0.4573129053309849,1,1,1.0,0,1,0,0,0,0,0,0,1,0,0,0,0
16790,1,1.12,4235,7,6.0,1,0.6817248459958947,0.4647487656481263,1,1,1.0,0,1,0,0,0,0,0,0,0,1,0,0,0
16790,1,1.3,8165,3,3.5,1,0.687200547570157,0.47224459258072365,1,1,1.0,0,1,0,0,0,0,0,0,0,0,0,1,0
16790,1,1.2,8945,2,5.0,1,0.6954140999315541,0.48360077038361354,1,1,1.0,0,1,0,0,0,0,0,0,0,0,0,0,1
16790,1,1.02,1035,41,17.0,1,0.7556468172484614,0.5710021124177296,1,0,1.0,1,0,0,0,0,0,0,0,0,0,0,0,0
16790,1,1.005,486,121,34.0,1,0.7611225188227237,0.5793074886590475,1,0,1.0,1,0,0,0,0,0,1,0,0,0,0,0,0
16540,1,1.005,397,149,29.0,1,0.8131416837782339,0.6611993978977013,1,0,1.0,0,0,1,0,0,0,1,0,0,0,0,0,0
16540,1,1.1,1330,30,7.0,1,0.8186173853524998,0.6701344236013632,1,0,1.0,0,0,1,0,0,0,0,1,0,0,0,0,0
16540,1,1.07,1630,21,9.0,1,0.821355236139631,0.674624423933989,1,0,1.0,0,0,1,0,0,0,0,0,1,0,0,0,0
16540,1,1.11,2950,9,6.5,1,0.8240930869267622,0.67912941592048,1,0,1.0,0,0,1,0,0,0,0,0,0,1,0,0,0
16540,1,1.14,4810,5,5.5,1,0.8268309377138934,0.6836493995608363,1,0,1.0,0,0,1,0,0,0,0,0,0,0,0,1,0
16540,1,1.14,2410,14,5.5,1,0.8295687885010281,0.6881843748550635,1,0,1.0,0,0,1,0,0,0,0,0,0,0,0,0,1
16540,1,1.01,623,87,23.0,1,0.8459958932238187,0.7157090513515669,1,0,1.0,0,0,1,0,0,0,1,0,0,0,0,0,0
16540,1,1.01,1146,38,26.0,1,0.8487337440109499,0.7203489682228447,1,0,1.0,0,0,1,0,0,0,0,1,0,0,0,0,0
16540,1,1.1,2510,14,7.0,1,0.8542094455852158,0.7296737769270019,1,0,1.0,0,0,1,0,0,0,0,0,1,0,0,0,0
16540,1,1.08,3810,7,8.0,1,0.8596851471594782,0.7390585522466137,1,0,1.0,0,0,1,0,0,0,0,0,0,1,0,0,0
16540,1,1.07,2290,15,9.0,1,0.8624229979466129,0.7437734273872235,1,0,1.0,0,0,1,0,0,0,0,0,0,0,0,1,0
16540,1,1.14,4070,6,5.5,1,0.8678986995208753,0.7532481526300265,1,0,1.0,0,0,1,0,0,0,0,0,0,0,0,0,1
16540,1,1.01,840,55,23.0,0,0.8952772073921977,0.8015212780759723,1,0,1.0,0,0,1,0,1,0,1,0,0,0,0,0,0
15550,1,1.05,1015,40,11.0,1,0.9527720739219703,0.9077746248455724,1,0,0.8,0,0,1,0,1,0,1,0,0,0,0,0,0
15550,1,1.04,2015,17,13.0,1,0.955509924709105,0.9129992162175995,1,0,0.8,0,0,1,0,1,0,0,1,0,0,0,0,0
15550,1,1.1,2740,10,7.0,1,0.9582477754962362,0.9182387992434851,1,0,0.8,0,0,1,0,1,0,0,0,0,1,0,0,0
15550,1,1.12,4290,6,6.0,1,0.9609856262833674,0.9234933739232358,1,0,0.8,0,0,1,0,1,0,0,0,0,0,0,1,0
15550,1,1.25,7925,2,4.0,1,0.9637234770704985,0.9287629402568517,1,0,0.8,0,0,1,0,1,0,0,0,0,0,0,0,1
16550,1,1.005,558,103,34.0,1,0.9719370294318956,0.9446615891808976,1,0,1.0,0,0,1,0,1,0,1,0,0,0,0,0,0
16550,1,1.04,1080,37,13.0,1,0.9746748802190268,0.9499911221299743,1,0,1.0,0,0,1,0,1,0,0,1,0,0,0,0,0
16550,1,1.36,5675,5,3.4,1,0.9774127310061616,0.9553356467329231,1,0,1.0,0,0,1,0,1,0,0,0,0,1,0,0,0
16550,1,1.14,4290,6,5.5,1,0.9801505817932927,0.9606951629897302,1,0,1.0,0,0,1,0,1,0,0,0,0,0,0,1,0
16550,1,1.44,7525,3,2.75,0,0.9828884325804239,0.9660696709004025,1,0,1.0,0,0,1,0,1,0,0,0,0,0,0,0,1
16150,1,1.005,331,161,34.0,1,1.0130047912388775,1.0261787070729218,1,1,0.8,0,1,0,0,1,0,1,0,0,0,0,0,0
16150,1,1.005,765,66,34.0,1,1.0184804928131435,1.0373025142409036,1,1,0.8,0,1,0,0,1,0,0,1,0,0,0,0,0
16150,1,1.01,2015,16,21.0,1,1.0294318959616717,1.059730028423242,1,1,0.8,0,1,0,0,1,0,0,0,1,0,0,0,0
16150,1,1.06,2850,8,10.0,1,1.032169746748803,1.065374386103488,1,1,0.8,0,1,0,0,1,0,0,0,0,1,0,0,0
16150,1,1.08,2430,15,8.0,1,1.034907597535934,1.071033735437599,1,1,0.8,0,1,0,0,1,0,0,0,0,0,0,1,0
16150,1,1.3,8435,2,3.5,1,1.0403832991102,1.082397409067424,1,1,1.0,0,1,0,0,1,0,0,0,0,0,0,0,1
16950,1,1.005,309,177,34.0,1,1.1006160164271037,1.2113556156158667,1,1,1.0,0,1,0,0,0,1,0,0,0,0,0,0,0
16950,1,1.005,880,55,34.0,1,1.1060917180013696,1.2234388886312213,1,1,1.0,0,1,0,0,0,1,1,0,0,0,0,0,0
16950,1,1.01,1075,41,26.0,0,1.1143052703627667,1.2416762355582387,1,1,1.0,0,1,0,0,0,1,0,1,0,0,0,0,0
15040,1,1.03,1230,37,15.0,1,1.1827515400410675,1.398901205469517,1,0,0.8,0,0,1,0,0,0,1,0,0,0,0,0,0
15040,1,1.03,451,129,15.0,1,1.1882272416153334,1.411883977716784,1,0,0.8,0,0,1,0,0,0,0,1,0,0,0,0,0
15040,1,1.1,3490,8,7.0,1,1.1882272416153334,1.411883977716784,1,0,0.8,0,0,1,0,0,0,0,0,0,1,0,0,0
15040,1,1.1,2440,14,7.0,1,1.1937029431895958,1.4249267165795034,1,0,0.8,0,0,1,0,0,0,0,0,0,0,0,1,0
15040,1,1.11,4290,6,6.5,1,1.1937029431895958,1.4249267165795034,1,0,0.8,0,0,1,0,0,0,0,0,0,0,0,0,1
14840,1,1.01,216,247,26.0,1,1.2758384668035596,1.6277637933756577,1,1,1.0,0,1,0,0,0,0,0,0,0,0,0,0,0
14840,1,1.06,679,84,10.0,1,1.2922655715263502,1.6699503073523245,1,1,1.0,0,1,0,0,0,0,0,0,1,0,0,0,0
14840,1,1.14,2835,12,5.5,1,1.3032169746748785,1.698374483080743,1,1,1.0,0,1,0,0,0,0,0,0,0,0,0,1,0
14840,1,1.33,4980,3,3.4,0,1.3086926762491444,1.712676520868148,1,1,1.0,0,1,0,0,0,0,0,0,0,0,0,0,1
13540,1,1.04,885,50,13.0,1,1.3908281998631082,1.9344030815344542,1,0,0.8,0,0,1,0,0,0,1,0,0,0,0,0,0
13540,1,1.03,456,131,15.0,1,1.3963039014373706,1.9496645851692223,1,0,0.8,0,0,1,0,0,0,0,1,0,0,0,0,0
13540,1,1.02,537,110,15.0,1,1.3990417522245053,1.957317824467414,1,0,0.8,0,0,1,0,0,0,0,0,0,1,0,0,0
13540,1,1.14,1950,19,5.5,0,1.4017796030116365,1.9649860554194614,1,0,0.8,0,0,1,0,0,0,0,0,0,0,0,1,0
12900,1,1.08,1255,34,8.0,1,1.451060917180012,2.1055777853672977,0,0,0.6,0,0,1,0,0,0,1,0,0,0,0,0,0
12900,1,1.11,2035,18,6.5,1,1.4537987679671467,2.1135308577427936,0,0,0.8,0,0,1,0,0,0,0,1,0,0,0,0,0
12900,1,1.18,3100,10,4.5,0,1.4565366187542779,2.1214989217721447,0,0,0.8,0,0,1,0,0,0,0,0,0,1,0,0,0
10780,2,1.12,3215,9,6.0,1,1.4811772758384656,2.193886122460258,0,0,0.6,0,0,0,1,0,0,0,0,0,0,1,0,0
10780,2,1.22,5050,4,4.33,1,1.4866529774127315,2.2101370752501395,0,0,0.6,0,0,0,1,0,0,0,0,0,0,1,0,0
10780,2,1.1,2780,11,7.0,1,1.4921286789869939,2.226447994655471,0,0,0.8,0,0,0,1,0,0,0,0,0,0,1,0,0
10780,2,1.22,4705,5,4.33,1,1.4976043805612598,2.2428188806762748,0,0,0.8,0,0,0,1,0,0,0,0,0,0,0,1,0
10780,2,1.53,11185,1,2.5,0,1.500342231348391,2.2510268111674687,0,0,0.8,0,0,0,1,0,0,0,0,0,0,0,0,1
11780,2,1.03,758,63,15.0,1,1.6180698151950708,2.6181499268454105,1,0,0.8,0,0,0,0,0,0,0,0,0,0,0,0,0
11780,2,1.02,722,71,19.0,1,1.6235455167693367,2.6359000450218124,1,0,0.8,0,0,0,0,0,0,1,0,0,0,0,0,0
11780,2,1.02,558,107,17.0,1,1.6262833675564679,2.6447975915908053,1,0,0.8,0,0,0,0,0,0,0,0,0,1,0,0,0
11780,2,1.08,1035,42,8.0,1,1.629021218343599,2.6537101298136636,1,0,0.8,0,0,0,0,0,0,0,0,0,0,0,1,0
11780,2,2.3,12410,1,1.61,1,1.6317590691307338,2.662637659690399,1,0,0.8,0,0,0,0,0,0,0,0,0,0,0,0,1
11780,2,1.06,1105,40,10.0,1,1.6591375770020527,2.7527374994202423,1,1,1.0,0,1,0,0,0,0,0,0,0,0,0,0,0
11780,2,1.01,498,117,23.0,0,1.6646132785763186,2.7709373672126003,1,1,1.0,0,1,0,0,0,0,1,0,0,0,0,0,0
9735,2,1.07,775,62,9.0,1,1.7768651608487325,3.157249799837992,1,0,0.8,1,0,0,0,0,0,0,0,0,0,0,0,0
9735,2,1.25,1110,32,3.75,1,1.7796030116358672,3.1669868790234483,1,0,0.8,1,0,0,0,0,0,1,0,0,0,0,0,0
9735,2,1.33,2075,17,3.25,0,1.7823408624229984,3.1767389498627576,1,0,0.8,1,0,0,0,0,0,0,0,0,1,0,0,0
9825,2,1.07,933,46,9.0,1,1.8097193702943173,3.2750841992184605,1,0,0.6,0,0,1,0,0,0,1,0,0,0,0,0,0
9825,2,1.36,1155,35,3.25,1,1.8151950718685832,3.294933148935991,1,0,0.6,0,0,1,0,0,0,0,1,0,0,0,0,0
9825,2,1.4,2255,16,3.0,0,1.8151950718685832,3.294933148935991,1,0,0.8,0,0,1,0,0,0,0,0,1,0,0,0,0
7905,2,1.08,1255,32,8.0,1,1.9082819986310753,3.641540186299411,1,0,0.6,0,0,1,0,1,0,1,0,0,0,0,0,0
7905,2,1.12,2025,19,6.0,1,1.9137577002053376,3.662468535095223,1,0,0.6,0,0,1,0,1,0,0,1,0,0,0,0,0
7905,2,1.33,2705,13,3.4,0,1.9164955509924724,3.6729551969739402,1,0,0.8,0,0,1,0,1,0,0,0,0,1,0,0,0
7085,2,1.14,675,76,5.5,1,1.9685147159479826,3.8750501869037666,1,0,0.6,0,0,1,0,1,0,1,0,0,0,0,0,0
7085,2,1.14,1045,38,5.5,1,1.9712525667351137,3.885836681859774,1,0,0.6,0,0,1,0,1,0,0,1,0,0,0,0,0
7085,2,2.75,4375,5,1.44,0,1.976728268309376,3.9074546467333846,1,0,0.8,0,0,1,0,1,0,0,0,0,0,0,1,0
6845,2,1.11,848,55,6.5,1,1.9849418206707732,3.939994031447804,1,0,0.6,0,0,1,0,1,0,1,0,0,0,0,0,0
6845,2,1.22,2110,20,4.33,1,1.990417522245039,3.9617619128600805,1,0,0.6,0,0,1,0,1,0,0,1,0,0,0,0,0
6845,2,1.44,1125,34,2.75,1,1.9958932238193015,3.983589760887804,1,0,0.8,0,0,1,0,1,0,0,0,0,1,0,0,0
6845,2,1.57,4035,7,2.37,1,1.9958932238193015,3.983589760887804,1,0,0.8,0,0,1,0,1,0,0,0,0,0,0,1,0
6845,2,1.16,2300,17,5.0,0,1.9986310746064326,3.994526172382464,1,0,0.8,0,0,1,0,1,0,0,0,0,0,0,0,1
7445,2,1.01,675,77,21.0,1,2.020533880903489,4.082557163878915,1,1,0.8,0,1,0,0,1,0,0,0,0,0,0,0,0
7445,2,1.01,830,59,21.0,1,2.026009582477755,4.104714828291687,1,1,0.8,0,1,0,0,1,0,1,0,0,0,0,0,0
7445,2,1.05,1005,41,11.0,1,2.0314852840520174,4.126932459319906,1,1,0.8,0,1,0,0,1,0,0,1,0,0,0,0,0
7445,2,1.1,2065,20,7.0,1,2.0369609856262834,4.1492100569636,1,1,0.8,0,1,0,0,1,0,0,0,1,0,0,0,0
7445,2,1.44,4145,7,2.75,0,2.0451745379876805,4.1827388908331224,1,1,0.8,0,1,0,0,1,0,0,0,0,1,0,0,0
5805,4,1.18,671,75,4.5,1,2.102669404517453,4.42121862469378,1,0,0.8,0,0,0,0,0,1,1,0,0,0,0,0,0
5805,4,1.1,935,47,7.0,1,2.105407255304584,4.432739710689183,1,0,0.8,0,0,0,0,0,1,0,0,0,1,0,0,0
5805,4,1.12,864,52,6.0,1,2.108145106091719,4.444275788338465,1,0,0.8,0,0,0,0,0,1,0,0,0,0,0,1,0
5805,4,1.16,2545,16,5.0,1,2.11088295687885,4.455826857641597,1,0,0.8,0,0,0,0,0,1,0,0,0,0,0,0,1
6055,4,1.01,415,136,26.0,1,2.1245722108145095,4.513807078965253,1,1,0.8,0,1,0,0,0,1,1,0,0,0,0,0,0
6055,4,1.07,50,589,9.0,1,2.1300479123887754,4.53710410907178,1,1,1.0,0,1,0,0,0,1,0,1,0,0,0,0,0
6055,4,1.03,896,51,15.0,1,2.1382614647501725,4.572162091635553,1,1,1.0,0,1,0,0,0,1,0,0,1,0,0,0,0
2335,14,1.07,816,63,8.0,1,2.6557152635181396,7.052823560883222,1,1,1.0,0,1,0,0,0,0,0,0,0,0,0,0,0
2335,14,1.25,1265,39,4.0,1,2.661190965092402,7.08193735268943,1,1,1.0,0,1,0,0,0,0,1,0,0,0,0,0,0
2335,14,1.08,1845,22,8.0,1,2.666666666666668,7.111111111111118,1,1,1.0,0,1,0,0,0,0,0,1,0,0,0,0,0
2335,14,1.25,857,58,4.0,0,2.67214236824093,7.140344836148247,1,1,1.0,0,1,0,0,0,0,0,0,1,0,0,0,0
2380,13,1.1,539,109,7.0,0,2.803559206023273,7.8599442216778455,1,0,0.8,0,0,1,0,0,0,1,0,0,0,0,0,0
2300,12,1.2,1075,47,4.33,0,2.836413415468858,8.045241063451712,1,0,0.6,0,0,1,0,0,0,1,0,0,0,0,0,0
2310,13,1.28,639,93,3.5,1,2.9021218343600275,8.42231114146921,1,0,0.4,0,0,1,0,1,0,0,0,0,0,0,0,0
2310,13,1.36,1251,39,3.0,1,2.90759753593429,8.454123430971153,1,0,0.4,0,0,1,0,1,0,1,0,0,0,0,0,0
2310,13,1.61,3665,7,2.3,0,2.9103353867214246,8.470052063202944,1,0,0.4,0,0,1,0,1,0,0,1,0,0,0,0,0
2220,12,1.16,396,140,5.0,0,2.926762491444215,8.56593868132475,1,0,0.4,1,0,0,0,1,0,1,0,0,0,0,0,0
2220,12,1.66,1835,20,2.1,1,2.9596167008898,8.759331016185824,1,0,0.4,0,0,1,0,1,0,0,0,0,0,0,0,0
2220,12,1.28,1757,22,3.5,0,2.965092402464066,8.791772955150126,1,0,0.6,0,0,1,0,1,0,1,0,0,0,0,0,0
1905,18,1.12,966,54,6.0,1,2.9787816563997254,8.873140156503492,1,0,0.4,0,0,1,0,1,0,0,0,0,0,0,0,0
1905,18,1.1,767,74,7.0,1,2.9842573579739913,8.905791978621906,1,0,0.4,0,0,1,0,1,0,1,0,0,0,0,0,0
1905,18,1.16,1180,41,5.0,1,2.9869952087611225,8.922140377161902,1,0,0.6,0,0,1,0,1,0,0,1,0,0,0,0,0
1905,18,1.53,1665,24,2.5,1,2.9897330595482536,8.938503767355762,1,0,0.8,0,0,1,0,1,0,0,0,0,1,0,0,0
1905,18,5.0,7950,2,1.16,0,2.9924709103353884,8.954882149203508,1,0,0.8,0,0,1,0,1,0,0,0,0,0,0,1,0
1665,22,1.06,421,134,11.0,1,3.017111567419576,9.102962210257012,1,1,0.8,0,1,0,0,1,0,0,0,0,0,0,0,0
1665,22,1.07,356,155,9.0,1,3.0225872689938384,9.13603379868363,1,1,0.8,0,1,0,0,1,0,1,0,0,0,0,0,0
1665,22,1.16,2120,13,5.0,1,3.0280629705681044,9.169165353725733,1,1,0.8,0,1,0,0,1,0,0,1,0,0,0,0,0
1665,22,1.22,1280,35,4.33,1,3.0335386721423667,9.202356875383273,1,1,0.8,0,1,0,0,1,0,0,0,1,0,0,0,0
1665,22,1.08,806,72,9.0,0,3.0390143737166326,9.235608363656297,1,1,0.8,0,1,0,0,1,0,0,0,0,1,0,0,0
1665,22,1.12,901,63,6.0,1,3.0773442847364834,9.470047846800298,1,0,0.8,1,0,0,0,0,1,0,0,0,0,0,0,0
1665,22,1.36,4870,5,3.0,1,3.0828199863107457,9.503779067996986,1,0,0.8,1,0,0,0,0,1,1,0,0,0,0,0,0
1665,22,1.08,1535,26,8.0,1,3.085557837097877,9.520667166076128,1,0,0.8,1,0,0,0,0,1,0,0,0,1,0,0,0
1665,22,1.11,910,61,6.5,1,3.0882956878850116,9.537570255809158,1,0,0.8,1,0,0,0,0,1,0,0,0,0,0,1,0
1665,22,1.66,4860,6,2.2,0,3.091033538672143,9.554488337196029,1,0,0.8,1,0,0,0,0,1,0,0,0,0,0,0,1
1715,21,1.03,923,57,15.0,1,3.1156741957563305,9.707425694101858,1,1,0.8,0,1,0,0,0,1,0,0,0,0,0,0,0
1715,21,1.01,438,126,23.0,1,3.1211498973305964,9.741576681606793,1,1,0.8,0,1,0,0,0,1,1,0,0,0,0,0,0
1715,21,1.25,1950,17,4.0,1,3.126625598904859,9.775787635727166,1,1,0.8,0,1,0,0,0,1,0,1,0,0,0,0,0
1715,21,1.11,1130,40,7.0,1,3.1321013004791247,9.810058556463025,1,1,0.8,0,1,0,0,0,1,0,0,1,0,0,0,0
1715,21,1.12,1530,28,6.0,1,3.137577002053387,9.84438944381432,1,1,0.8,0,1,0,0,0,1,0,0,0,1,0,0,0
1715,21,1.9,8770,1,1.9,1,3.145790554414784,9.895998212245274,1,1,1.0,0,1,0,0,0,1,0,0,0,0,0,1,0
1715,21,1.16,3635,8,5.0,1,3.1485284052019153,9.913231118363317,1,1,1.0,0,1,0,0,0,1,0,0,0,0,0,0,1
3355,10,1.04,695,84,11.0,1,3.211498973305954,10.313725655545195,1,0,1.0,0,0,1,0,0,0,0,0,0,0,0,0,0
3355,10,1.06,468,121,10.0,1,3.2142368240930885,10.331318361356024,1,0,1.0,0,0,1,0,0,0,1,0,0,0,0,0,0
3355,10,1.22,1534,27,4.0,0,3.2169746748802197,10.348926058820695,1,0,1.0,0,0,1,0,0,0,0,1,0,0,0,0,0
3445,10,1.14,1235,33,5.5,1,3.230663928815879,10.437189420952052,1,0,0.8,0,0,1,0,0,0,0,0,0,0,0,0,0
3445,10,1.1,1410,28,7.0,1,3.2334017796030103,10.454887068339914,1,0,0.8,0,0,1,0,0,0,1,0,0,0,0,0,0
3445,10,1.25,4700,5,3.75,1,3.2388774811772763,10.490327338077257,1,0,0.8,0,0,1,0,0,0,0,1,0,0,0,0,0
3445,10,1.36,1395,29,3.25,1,3.2388774811772763,10.490327338077257,1,0,0.8,0,0,1,0,0,0,0,0,0,1,0,0,0
3445,10,1.44,4085,7,2.75,1,3.2416153319644074,10.508069960426715,1,0,0.8,0,0,1,0,0,0,0,0,0,0,0,1,0
3445,10,2.1,6480,2,1.72,1,3.2443531827515386,10.52582757443004,1,0,1.0,0,0,1,0,0,0,0,0,0,0,0,0,1
4445,6,1.02,1072,41,19.0,1,3.26899383983573,10.68632072488395,1,1,1.0,0,1,0,0,0,0,0,0,0,0,0,0,0
4445,6,1.02,876,61,17.0,1,3.277207392197127,10.740088291471494,1,1,1.0,0,1,0,0,0,0,1,0,0,0,0,0,0
4445,6,1.08,1535,25,9.0,1,3.2826830937713893,10.7760082941325,1,1,1.0,0,1,0,0,0,0,0,1,0,0,0,0,0
4445,6,1.02,816,68,19.0,1,3.2854209445585205,10.793990782943801,1,1,1.0,0,1,0,0,0,0,0,0,1,0,0,0,0
4445,6,1.06,963,55,11.0,1,3.2936344969199176,10.848028199300918,1,1,1.0,0,1,0,0,0,0,0,0,0,1,0,0,0
4445,6,1.16,1755,19,5.0,1,3.2991101984941835,10.884128101808331,1,1,1.0,0,1,0,0,0,0,0,0,0,0,0,1,0
4445,6,1.44,5500,3,2.75,1,3.3018480492813147,10.902200540542824,1,1,1.0,0,1,0,0,0,0,0,0,0,0,0,0,1
6445,3,1.08,1100,41,8.0,1,3.3839835728952785,11.451344821625094,1,0,1.0,0,0,1,0,0,0,1,0,0,0,0,0,0
6445,3,1.05,1768,21,12.0,1,3.389459274469541,11.488434173287587,1,0,1.0,0,0,1,0,0,0,0,1,0,0,0,0,0
6445,3,1.16,3640,8,5.0,1,3.392197125256672,11.50700133659963,1,0,1.0,0,0,1,0,0,0,0,0,0,1,0,0,0
6445,3,1.33,4755,5,3.4,1,3.394934976043807,11.525583491565563,1,0,1.0,0,0,1,0,0,0,0,0,0,0,0,1,0
6445,3,1.12,1815,19,6.0,1,3.397672826830938,11.544180638185336,1,0,1.0,0,0,1,0,0,0,0,0,0,0,0,0,1
7445,2,1.02,1017,48,17.0,1,3.441478439425051,11.843773849027485,0,0,1.0,0,0,1,0,0,0,1,0,0,0,0,0,0
7445,2,1.14,4050,7,5.5,1,3.449691991786448,11.900374838195551,0,0,1.0,0,0,1,0,0,0,0,0,0,1,0,0,0
7445,2,1.4,6260,3,3.0,1,3.4524298425735793,11.91927181789263,0,0,1.0,0,0,1,0,0,0,0,0,0,0,0,1,0
7445,2,1.16,1845,18,5.0,0,3.4551676933607105,11.938183789243572,0,0,1.0,0,0,1,0,0,0,0,0,0,0,0,0,1
8045,1,1.11,3155,10,7.0,1,3.477070499657767,12.090019259590314,0,0,0.8,0,0,0,1,0,0,0,0,0,0,1,0,0
8045,1,1.14,5085,5,5.5,1,3.482546201232033,12.128128043715664,0,0,0.8,0,0,0,1,0,0,0,0,0,0,1,0,0
8045,1,1.2,4050,7,4.5,1,3.4880219028062953,12.166296794456448,0,0,0.8,0,0,0,1,0,0,0,0,0,0,1,0,0
8045,1,1.11,4310,6,7.0,1,3.49075975359343,12.185403657307665,0,0,0.8,0,0,0,1,0,0,0,0,0,0,0,1,0
8045,1,1.14,5085,5,5.5,0,3.4934976043805612,12.20452551181272,0,0,0.8,0,0,0,1,0,0,0,0,0,0,0,0,1
9045,1,1.05,985,47,11.0,1,3.613963039014372,13.060728847361997,1,0,0.8,0,0,0,0,0,0,0,0,0,0,0,0,0
9045,1,1.04,1122,36,13.0,1,3.616700889801507,13.080525326291012,1,0,0.8,0,0,0,0,0,0,1,0,0,0,0,0,0
9045,1,1.06,1795,21,10.0,1,3.619438740588638,13.100336796873867,1,0,0.8,0,0,0,0,0,0,0,0,0,1,0,0,0
9045,1,1.16,1605,24,5.0,0,3.6221765913757693,13.120163259110587,1,0,0.8,0,0,0,0,0,0,0,0,0,0,0,1,0
9135,1,1.005,216,230,29.0,1,3.652292950034223,13.339243792869686,1,1,0.6,0,1,0,0,0,0,0,0,0,0,0,0,0
9135,1,1.06,290,177,10.0,1,3.657768651608489,13.379271508689783,1,1,0.8,0,1,0,0,0,0,1,0,0,0,0,0,0
9135,1,1.05,1440,27,11.0,1,3.663244353182751,13.419359191125313,1,1,0.8,0,1,0,0,0,0,0,1,0,0,0,0,0
9135,1,1.11,1865,19,6.5,1,3.668720054757017,13.459506840176331,1,1,0.8,0,1,0,0,0,0,0,0,1,0,0,0,0
9135,1,1.05,1245,31,11.0,1,3.6796714579055454,13.539982038124721,1,1,0.8,0,1,0,0,0,0,0,0,0,0,0,1,0
9135,1,1.74,7480,2,2.15,1,3.6851471594798078,13.580309587022096,1,1,1.0,0,1,0,0,0,0,0,0,0,0,0,0,1
10955,1,1.02,452,128,17.0,1,3.8001368925393564,14.441040402038675,1,0,1.0,0,0,1,0,0,0,1,0,0,0,0,0,0
10955,1,1.07,1160,39,9.0,0,3.8056125941136223,14.482687216476213,1,0,1.0,0,0,1,0,0,0,0,1,0,0,0,0,0
10990,1,1.04,679,81,13.0,1,3.8357289527720724,14.712816599133939,1,0,0.8,0,0,1,0,0,0,1,0,0,0,0,0,0
10990,1,1.04,676,83,13.0,1,3.838466803559207,14.733827402026037,1,0,0.8,0,0,1,0,0,0,0,1,0,0,0,0,0
10990,1,1.2,1510,25,4.5,0,3.8439425051334695,14.775893982771773,1,0,0.8,0,0,1,0,0,0,0,0,1,0,0,0,0
11070,1,1.16,1090,40,5.0,1,3.9014373716632456,15.221213565010613,1,0,0.6,0,0,1,0,1,0,1,0,0,0,0,0,0
11070,1,1.07,810,65,9.0,1,3.906913073237508,15.263969761834149,1,0,0.6,0,0,1,0,1,0,0,1,0,0,0,0,0
11070,1,1.22,2295,14,4.33,0,3.909650924024639,15.285370347726714,1,0,0.8,0,0,1,0,1,0,0,0,0,1,0,0,0
11160,1,1.1,900,57,7.0,1,3.958932238193018,15.67314446660398,1,0,0.6,0,0,1,0,1,0,1,0,0,0,0,0,0
11160,1,1.08,970,47,8.0,1,3.964407939767284,15.716530312889882,1,0,0.6,0,0,1,0,1,0,0,1,0,0,0,0,0
11160,1,1.8,5085,5,2.0,1,3.9698836413415464,15.759976125791216,1,0,0.8,0,0,1,0,1,0,0,0,0,0,0,1,0
11160,1,1.4,3190,9,3.0,1,3.9726214921286775,15.78172151972268,1,0,0.8,0,0,1,0,1,0,0,0,0,0,0,0,1
12115,1,1.1,1470,22,7.0,1,3.983572895277206,15.86885301198722,1,0,0.8,0,0,1,0,1,0,1,0,0,0,0,0,0
12115,1,1.08,895,56,8.0,1,3.983572895277206,15.86885301198722,1,0,1.0,0,0,1,0,1,0,0,1,0,0,0,0,0
12115,1,1.1,3145,9,7.0,1,3.9863107460643405,15.89067336418804,1,0,1.0,0,0,1,0,1,0,0,0,0,1,0,0,0
12115,1,1.11,1440,24,6.5,1,3.9890485968514717,15.912508708042695,1,0,1.0,0,0,1,0,1,0,0,0,0,0,0,1,0
12115,1,2.75,7945,2,1.44,0,3.991786447638603,15.934359043551217,1,0,1.0,0,0,1,0,1,0,0,0,0,0,0,0,1
12355,1,1.03,1040,44,15.0,1,4.0136892539356595,16.10970142715859,1,1,0.8,0,1,0,0,1,0,0,0,0,0,0,0,0
12355,1,1.005,548,104,29.0,1,4.0219028062970565,16.17570218330014,1,1,0.8,0,1,0,0,1,0,1,0,0,0,0,0,0
12355,1,1.005,388,147,29.0,1,4.027378507871319,16.21977764566381,1,1,0.8,0,1,0,0,1,0,0,1,0,0,0,0,0
12355,1,1.04,1035,45,13.0,1,4.032854209445588,16.263913074643,1,1,0.8,0,1,0,0,1,0,0,0,1,0,0,0,0
12355,1,1.1,4360,5,7.0,1,4.041067761806978,16.33022865551566,1,1,0.8,0,1,0,0,1,0,0,0,0,1,0,0,0
12355,1,1.44,4685,4,2.75,0,4.046543463381248,16.374514001033504,1,1,1.0,0,1,0,0,1,0,0,0,0,0,0,1,0
12415,1,1.03,885,57,15.0,1,4.109514031485283,16.88810557497442,1,1,0.8,0,1,0,0,0,1,0,0,0,0,0,0,0
12415,1,1.01,520,111,26.0,1,4.114989733059545,16.933140503185466,1,1,0.8,0,1,0,0,0,1,1,0,0,0,0,0,0
12415,1,1.01,959,48,23.0,1,4.1204654346338145,16.97823539801203,1,1,0.8,0,1,0,0,0,1,0,1,0,0,0,0,0
12415,1,1.02,822,66,17.0,1,4.128678986995212,17.045990177655806,1,1,0.8,0,1,0,0,0,1,0,0,1,0,0,0,0
12415,1,1.08,1510,23,8.0,1,4.134154688569474,17.091234989020965,1,1,0.8,0,1,0,0,0,1,0,0,0,1,0,0,0
12415,1,1.08,1600,22,8.0,1,4.139630390143736,17.136539767001583,1,1,1.0,0,1,0,0,0,1,0,0,0,0,0,1,0
12415,1,1.55,6620,3,2.6,1,4.145106091717999,17.18190451159766,1,1,1.0,0,1,0,0,0,1,0,0,0,0,0,0,1
12325,1,1.1,1035,45,7.0,1,4.2272416153319625,17.86957167439438,1,0,1.0,0,0,1,0,0,0,1,0,0,0,0,0,0
12325,1,1.06,962,53,10.0,1,4.23545516769336,17.939080477540386,1,0,1.0,0,0,1,0,0,0,0,1,0,0,0,0,0
12325,1,1.04,1340,31,13.0,1,4.238193018480494,17.962280061896802,1,0,1.0,0,0,1,0,0,0,0,0,0,1,0,0,0
12325,1,1.33,3230,8,3.4,0,4.238193018480494,17.962280061896802,1,0,1.0,0,0,1,0,0,0,0,0,0,0,0,1,0
11685,1,1.005,787,76,34.0,1,4.2628336755646785,18.171750945528267,1,1,0.8,0,1,0,0,0,0,0,0,0,0,0,0,0
11685,1,1.01,970,56,26.0,1,4.271047227926076,18.241844423175014,1,1,0.8,0,1,0,0,0,0,1,0,0,0,0,0,0
11685,1,1.08,491,111,8.0,1,4.276522929500345,18.288648366542212,1,1,0.8,0,1,0,0,0,0,0,1,0,0,0,0,0
9865,1,1.11,596,94,6.5,1,4.3613963039014365,19.02177771968511,1,0,0.8,1,0,0,0,0,0,0,0,0,0,0,0,0
9865,1,1.04,412,133,13.0,1,4.364134154688571,19.04566692011933,1,0,0.8,1,0,0,0,0,0,1,0,0,0,0,0,0
9865,1,1.14,1520,24,5.5,1,4.369609856262834,19.0934902959493,1,0,1.0,1,0,0,0,0,0,0,0,0,1,0,0,0
9865,1,1.14,2055,15,5.5,1,4.372347707049968,19.117424471345117,1,0,1.0,1,0,0,0,0,0,0,0,0,0,0,1,0
9865,1,1.05,691,80,11.0,1,4.375085557837096,19.141373638394732,1,0,1.0,1,0,0,0,0,0,0,0,0,0,0,0,1
10365,1,1.1,1220,36,7.0,1,4.383299110198493,19.213311089466902,1,0,1.0,0,0,1,0,0,0,1,0,0,0,0,0,0
10365,1,1.11,1895,17,6.5,1,4.386036960985628,19.23732022313204,1,0,1.0,0,0,1,0,0,0,0,1,0,0,0,0,0
10365,1,1.14,3630,7,5.5,0,4.388774811772755,19.261344348450983,1,0,1.0,0,0,1,0,0,0,0,0,0,1,0,0,0
9545,1,1.03,584,97,15.0,1,4.440793976728266,19.720651143746043,0,0,0.8,0,0,1,0,0,0,1,0,0,0,0,0,0
9545,1,1.1,710,75,7.0,1,4.4435318275154,19.744975102142355,0,0,0.8,0,0,1,0,0,0,0,1,0,0,0,0,0
9545,1,1.3,3830,7,3.5,1,4.446269678302535,19.769314052192527,0,0,0.8,0,0,1,0,0,0,0,0,0,1,0,0,0
9545,1,1.12,1477,27,6.0,1,4.449007529089663,19.793667993896506,0,0,0.8,0,0,1,0,0,0,0,0,0,0,0,1,0
9545,1,1.12,1460,28,6.0,1,4.451745379876797,19.81803692725441,0,0,0.8,0,0,1,0,0,0,0,0,0,0,0,0,1
9720,2,1.01,1270,37,23.0,1,4.6652977412731005,21.765003014727892,1,1,1.0,0,1,0,0,0,0,0,0,0,0,0,0,0
9720,2,1.005,362,146,29.0,1,4.670773442847363,21.81612455440821,1,1,1.0,0,1,0,0,0,0,1,0,0,0,0,0,0
9720,2,1.01,797,71,23.0,1,4.676249144421632,21.86730606070405,1,1,1.0,0,1,0,0,0,0,0,1,0,0,0,0,0
9720,2,1.04,2130,14,13.0,1,4.681724845995895,21.918547533615282,1,1,1.0,0,1,0,0,0,0,0,0,1,0,0,0,0
9720,2,1.12,1305,35,6.0,1,4.687200547570157,21.96984897314198,1,1,1.0,0,1,0,0,0,0,0,0,0,1,0,0,0
9720,2,1.11,6590,3,6.5,1,4.692676249144419,22.02121037928414,1,1,1.0,0,1,0,0,0,0,0,0,0,0,0,1,0
9720,2,1.25,5890,5,4.0,1,4.7008898015058165,22.098364925901393,1,1,1.0,0,1,0,0,0,0,0,0,0,0,0,0,1
9720,1,1.02,704,80,19.0,1,4.766598220396986,22.720458594691713,1,0,1.0,1,0,0,0,0,0,1,0,0,0,0,0,0
9720,1,1.07,2040,17,9.0,1,4.769336071184121,22.746566559897985,1,0,1.0,1,0,0,0,0,0,0,0,0,1,0,0,0
9720,1,1.11,2860,9,6.5,1,4.772073921971256,22.77268951675812,1,0,1.0,1,0,0,0,0,0,0,0,0,0,0,1,0
9720,1,1.3,4745,6,3.5,1,4.774811772758383,22.798827465272055,1,0,1.0,1,0,0,0,0,0,0,0,0,0,0,0,1
10220,1,1.07,739,72,9.0,1,5.262149212867897,27.690214338486225,1,0,1.0,0,0,1,0,0,0,1,0,0,0,0,0,0
10220,1,1.16,923,55,5.0,1,5.262149212867897,27.690214338486225,1,0,1.0,0,0,1,0,0,0,0,1,0,0,0,0,0
10220,1,1.14,1315,34,5.5,1,5.264887063655031,27.7190357930421,1,0,1.0,0,0,1,0,0,0,0,0,0,1,0,0,0
10220,1,1.2,2360,12,4.5,1,5.270362765229294,27.776723677115367,1,0,1.0,0,0,1,0,0,0,0,0,0,0,0,1,0
10220,1,1.36,1350,30,3.2,1,5.273100616016428,27.805590106632838,1,0,1.0,0,0,1,0,0,0,0,0,0,0,0,0,1
10860,1,1.01,524,109,26.0,1,5.2813141683778255,27.892279345108363,1,1,1.0,0,1,0,0,0,0,0,0,0,0,0,0,0
10860,1,1.03,1050,44,15.0,1,5.284052019164953,27.92120574124122,1,1,1.0,0,1,0,0,0,0,1,0,0,0,0,0,0
10860,1,1.05,1405,29,11.0,1,5.29226557152635,28.008074879563125,1,1,1.0,0,1,0,0,0,0,0,1,0,0,0,0,0
10860,1,1.04,703,87,13.0,1,5.322381930184804,28.32774941075772,1,0,1.0,0,0,1,0,1,0,1,0,0,0,0,0,0
10860,1,1.16,1583,29,5.0,1,5.327857631759066,28.386066944293326,1,0,1.0,0,0,1,0,1,0,0,1,0,0,0,0,0
10860,1,1.03,652,97,15.0,1,5.330595482546201,28.415248198541967,1,0,1.0,0,0,1,0,1,0,0,0,0,1,0,0,0
10860,1,1.16,1359,34,5.0,1,5.333333333333336,28.44444444444447,1,0,1.0,0,0,1,0,1,0,0,0,0,0,0,1,0
10860,1,1.16,2265,15,5.0,1,5.336071184120463,28.473655682000764,1,0,1.0,0,0,1,0,1,0,0,0,0,0,0,0,1
11260,1,1.01,763,80,23.0,1,5.35797399041752,28.70788528199064,1,1,1.0,0,1,0,0,1,0,0,0,0,0,0,0,0
11260,1,1.005,379,153,34.0,1,5.368925393566052,28.825359881678384,1,1,1.0,0,1,0,0,1,0,0,1,0,0,0,0,0
11260,1,1.04,2200,16,13.0,1,5.374401095140314,28.884187131445408,1,1,1.0,0,1,0,0,1,0,0,0,1,0,0,0,0
11260,1,1.06,2130,18,10.0,1,5.379876796714576,28.943074347827892,1,1,1.0,0,1,0,0,1,0,0,0,0,1,0,0,0
11260,1,1.33,5385,6,3.4,1,5.385352498288846,29.002021530825914,1,1,1.0,0,1,0,0,1,0,0,0,0,0,0,1,0
11260,1,2.1,9850,2,1.72,0,5.390828199863108,29.06102868043932,1,1,1.0,0,1,0,0,1,0,0,0,0,0,0,0,1
11740,1,1.08,1628,30,8.0,1,5.434633812457221,29.53524467550331,0,0,0.8,1,0,0,0,0,0,0,0,0,0,0,0,0
11740,1,1.12,1820,24,6.0,1,5.437371663244356,29.565010604252695,0,0,0.8,1,0,0,0,0,0,1,0,0,0,0,0,0
11740,1,1.03,1253,42,15.0,0,5.442847364818618,29.62458743671298,0,0,0.8,1,0,0,0,0,0,0,0,0,1,0,0,0
11830,1,1.12,3455,9,6.0,1,5.489390828199866,30.133411664724814,0,0,0.6,0,0,0,1,0,0,0,0,0,0,1,0,0
11830,1,1.4,6970,4,2.75,0,5.494866529774129,30.193558180031975,0,0,0.6,0,0,0,1,0,0,0,0,0,0,1,0,0
11830,1,1.33,5525,7,3.25,1,5.500342231348391,30.253764661954595,0,0,0.6,0,0,0,1,0,0,0,0,0,0,1,0,0
11830,1,1.57,9125,3,2.25,0,5.503080082135526,30.283890390396746,0,0,0.6,0,0,0,1,0,0,0,0,0,0,0,1,0
12030,1,1.01,1020,61,26.0,1,5.719370294318956,32.7111965635381,1,1,0.4,0,1,0,0,0,0,0,0,0,0,0,0,0
12030,1,1.01,1695,31,21.0,1,5.730321697467488,32.83658675646667,1,1,0.6,0,1,0,0,0,0,0,1,0,0,0,0,0
12030,1,1.44,2630,14,2.75,1,5.735797399041751,32.89937180285411,1,1,0.6,0,1,0,0,0,0,0,0,1,0,0,0,0
12030,1,1.57,5615,7,2.37,1,5.741273100616013,32.962216815857005,1,1,0.8,0,1,0,0,0,0,0,0,0,1,0,0,0
12030,1,1.07,642,114,9.0,1,5.746748802190282,33.02512179547544,1,1,0.8,0,1,0,0,0,0,0,0,0,0,0,1,0
12030,1,1.83,8715,4,2.0,1,5.7549623545516795,33.11959170230701,1,1,1.0,0,1,0,0,0,0,0,0,0,0,0,0,1
11963,1,1.33,2369,22,3.4,1,5.8973305954825435,34.77850815241449,1,0,1.0,0,0,1,0,1,0,1,0,0,0,0,0,0
11963,1,1.05,1825,33,11.0,0,5.900068446269678,34.810807670667096,1,0,1.0,0,0,1,0,1,0,0,1,0,0,0,0,0
11873,1,1.01,910,85,21.0,1,5.916495550992472,35.00491960491372,1,0,0.8,0,0,0,0,1,0,1,0,0,0,0,0,0
11873,1,1.05,1364,47,11.0,1,5.921971252566735,35.06974351622682,1,0,0.8,0,0,0,0,1,0,0,0,0,1,0,0,0
11873,1,1.12,1946,28,6.0,0,5.9247091033538695,35.10217795936421,1,0,0.8,0,0,0,0,1,0,0,0,0,0,0,1,0
11463,1,1.11,1830,31,6.5,1,5.97125256673511,35.65585721574064,1,0,0.6,0,0,1,0,1,0,1,0,0,0,0,0,0
11463,1,1.16,1328,48,5.0,1,5.97672826830938,35.721280793208436,1,0,0.6,0,0,1,0,1,0,0,1,0,0,0,0,0
11463,1,1.57,7610,5,2.37,1,5.982203969883642,35.78676433729161,1,0,0.8,0,0,1,0,1,0,0,0,0,1,0,0,0
11463,1,1.16,1817,33,5.0,1,5.982203969883642,35.78676433729161,1,0,0.8,0,0,1,0,1,0,0,0,0,0,0,1,0
11463,1,2.62,9630,3,1.5,0,5.984941820670777,35.81952859681403,1,0,0.8,0,0,1,0,1,0,0,0,0,0,0,0,1
11063,1,1.01,241,253,26.0,1,6.009582477754961,36.11508155693946,1,0,0.8,0,0,0,0,1,0,1,0,0,0,0,0,0
11063,1,1.02,808,96,19.0,1,6.015058179329223,36.18092490071539,1,0,0.8,0,0,0,0,1,0,0,0,0,1,0,0,0
11063,1,1.02,673,119,19.0,1,6.017796030116358,36.2138690600842,1,0,0.8,0,0,0,0,1,0,0,0,0,0,0,1,0
11063,1,1.02,237,255,19.0,1,6.020533880903493,36.24682821110687,1,0,0.8,0,0,0,0,1,0,0,0,0,0,0,0,1
11313,1,1.02,846,92,19.0,1,6.034223134839152,36.411848841028046,1,1,0.8,0,1,0,0,1,0,1,0,0,0,0,0,0
11313,1,1.16,3958,9,5.0,1,6.050650239561946,36.61036832151104,1,1,1.0,0,1,0,0,1,0,0,0,0,1,0,0,0
11313,1,3.0,9630,3,1.4,1,6.056125941136209,36.67666141490293,1,1,1.0,0,1,0,0,1,0,0,0,0,0,0,1,0
11313,1,1.4,7500,5,3.0,1,6.061601642710471,36.74301447491028,1,1,1.0,0,1,0,0,1,0,0,0,0,0,0,0,1
12113,1,1.01,255,253,26.0,1,6.1026694045174565,37.242573860833446,1,1,1.0,0,1,0,0,0,1,0,0,0,0,0,0,0
12113,1,1.02,753,102,19.0,1,6.108145106091719,37.30943663707222,1,1,1.0,0,1,0,0,0,1,1,0,0,0,0,0,0
12113,1,1.02,698,114,19.0,1,6.113620807665981,37.37635937992645,1,1,1.0,0,1,0,0,0,1,0,1,0,0,0,0,0
12113,1,1.01,2440,20,21.0,1,6.121834360027378,37.47685593161182,1,1,1.0,0,1,0,0,0,1,0,0,1,0,0,0,0
12113,1,1.03,1344,48,15.0,1,6.127310061601641,37.5439285910047,1,1,1.0,0,1,0,0,0,1,0,0,0,1,0,0,0
12113,1,1.08,2915,12,8.0,1,6.13278576317591,37.61106121701313,1,1,1.0,0,1,0,0,0,1,0,0,0,0,0,1,0
12113,1,1.22,4468,9,4.5,1,6.1382614647501725,37.678253809636935,1,1,1.0,0,1,0,0,0,1,0,0,0,0,0,0,1
11113,1,1.01,541,145,23.0,1,6.280629705681044,39.44630949988315,1,1,1.0,0,1,0,0,0,0,0,0,0,0,0,0,0
11113,1,1.01,675,121,26.0,1,6.286105407255306,39.51512119112439,1,1,1.0,0,1,0,0,0,0,1,0,0,0,0,0,0
11113,1,1.03,1208,56,15.0,1,6.288843258042434,39.549549524225775,1,1,1.0,0,1,0,0,0,0,0,1,0,0,0,0,0
11113,1,1.03,812,99,15.0,1,6.297056810403831,39.65292447345327,1,1,1.0,0,1,0,0,0,0,0,0,1,0,0,0,0
11113,1,1.1,5533,8,7.0,1,6.3025325119781,39.721916064540984,1,1,1.0,0,1,0,0,0,0,0,0,0,1,0,0,0
11113,1,1.4,8240,4,3.0,1,6.3080082135523625,39.79096762224407,1,1,1.0,0,1,0,0,0,0,0,0,0,0,0,1,0
11113,1,1.4,9980,2,3.0,0,6.31074606433949,39.82551588857636,1,1,1.0,0,1,0,0,0,0,0,0,0,0,0,0,1
10340,1,1.08,1439,40,8.0,1,6.450376454483234,41.607356404551695,0,0,0.8,0,0,1,0,0,0,1,0,0,0,0,0,0
10340,1,1.22,1890,26,4.33,1,6.458590006844624,41.71338487651324,0,0,0.8,0,0,1,0,0,0,0,0,0,1,0,0,0
10340,1,1.16,3366,10,5.0,1,6.461327857631758,41.74875768380821,0,0,0.8,0,0,1,0,0,0,0,0,0,0,0,1,0
10340,1,2.0,9540,2,1.8,1,6.464065708418893,41.78414548275705,0,0,0.8,0,0,1,0,0,0,0,0,0,0,0,0,1
10940,1,1.11,3760,8,6.5,1,6.48596851471595,42.06778757388662,0,0,0.8,0,0,0,1,0,0,0,0,0,0,1,0,0
10940,1,1.22,4950,5,4.33,1,6.491444216290212,42.13884801320764,0,0,1.0,0,0,0,1,0,0,0,0,0,0,1,0,0
10940,1,1.14,2945,12,5.5,1,6.496919917864474,42.209968419144126,0,0,1.0,0,0,0,1,0,0,0,0,0,0,1,0,0
10940,1,1.4,6540,3,3.0,0,6.499657768651609,42.245551109593215,0,0,1.0,0,0,0,1,0,0,0,0,0,0,0,1,0
8875,1,1.06,1010,58,10.0,1,6.7542778918548905,45.62026984039974,1,0,0.8,1,0,0,0,0,0,0,0,0,0,0,0,0
8875,1,1.12,1770,26,6.0,1,6.75975359342916,45.69426864387844,1,0,0.8,1,0,0,0,0,0,1,0,0,0,0,0,0
8875,1,1.05,550,123,11.0,0,6.762491444216288,45.73129053309849,1,0,0.8,1,0,0,0,0,0,0,0,0,1,0,0,0
8420,1,1.16,1095,46,5.0,0,6.891170431211499,47.48822991200368,1,0,0.6,0,0,1,0,1,0,1,0,0,0,0,0,0
8340,1,1.14,991,50,5.5,1,6.913073237508556,47.79058158715702,1,0,0.4,0,0,0,0,1,0,1,0,0,0,0,0,0
8340,1,1.53,1211,38,2.5,1,6.9158110882956905,47.828443008993624,1,0,0.6,0,0,0,0,1,0,0,0,0,1,0,0,0
8340,1,1.25,1566,26,4.0,1,6.921286789869953,47.90421082762832,1,0,0.6,0,0,0,0,1,0,0,0,0,0,0,1,0
8340,1,1.4,3865,8,3.0,0,6.924024640657088,47.94211722442651,1,0,0.6,0,0,0,0,1,0,0,0,0,0,0,0,1
8400,1,1.2,1745,21,4.5,1,6.948665297741272,48.2839494200338,1,0,0.6,0,0,1,0,1,0,1,0,0,0,0,0,0
8400,1,1.3,3008,14,3.5,1,6.956878850102669,48.39816333500583,1,0,0.8,0,0,1,0,1,0,0,0,0,1,0,0,0
8400,1,1.72,3818,9,2.1,0,6.9596167008898036,48.436264623304275,1,0,0.8,0,0,1,0,1,0,0,0,0,0,0,1,0
8260,1,1.08,1173,35,8.0,1,6.967830253251201,48.55065843812269,1,0,0.6,0,0,1,0,1,0,1,0,0,0,0,0,0
8260,1,1.07,119,361,9.0,1,6.973305954825463,48.626995939604264,1,0,0.6,0,0,1,0,1,0,0,1,0,0,0,0,0
8260,1,1.16,3760,9,5.0,1,6.976043805612591,48.66518717782579,1,0,0.8,0,0,1,0,1,0,0,0,0,1,0,0,0
8260,1,1.2,3760,10,4.5,1,6.978781656399725,48.70339340770129,1,0,0.8,0,0,1,0,1,0,0,0,0,0,0,1,0
8260,1,1.44,5750,5,2.75,1,6.98151950718686,48.74161462923066,1,0,0.8,0,0,1,0,1,0,0,0,0,0,0,0,1
8660,1,1.01,654,99,26.0,1,7.003422313483917,49.04792410100441,1,1,1.0,0,1,0,0,1,0,0,0,0,0,0,0,0
8660,1,1.03,1163,38,15.0,1,7.008898015058179,49.12465138548648,1,1,1.0,0,1,0,0,1,0,1,0,0,0,0,0,0
8660,1,1.01,291,195,21.0,1,7.014373716632441,49.20143863658401,1,1,1.0,0,1,0,0,1,0,0,1,0,0,0,0,0
8660,1,1.07,2505,16,9.0,1,7.019849418206711,49.278285854297096,1,1,1.0,0,1,0,0,1,0,0,0,1,0,0,0,0
8660,1,1.44,5525,5,2.75,0,7.025325119780973,49.35519303862554,1,1,1.0,0,1,0,0,1,0,0,0,0,1,0,0,0
6770,3,1.005,698,81,34.0,1,7.09924709103354,50.399309259548176,1,1,0.8,0,1,0,0,0,1,0,0,0,0,0,0,0
6770,3,1.02,728,79,17.0,1,7.104722792607802,50.47708595980081,1,1,0.8,0,1,0,0,0,1,1,0,0,0,0,0,0
6770,3,1.02,1306,30,17.0,1,7.110198494182065,50.5549226266689,1,1,0.8,0,1,0,0,0,1,0,1,0,0,0,0,0
6770,3,1.05,546,104,11.0,1,7.115674195756334,50.63281926015255,1,1,0.8,0,1,0,0,0,1,0,0,1,0,0,0,0
6770,3,1.11,3185,13,6.5,1,7.1211498973305964,50.710775860251566,1,1,0.8,0,1,0,0,0,1,0,0,0,1,0,0,0
6770,3,1.06,3200,12,10.0,1,7.1293634496919935,50.82782319780412,1,1,1.0,0,1,0,0,0,1,0,0,0,0,0,1,0
6770,3,1.28,1070,40,3.75,1,7.134839151266256,50.90592971444179,1,1,1.0,0,1,0,0,0,1,0,0,0,0,0,0,1
3570,7,1.03,468,115,15.0,1,7.356605065023956,54.119638082736124,0,0,1.0,0,0,0,0,0,0,1,0,0,0,0,0,0
3570,7,1.06,363,149,10.0,1,7.359342915811091,54.159928152498885,0,0,1.0,0,0,0,0,0,0,0,0,0,1,0,0,0
3570,7,1.06,506,104,10.0,1,7.362080766598218,54.20023321391541,0,0,1.0,0,0,0,0,0,0,0,0,0,0,0,1,0
3570,7,1.25,2345,16,4.0,1,7.364818617385353,54.240553266985906,0,0,1.0,0,0,0,0,0,0,0,0,0,0,0,0,1
3820,7,1.05,640,81,11.0,1,7.37303216974675,54.36160337612047,0,0,1.0,1,0,0,0,0,0,0,0,0,0,0,0,0
3820,7,1.08,1233,34,8.0,1,7.375770020533878,54.40198339580632,0,0,1.0,1,0,0,0,0,0,1,0,0,0,0,0,0
3820,7,1.12,1990,18,6.0,1,7.378507871321013,54.442378407146144,0,0,1.0,1,0,0,0,0,0,0,0,0,1,0,0,0
3820,7,1.25,4810,6,4.0,1,7.383983572895275,54.52321340478727,0,0,1.0,1,0,0,0,0,0,0,0,0,0,0,0,1
4320,7,1.06,1254,34,10.0,1,7.446954140999317,55.45712597814688,0,0,1.0,0,0,1,0,0,0,1,0,0,0,0,0,0
4320,7,1.08,1945,19,8.0,1,7.452429842573579,55.53871055848126,0,0,1.0,0,0,1,0,0,0,0,1,0,0,0,0,0
4320,7,1.11,1746,23,6.5,1,7.455167693360714,55.57952533612931,0,0,1.0,0,0,1,0,0,0,0,0,0,1,0,0,0
4320,7,1.2,5035,5,4.5,1,7.457905544147842,55.620355105431116,0,0,1.0,0,0,1,0,0,0,0,0,0,0,0,1,0
4320,7,1.25,1991,18,4.0,0,7.460643394934976,55.66119986638689,0,0,1.0,0,0,1,0,0,0,0,0,0,0,0,0,1
3320,8,1.33,5350,3,3.4,1,7.482546201232033,55.988497653571926,0,0,0.8,0,0,0,1,0,0,0,0,0,0,1,0,0
3320,8,1.3,3530,7,3.5,1,7.488021902806295,56.07047201690681,0,0,0.8,0,0,0,1,0,0,0,0,0,0,1,0,0
3320,8,1.33,4065,5,3.4,1,7.493497604380565,56.152506346857265,0,0,0.8,0,0,0,1,0,0,0,0,0,0,1,0,0
3320,8,1.22,2955,9,4.33,1,7.496235455167692,56.19354599931318,0,0,0.8,0,0,0,1,0,0,0,0,0,0,0,1,0
3320,8,1.22,5020,4,4.33,1,7.498973305954827,56.23460064342307,0,0,0.8,0,0,0,1,0,0,0,0,0,0,0,0,1
4820,5,1.03,760,65,17.0,1,7.619438740588635,58.05584672158292,1,0,1.0,0,0,0,0,0,0,0,0,0,0,0,0,0
4820,5,1.03,767,64,15.0,1,7.624914442162904,58.13932025030443,1,0,1.0,0,0,0,0,0,0,1,0,0,0,0,0,0
4820,5,1.14,2075,18,5.5,1,7.627652292950032,58.18107950214588,1,0,1.0,0,0,0,0,0,0,0,0,0,1,0,0,0
4820,5,1.53,4065,7,2.5,1,7.630390143737166,58.222853745641295,1,0,1.0,0,0,0,0,0,0,0,0,0,0,0,1,0
4820,5,1.14,1175,33,5.5,1,7.633127994524301,58.264642980790576,1,0,1.0,0,0,0,0,0,0,0,0,0,0,0,0,1
5070,5,1.01,695,75,29.0,1,7.657768651608485,58.64142072155764,1,1,1.0,0,1,0,0,0,0,0,0,0,0,0,0,0
5070,5,1.01,302,191,29.0,1,7.663244353182755,58.725314016587376,1,1,1.0,0,1,0,0,0,0,1,0,0,0,0,0,0
5070,5,1.2,1395,28,4.5,1,7.668720054757017,58.80926727823247,1,1,1.0,0,1,0,0,0,0,0,1,0,0,0,0,0
5070,5,1.2,1710,24,4.5,1,7.6741957563312795,58.89328050649302,1,1,1.0,0,1,0,0,0,0,0,0,1,0,0,0,0
5070,5,1.11,3930,6,6.5,1,7.679671457905542,58.97735370136903,1,1,1.0,0,1,0,0,0,0,0,0,0,1,0,0,0
5070,5,1.05,1160,35,11.0,1,7.685147159479811,59.06148686286061,1,1,1.0,0,1,0,0,0,0,0,0,0,0,0,1,0
5070,5,1.2,5715,4,4.8,1,7.690622861054074,59.145679990967544,1,1,1.0,0,1,0,0,0,0,0,0,0,0,0,0,1
6980,1,1.05,435,130,11.0,1,7.7727583846680375,60.41577290642728,1,0,1.0,1,0,0,0,0,0,0,0,0,0,0,0,0
6980,1,1.06,989,39,10.0,1,7.775496235455165,60.458341707577446,1,0,1.0,1,0,0,0,0,0,1,0,0,0,0,0,0
6980,1,1.1,3065,11,7.0,1,7.7782340862423,60.500925500381584,1,0,1.0,1,0,0,0,0,0,0,0,0,1,0,0,0
6980,1,1.44,3320,7,2.75,0,7.780971937029435,60.54352428483959,1,0,1.0,1,0,0,0,0,0,0,0,0,0,0,1,0
7160,1,1.02,292,198,19.0,1,7.8877481177275826,62.21657036871502,1,0,0.8,0,0,1,0,1,0,1,0,0,0,0,0,0
7160,1,1.17,1840,21,5.0,0,7.893223819301845,62.302982261594,1,0,0.8,0,0,1,0,1,0,0,1,0,0,0,0,0
7240,1,1.06,672,87,10.0,1,7.909650924024639,62.562577739923825,1,0,0.6,0,0,0,0,1,0,1,0,0,0,0,0,0
7240,1,1.08,744,70,8.0,0,7.9151266255989015,62.64922949926465,1,0,0.6,0,0,0,0,1,0,0,0,0,1,0,0,0
6775,1,1.11,826,61,6.5,1,7.972621492128681,63.56269345675216,1,0,0.4,0,0,1,0,1,0,1,0,0,0,0,0,0
6775,1,1.14,1125,33,5.5,1,7.9780971937029435,63.65003483217078,1,0,0.6,0,0,1,0,1,0,0,1,0,0,0,0,0
6775,1,1.17,2680,13,5.0,1,7.983572895277206,63.737436174204866,1,0,0.6,0,0,1,0,1,0,0,0,1,0,0,0,0
6775,1,1.33,3865,7,3.4,0,7.9863107460643405,63.781159332702764,1,0,0.8,0,0,1,0,1,0,0,0,0,1,0,0,0
5955,3,1.01,545,114,29.0,1,8.019164955509922,64.30700658367844,1,1,0.6,0,1,0,0,1,0,0,0,0,0,0,0,0
5955,3,1.05,720,83,11.0,1,8.024640657084191,64.3948576753286,1,1,0.8,0,1,0,0,1,0,1,0,0,0,0,0,0
5955,3,1.13,1115,34,6.0,1,8.030116358658454,64.4827687335941,1,1,0.8,0,1,0,0,1,0,0,1,0,0,0,0,0
5955,3,1.03,661,94,15.0,1,8.035592060232716,64.57073975847507,1,1,0.8,0,1,0,0,1,0,0,0,1,0,0,0,0
5955,3,1.08,2945,11,8.0,1,8.041067761806978,64.6587707499715,1,1,0.8,0,1,0,0,1,0,0,0,0,1,0,0,0
5955,3,2.63,6815,1,1.5,1,8.049281314168375,64.79092967462017,1,1,1.0,0,1,0,0,1,0,0,0,0,0,0,1,0
5955,3,1.2,4960,4,4.8,1,8.054757015742645,64.87911058265536,1,1,1.0,0,1,0,0,1,0,0,0,0,0,0,0,1
7595,2,1.01,772,68,34.0,1,8.114989733059545,65.85305836766183,1,1,1.0,0,1,0,0,0,1,0,0,0,0,0,0,0
7595,2,1.03,769,70,15.0,1,8.120465434633815,65.94195887508255,1,1,1.0,0,1,0,0,0,1,1,0,0,0,0,0,0
7595,2,1.04,674,88,15.0,1,8.125941136208077,66.0309193491186,1,1,1.0,0,1,0,0,0,1,0,1,0,0,0,0,0
7595,2,1.05,2060,18,11.0,1,8.134154688569474,66.16447249757675,1,1,1.0,0,1,0,0,0,1,0,0,1,0,0,0,0
7595,2,1.07,4255,7,9.0,1,8.136892539356602,66.20902019703712,1,1,1.0,0,1,0,0,0,1,0,0,0,1,0,0,0
7595,2,1.2,3345,8,4.5,1,8.145106091717999,66.34275324534165,1,1,1.0,0,1,0,0,0,1,0,0,0,0,0,1,0
7595,2,1.53,7675,1,2.63,0,8.150581793292268,66.4319835691474,1,1,1.0,0,1,0,0,0,1,0,0,0,0,0,0,1
8795,2,1.13,297,211,6.0,1,8.240930869267622,67.912941592048,1,0,0.8,0,0,1,0,0,0,0,1,0,0,0,0,0
8795,2,1.22,3605,9,4.33,1,8.243668720054757,67.95807396600924,1,0,0.8,0,0,1,0,0,0,0,0,0,1,0,0,0
8795,2,1.29,2310,17,3.75,1,8.246406570841891,68.00322133162432,1,0,0.8,0,0,1,0,0,0,0,0,0,0,0,1,0
8795,2,1.62,9395,1,2.3,1,8.246406570841891,68.00322133162432,1,0,0.8,0,0,1,0,0,0,0,0,0,0,0,0,1
9795,2,1.01,697,84,29.0,1,8.271047227926076,68.41022224658361,1,1,0.8,0,1,0,0,0,0,0,0,0,0,0,0,0
9795,2,1.01,776,76,34.0,1,8.27378507871321,68.45551952873737,1,1,1.0,0,1,0,0,0,0,1,0,0,0,0,0,0
9795,2,1.01,1110,38,26.0,1,8.281998631074607,68.59150132512167,1,1,1.0,0,1,0,0,0,0,0,1,0,0,0,0,0
9795,2,1.02,559,105,19.0,1,8.28747433264887,68.68223081431383,1,1,1.0,0,1,0,0,0,0,0,0,1,0,0,0,0
9795,2,1.13,3605,9,6.0,1,8.290212183436005,68.72761804639076,1,1,1.0,0,1,0,0,0,0,0,0,0,1,0,0,0
9795,2,1.06,1015,47,10.0,1,8.298425735797402,68.86386969254464,1,1,1.0,0,1,0,0,0,0,0,0,0,0,0,1,0
9795,2,1.44,6260,3,2.88,1,8.303901437371664,68.95477908158318,1,1,1.0,0,1,0,0,0,0,0,0,0,0,0,0,1
11045,1,1.05,1380,31,11.0,1,8.446269678302535,71.33947147861281,0,0,1.0,0,0,1,0,0,0,1,0,0,0,0,0,0
11045,1,1.1,1570,23,7.0,1,8.449007529089663,71.38572822661381,0,0,1.0,0,0,1,0,0,0,0,1,0,0,0,0,0
11045,1,1.29,4280,7,3.75,1,8.451745379876797,71.43199996626879,0,0,1.0,0,0,1,0,0,0,0,0,0,1,0,0,0
11045,1,1.36,4935,5,3.2,1,8.454483230663932,71.47828669757764,0,0,1.0,0,0,1,0,0,0,0,0,0,0,0,1,0
11045,1,1.33,2060,17,3.4,1,8.45722108145106,71.52458842054023,0,0,1.0,0,0,1,0,0,0,0,0,0,0,0,0,1
11445,1,1.2,3460,10,4.5,1,8.476386036960989,71.84912024758721,0,0,1.0,0,0,0,1,0,0,0,0,0,0,1,0,0
11445,1,1.62,5490,4,2.3,0,8.481861738535251,71.94197855162822,0,0,1.0,0,0,0,1,0,0,0,0,0,0,1,0,0
11445,1,1.14,3245,11,5.5,1,8.487337440109513,72.03489682228471,0,0,0.8,0,0,0,1,0,0,0,0,0,0,1,0,0
11445,1,1.62,8455,2,2.3,1,8.492813141683776,72.12787505955664,0,0,0.8,0,0,0,1,0,0,0,0,0,0,0,1,0
11445,1,1.53,5490,4,2.5,1,8.49555099247091,72.17438666567347,0,0,0.8,0,0,0,1,0,0,0,0,0,0,0,0,1
11055,1,1.01,321,187,34.0,1,8.648870636550306,74.8029632877821,1,1,0.8,0,1,0,0,0,0,0,0,0,0,0,0,0
11055,1,1.02,1052,43,19.0,1,8.657084188911703,74.945106653905,1,1,0.8,0,1,0,0,0,0,1,0,0,0,0,0,0
11055,1,1.05,1375,32,11.0,1,8.662559890485966,75.03994385625623,1,1,1.0,0,1,0,0,0,0,0,1,0,0,0,0,0
11055,1,1.02,1765,19,19.0,1,8.668035592060235,75.13484102522304,1,1,1.0,0,1,0,0,0,0,0,0,1,0,0,0,0
11055,1,1.1,2840,12,7.0,1,8.673511293634498,75.22979816080517,1,1,1.0,0,1,0,0,0,0,0,0,0,1,0,0,0
11055,1,1.5,6490,4,2.63,0,8.681724845995895,75.37234630158244,1,1,1.0,0,1,0,0,0,0,0,0,0,0,0,1,0
9675,1,1.02,801,69,21.0,1,8.799452429842574,77.4303630650624,1,0,0.8,0,0,1,0,0,0,1,0,0,0,0,0,0
9675,1,1.03,513,123,17.0,0,8.807665982203972,77.57498005407305,1,0,0.8,0,0,1,0,0,0,0,1,0,0,0,0,0
9725,1,1.14,1089,41,5.5,1,8.884325804243666,78.93124499594987,1,0,0.6,0,0,1,0,1,0,1,0,0,0,0,0,0
9725,1,1.2,1590,24,4.5,1,8.889801505817935,79.02857081284283,1,0,0.6,0,0,1,0,1,0,0,1,0,0,0,0,0
9725,1,1.22,3355,11,4.33,1,8.892539356605063,79.07725620876998,1,0,0.6,0,0,1,0,1,0,0,0,0,1,0,0,0
9725,1,1.4,3465,10,3.0,0,8.895277207392198,79.12595659635113,1,0,0.8,0,0,1,0,1,0,0,0,0,0,0,1,0
9990,1,1.08,715,83,8.0,1,8.969199178644764,80.44653390620192,1,0,0.6,0,0,1,0,1,0,1,0,0,0,0,0,0
9990,1,1.07,1320,32,9.0,0,8.974674880219027,80.5447892056344,1,0,0.8,0,0,1,0,1,0,0,1,0,0,0,0,0
9860,1,1.08,682,85,8.0,1,9.002053388090346,81.03696520202887,1,0,0.6,0,0,0,0,1,0,1,0,0,0,0,0,0
9860,1,1.14,1605,27,5.5,1,9.00479123887748,81.08626525576463,1,0,0.6,0,0,0,0,1,0,0,0,0,1,0,0,0
9860,1,1.14,1029,44,5.5,0,9.007529089664615,81.13558030115425,1,0,0.6,0,0,0,0,1,0,0,0,0,0,0,1,0
9960,1,1.02,450,142,21.0,1,9.01848049281314,81.33299039925113,1,1,0.6,0,1,0,0,1,0,0,0,0,0,0,0,0
9960,1,1.03,816,63,17.0,1,9.02395619438741,81.4317853982229,1,1,0.6,0,1,0,0,1,0,1,0,0,0,0,0,0
9960,1,1.2,1370,30,4.5,1,9.029431895961672,81.53064036381,1,1,0.8,0,1,0,0,1,0,0,1,0,0,0,0,0
9960,1,1.14,1590,27,5.5,1,9.034907597535934,81.62955529601254,1,1,0.8,0,1,0,0,1,0,0,0,1,0,0,0,0
8360,2,1.02,523,123,21.0,1,9.114305270362763,83.07056056136244,1,1,0.8,0,1,0,0,0,1,0,0,0,0,0,0,0
8360,2,1.02,206,277,19.0,1,9.119780971937033,83.17040497610476,1,1,1.0,0,1,0,0,0,1,1,0,0,0,0,0,0
8360,2,1.13,981,47,6.0,1,9.125256673511295,83.27030935746242,1,1,1.0,0,1,0,0,0,1,0,1,0,0,0,0,0
8360,2,1.3,2370,15,3.5,1,9.130732375085557,83.37027370543554,1,1,1.0,0,1,0,0,0,1,0,0,1,0,0,0,0
8360,2,1.11,1620,25,6.5,1,9.14168377823409,83.57038230122829,1,1,1.0,0,1,0,0,0,1,0,0,0,0,0,1,0
8360,2,2.1,8130,3,1.8,0,9.147159479808352,83.67052654904779,1,1,1.0,0,1,0,0,0,1,0,0,0,0,0,0,1
7460,2,1.01,424,138,29.0,1,9.267624914442166,85.88887155478916,1,1,0.8,0,1,0,0,0,0,0,0,0,0,0,0,0
7460,2,1.13,1635,28,6.0,0,9.27857631759069,86.09197848135483,1,1,0.8,0,1,0,0,0,0,0,1,0,0,0,0,0
5560,4,1.2,1215,43,4.5,1,9.374401095140314,87.87939589256791,1,0,0.6,0,0,1,0,0,0,1,0,0,0,0,0,0
5560,4,1.1,1552,30,7.0,1,9.382614647501711,88.03345762351366,1,0,0.6,0,0,1,0,0,0,0,1,0,0,0,0,0
5560,4,1.1,853,61,7.0,1,9.385352498288846,88.08484151713668,1,0,0.6,0,0,1,0,0,0,0,0,1,0,0,0,0
5560,4,1.1,822,65,7.0,1,9.390828199863108,88.18765427934419,1,0,0.8,0,0,1,0,0,0,0,0,0,1,0,0,0
5560,4,1.4,4060,7,3.0,1,9.393566050650243,88.23908314792881,1,0,0.8,0,0,1,0,0,0,0,0,0,0,0,1,0
5560,4,3.0,11010,1,1.4,0,9.39630390143737,88.29052700816715,1,0,1.0,0,0,1,0,0,0,0,0,0,0,0,0,1
3910,7,1.04,746,73,13.0,1,9.612594113620808,92.40196559321741,1,0,0.8,0,0,0,0,0,0,0,0,0,0,0,0,0
3910,7,1.06,1005,55,10.0,1,9.61806981519507,92.50726696996654,1,0,0.8,0,0,0,0,0,0,1,0,0,0,0,0,0
3910,7,1.05,176,293,11.0,0,9.620807665982205,92.55994014582197,1,0,0.8,0,0,0,0,0,0,0,0,0,1,0,0,0
3900,7,1.04,566,107,13.0,1,9.648186173853524,93.08749644533832,1,1,0.6,0,1,0,0,0,0,0,0,0,0,0,0,0
3900,7,1.01,481,125,23.0,1,9.653661875427787,93.19318760508793,1,1,0.6,0,1,0,0,0,0,1,0,0,0,0,0,0
3900,7,1.22,1805,25,4.33,1,9.659137577002056,93.29893873145315,1,1,0.8,0,1,0,0,0,0,0,1,0,0,0,0,0
3900,7,1.25,1660,29,4.0,1,9.664613278576319,93.4047498244337,1,1,0.8,0,1,0,0,0,0,0,0,1,0,0,0,0
3900,7,2.5,7010,3,1.53,1,9.670088980150581,93.5106208840297,1,1,0.8,0,1,0,0,0,0,0,0,0,1,0,0,0
3900,7,1.29,1430,35,3.75,0,9.746748802190282,94.9991122129977,1,0,1.0,1,0,0,0,0,0,0,0,0,0,0,0,0
3900,7,1.1,710,85,7.0,0,9.796030116358658,95.96220604060582,1,0,0.8,0,0,1,0,0,0,1,0,0,0,0,0,0
3860,5,1.08,752,86,8.0,1,9.831622176591374,96.6607946232433,1,0,0.6,0,0,1,0,0,0,1,0,0,0,0,0,0
3860,5,1.05,870,65,11.0,1,9.837097878165643,96.768494664611,1,0,0.6,0,0,1,0,0,0,0,1,0,0,0,0,0
3860,5,1.3,2650,16,3.5,1,9.842573579739906,96.87625467259402,1,0,0.6,0,0,1,0,0,0,0,0,1,0,0,0,0
3860,5,1.25,1860,25,4.0,1,9.848049281314168,96.9840746471925,1,0,0.6,0,0,1,0,0,0,0,0,0,1,0,0,0
3860,5,1.22,2745,15,4.33,1,9.850787132101303,97.03800712197261,1,0,0.8,0,0,1,0,0,0,0,0,0,0,0,1,0
3860,5,1.22,1042,54,4.33,0,9.8590006844627,97.19989449623598,1,0,1.0,0,0,1,0,0,0,0,0,0,0,0,0,1
4510,5,1.17,1575,32,5.0,0,9.883641341546884,97.68636616833469,1,0,0.8,0,0,1,0,1,0,1,0,0,0,0,0,0
4120,5,1.3,1240,44,3.5,0,9.930184804928132,98.60857026002556,1,0,0.6,0,0,1,0,1,0,1,0,0,0,0,0,0
4080,6,1.25,443,134,4.0,1,9.998631074606436,99.97262336608546,1,0,0.4,0,0,0,0,1,0,1,0,0,0,0,0,0
4080,6,1.29,1365,39,3.75,1,10.001368925393564,100.02738038182801,1,0,0.4,0,0,0,0,1,0,0,0,0,1,0,0,0
4080,6,1.17,657,90,5.0,1,10.004106776180699,100.08215238922458,1,0,0.4,0,0,0,0,1,0,0,0,0,0,0,1,0
4080,6,1.36,1665,31,3.2,1,10.006844626967833,100.136939388275,1,0,0.6,0,0,0,0,1,0,0,0,0,0,0,0,1
4230,6,1.02,617,98,21.0,1,10.015058179329223,100.30139033534918,1,1,0.8,0,1,0,0,1,0,0,0,0,0,0,0,0
4230,6,1.07,812,73,9.0,1,10.020533880903493,100.41109925833481,1,1,1.0,0,1,0,0,1,0,1,0,0,0,0,0,0
4230,6,1.05,374,153,11.0,1,10.026009582477755,100.52086814793577,1,1,1.0,0,1,0,0,1,0,0,1,0,0,0,0,0
4230,6,1.08,762,81,8.0,1,10.031485284052017,100.63069700415218,1,1,1.0,0,1,0,0,1,0,0,0,1,0,0,0,0
4230,6,1.91,7285,3,1.91,1,10.036960985626287,100.7405858269842,1,1,1.0,0,1,0,0,1,0,0,0,0,1,0,0,0
4230,6,4.33,10380,1,1.22,0,10.04243668720055,100.85053461643155,1,1,1.0,0,1,0,0,1,0,0,0,0,0,0,1,0
4630,6,1.02,1311,41,15.0,1,10.110882956878854,102.22995416770327,1,1,0.8,0,1,0,0,0,1,0,0,0,0,0,0,0
4630,6,1.06,375,154,9.0,1,10.116358658453116,102.34071250645933,1,1,0.8,0,1,0,0,0,1,1,0,0,0,0,0,0
4630,6,1.04,1106,49,9.5,1,10.121834360027378,102.45153081183085,1,0,0.8,0,1,0,0,0,1,0,1,0,0,0,0,0
4630,6,1.17,3085,11,5.0,1,10.12731006160164,102.56240908381783,1,1,0.8,0,1,0,0,0,1,0,0,1,0,0,0,0
4630,6,1.1,2035,24,7.0,1,10.13278576317591,102.67334732242041,1,1,0.8,0,1,0,0,0,1,0,0,0,1,0,0,0
4630,6,2.8,10430,1,1.4,0,10.138261464750173,102.78434552763831,1,1,1.0,0,1,0,0,0,1,0,0,0,0,0,1,0
4130,7,1.14,1000,50,5.5,1,10.261464750171115,105.29765881900434,1,1,0.8,0,1,0,0,0,0,0,0,0,0,0,0,0
4130,7,1.05,421,145,11.0,1,10.266940451745377,105.41006623968556,1,1,0.8,0,1,0,0,0,0,1,0,0,0,0,0,0
4130,7,1.08,1297,35,8.0,1,10.275154004106774,105.57878980811148,1,1,0.8,0,1,0,0,0,0,0,1,0,0,0,0,0
4130,7,1.14,428,144,5.5,1,10.280629705681044,105.6913471453315,1,1,0.8,0,1,0,0,0,0,0,0,1,0,0,0,0
4130,7,1.44,5575,4,2.75,1,10.286105407255306,105.80396444916684,1,1,0.8,0,1,0,0,0,0,0,0,0,1,0,0,0
4130,7,4.0,9590,2,1.25,0,10.291581108829568,105.91664171961764,1,1,1.0,0,1,0,0,0,0,0,0,0,0,0,1,0
4830,5,1.08,664,94,8.0,1,10.36824093086927,107.50042000055286,1,0,0.8,0,0,1,0,0,0,1,0,0,0,0,0,0
4830,5,1.08,394,150,8.0,1,10.373716632443532,107.61399677023557,1,0,0.8,0,0,1,0,0,0,0,1,0,0,0,0,0
4830,5,1.17,1138,41,5.0,1,10.379192334017795,107.72763350653375,1,0,0.8,0,0,1,0,0,0,0,0,1,0,0,0,0
4830,5,1.33,1129,44,3.4,1,10.384668035592057,107.84133020944739,1,0,0.8,0,0,1,0,0,0,0,0,0,1,0,0,0
4830,5,1.11,263,204,6.5,0,10.390143737166326,107.95508687897663,1,0,0.8,0,0,1,0,0,0,0,0,0,0,0,1,0
4580,5,1.2,696,89,4.5,1,10.455852156057496,109.32484430933219,0,0,0.8,0,0,0,0,0,0,1,0,0,0,0,0,0
4580,5,1.17,1120,47,5.0,1,10.461327857631758,109.43938054486227,0,0,0.8,0,0,0,0,0,0,0,0,0,1,0,0,0
4580,5,1.2,518,117,4.5,1,10.464065708418893,109.49667115010818,0,0,0.8,0,0,0,0,0,0,0,0,0,0,0,1,0
4580,5,1.36,3685,9,3.2,1,10.46680355920602,109.55397674700782,0,0,0.8,0,0,0,0,0,0,0,0,0,0,0,0,1
4780,4,1.02,768,71,17.0,1,10.663928815879537,113.71937779014594,1,1,0.8,0,1,0,0,0,0,0,0,0,0,0,0,0
4780,4,1.01,436,141,29.0,1,10.672142368240934,113.89462272800321,1,1,1.0,0,1,0,0,0,0,1,0,0,0,0,0,0
4780,4,1.06,759,75,10.0,1,10.677618069815196,114.011527644844,1,1,1.0,0,1,0,0,0,0,0,1,0,0,0,0,0
4780,4,10.0,11500,2,1.06,1,10.69404517453799,114.36260219505928,1,1,1.0,0,1,0,0,0,0,0,0,0,0,0,1,0
4780,4,3.5,12050,1,1.3,0,10.699520876112253,114.4797469783619,1,1,1.0,0,1,0,0,0,0,0,0,0,0,0,0,1
5280,3,1.1,895,57,7.0,1,10.792607802874741,116.48038318667275,1,0,0.8,0,0,1,0,0,0,1,0,0,0,0,0,0
5280,3,1.13,771,72,6.0,1,10.79808350444901,116.59860736905382,1,0,0.8,0,0,1,0,0,0,0,1,0,0,0,0,0
5280,3,1.67,2510,14,2.2,0,10.8062970568104,116.77605608002912,1,0,0.8,0,0,1,0,0,0,0,0,1,0,0,0,0
4700,4,1.44,740,79,2.75,0,10.962354551676931,120.17321731667194,1,0,0.6,0,0,1,0,1,0,1,0,0,0,0,0,0
4460,4,1.08,710,83,8.0,1,11.006160164271044,121.13556156158683,1,1,0.4,0,1,0,0,1,0,0,0,0,0,0,0,0
4460,4,1.1,773,74,7.0,1,11.014373716632441,121.31642836964355,1,1,0.6,0,1,0,0,1,0,1,0,0,0,0,0,0
4460,4,1.44,1435,30,2.75,0,11.01984941820671,121.43708119995078,1,1,0.6,0,1,0,0,1,0,0,1,0,0,0,0,0
3760,8,1.05,634,102,11.0,1,11.104722792607802,123.31486830066322,1,1,0.4,0,1,0,0,0,1,0,0,0,0,0,0,0
3760,8,1.17,700,87,5.0,1,11.110198494182065,123.43651058012541,1,1,0.6,0,1,0,0,0,1,1,0,0,0,0,0,0
3760,8,1.13,1683,28,6.0,1,11.115674195756334,123.55821282620323,1,1,0.8,0,1,0,0,0,1,0,1,0,0,0,0,0
3760,8,1.17,458,132,5.0,1,11.121149897330596,123.67997503889633,1,1,0.8,0,1,0,0,0,1,0,0,1,0,0,0,0
3760,8,1.57,4390,4,2.38,1,11.126625598904859,123.80179721820491,1,1,0.8,0,1,0,0,0,1,0,0,0,1,0,0,0
3760,8,5.0,13450,1,1.18,0,11.134839151266256,123.98464292457183,1,1,1.0,0,1,0,0,0,1,0,0,0,0,0,1,0
